{"type":"FeatureCollection","features":[{"type":"Feature","properties":{"layer":"country","iso":"FRA","name":"France"},"geometry":{"type":"MultiPolygon","coordinates":[[[[2.5218,51.0875],[2.537,51.0646],[2.5471,51.0205],[2.557,51.0012],[2.5927,50.9761],[2.6084,50.9611],[2.6117,50.9412],[2.6058,50.9352],[2.5827,50.9207],[2.5769,50.9115],[2.5967,50.8676],[2.5955,50.8611],[2.5878,50.85],[2.5867,50.8454],[2.5899,50.842],[2.602,50.8381],[2.6066,50.8348],[2.6152,50.8222],[2.6204,50.8165],[2.6278,50.8144],[2.6425,50.8125],[2.6506,50.8122],[2.6692,50.8139],[2.6787,50.8132],[2.6919,50.8088],[2.6969,50.803],[2.7,50.7963],[2.7066,50.7888],[2.7438,50.7662],[2.7495,50.7596],[2.763,50.7394],[2.7682,50.7332],[2.7867,50.7234],[2.8667,50.7001],[2.8713,50.6988],[2.8869,50.6966],[2.9001,50.7031],[2.9302,50.7362],[2.9484,50.7487],[2.9714,50.7578],[3.0238,50.7683],[3.1033,50.7841],[3.1292,50.7791],[3.1462,50.7689],[3.1628,50.7499],[3.1767,50.7341],[3.189,50.7151],[3.1969,50.7092],[3.211,50.708],[3.2244,50.7052],[3.2324,50.6959],[3.2438,50.6721],[3.2298,50.6554],[3.2379,50.6265],[3.2643,50.5702],[3.2659,50.5383],[3.271,50.5269],[3.2868,50.5141],[3.2999,50.5075],[3.3436,50.4929],[3.3611,50.4898],[3.3854,50.4916],[3.4292,50.5018],[3.4427,50.5085],[3.4526,50.5149],[3.4629,50.5191],[3.4771,50.5199],[3.4915,50.5171],[3.498,50.5119],[3.4965,50.5038],[3.4867,50.4927],[3.4991,50.4868],[3.5637,50.4865],[3.5864,50.4835],[3.6083,50.4765],[3.6281,50.4644],[3.6444,50.4455],[3.6528,50.4068],[3.6529,50.3602],[3.6617,50.3193],[3.6969,50.2982],[3.7008,50.3047],[3.7022,50.3053],[3.7039,50.3043],[3.7084,50.3063],[3.7111,50.3093],[3.7155,50.3177],[3.7334,50.3372],[3.7415,50.3431],[3.755,50.3463],[3.7987,50.3485],[3.8402,50.3452],[3.8609,50.3385],[3.878,50.3308],[3.8959,50.3253],[3.9186,50.3255],[3.9821,50.3426],[4.0033,50.3441],[4.0227,50.3381],[4.0559,50.3146],[4.0772,50.3066],[4.0979,50.2948],[4.1253,50.2571],[4.1437,50.2516],[4.151,50.2563],[4.1498,50.2631],[4.1503,50.2695],[4.1628,50.273],[4.1718,50.2709],[4.1852,50.2655],[4.1976,50.2585],[4.2037,50.252],[4.2013,50.2415],[4.1915,50.2343],[4.1679,50.2225],[4.1573,50.2127],[4.1527,50.2045],[4.1474,50.1863],[4.1282,50.1462],[4.1258,50.1282],[4.1399,50.1236],[4.1599,50.1294],[4.1706,50.1305],[4.1806,50.1272],[4.1974,50.0841],[4.2034,50.0747],[4.2103,50.0667],[4.21,50.0602],[4.186,50.0525],[4.1629,50.0418],[4.1446,50.0308],[4.1373,50.0251],[4.1323,50.0176],[4.1282,50.0058],[4.1329,50.0045],[4.1384,49.9892],[4.1396,49.9745],[4.1324,49.9749],[4.1317,49.975],[4.1877,49.9555],[4.2011,49.953],[4.216,49.9544],[4.2776,49.9602],[4.4277,49.9336],[4.4351,49.9323],[4.4648,49.9356],[4.6042,49.9802],[4.6458,49.9845],[4.6567,49.9891],[4.6659,50.0005],[4.6729,50.0164],[4.6806,50.0483],[4.6795,50.0552],[4.6758,50.0602],[4.6734,50.0662],[4.6761,50.0761],[4.6819,50.0839],[4.7886,50.1534],[4.8156,50.1613],[4.8201,50.1464],[4.8314,50.1434],[4.8627,50.1476],[4.8719,50.1398],[4.8705,50.1223],[4.8652,50.1016],[4.8629,50.0841],[4.8521,50.0916],[4.846,50.0907],[4.8272,50.0641],[4.8261,50.055],[4.8276,50.0467],[4.8267,50.036],[4.7883,49.9743],[4.7839,49.9583],[4.7973,49.9443],[4.8446,49.9317],[4.8602,49.9133],[4.862,49.9003],[4.8594,49.8917],[4.8543,49.8833],[4.8489,49.8711],[4.8456,49.8658],[4.8367,49.8591],[4.8349,49.853],[4.8369,49.848],[4.8468,49.8375],[4.8492,49.8316],[4.849,49.7942],[4.858,49.7866],[4.8842,49.7841],[4.9066,49.7865],[4.95,49.7964],[4.9684,49.797],[4.971,49.7971],[4.9891,49.7906],[5.0263,49.7667],[5.0462,49.7594],[5.0819,49.7527],[5.0938,49.7453],[5.1364,49.7053],[5.1512,49.696],[5.1694,49.6872],[5.1925,49.6828],[5.2376,49.691],[5.2592,49.6913],[5.2801,49.6779],[5.2994,49.6625],[5.3064,49.6475],[5.3018,49.6439],[5.2938,49.6405],[5.2907,49.6264],[5.293,49.6172],[5.2979,49.6133],[5.3145,49.6111],[5.3217,49.6126],[5.3269,49.6176],[5.3312,49.6231],[5.3349,49.6258],[5.3411,49.6251],[5.3525,49.6207],[5.3835,49.6133],[5.3912,49.6088],[5.4021,49.6025],[5.4502,49.5458],[5.4544,49.5366],[5.4542,49.5262],[5.451,49.5168],[5.4499,49.5078],[5.4561,49.4989],[5.4777,49.4952],[5.5037,49.5051],[5.5288,49.518],[5.5476,49.5234],[5.5789,49.5139],[5.5875,49.5124],[5.6023,49.5137],[5.6056,49.5178],[5.6079,49.5249],[5.6197,49.5355],[5.6446,49.5438],[5.6672,49.5404],[5.6887,49.5335],[5.7103,49.5311],[5.7227,49.5346],[5.7356,49.5457],[5.7463,49.5494],[5.7571,49.5484],[5.779,49.5396],[5.7907,49.5378],[5.8221,49.5105],[5.8396,49.4999],[5.8647,49.4922],[5.9281,49.4823],[5.947,49.47],[5.9607,49.4413],[5.9781,49.4451],[6.0633,49.4485],[6.078,49.452],[6.0877,49.4616],[6.0998,49.4646],[6.1021,49.47],[6.102,49.4764],[6.1073,49.4825],[6.1144,49.4844],[6.1426,49.4861],[6.1361,49.4953],[6.1936,49.4994],[6.222,49.4974],[6.2494,49.4903],[6.2511,49.4895],[6.2988,49.4662],[6.3253,49.4567],[6.3453,49.4553],[6.3539,49.4548],[6.3645,49.4561],[6.3835,49.4646],[6.3917,49.4667],[6.4027,49.4655],[6.4945,49.4355],[6.5117,49.4247],[6.5179,49.4164],[6.5206,49.4081],[6.5208,49.4026],[6.5188,49.4022],[6.5257,49.3955],[6.5743,49.3618],[6.5777,49.3558],[6.5734,49.3477],[6.5556,49.3472],[6.5501,49.338],[6.5564,49.3264],[6.5732,49.3131],[6.6397,49.2712],[6.6412,49.2669],[6.6392,49.2568],[6.6403,49.2528],[6.6457,49.25],[6.6595,49.2468],[6.6638,49.2439],[6.6716,49.2253],[6.6748,49.2211],[6.676,49.2189],[6.6779,49.2111],[6.6806,49.2075],[6.685,49.2078],[6.6985,49.2136],[6.7025,49.2136],[6.7088,49.1978],[6.7038,49.1851],[6.701,49.1729],[6.7138,49.1589],[6.7256,49.1556],[6.7701,49.1553],[6.8091,49.1458],[6.8218,49.1478],[6.839,49.1628],[6.8352,49.1794],[6.8277,49.1956],[6.8335,49.2095],[6.8435,49.2111],[6.8852,49.2048],[6.9144,49.2067],[6.9254,49.2056],[6.9879,49.1824],[7.0095,49.1817],[7.009,49.1464],[7.0205,49.119],[7.0425,49.1076],[7.0732,49.1203],[7.0748,49.1254],[7.0716,49.1306],[7.0708,49.1361],[7.0799,49.142],[7.0853,49.1415],[7.1236,49.1233],[7.1393,49.1179],[7.155,49.1144],[7.2412,49.1139],[7.2681,49.1056],[7.2744,49.105],[7.2803,49.109],[7.2908,49.1231],[7.2971,49.1281],[7.306,49.1301],[7.3265,49.1318],[7.334,49.1342],[7.3391,49.1397],[7.3463,49.1542],[7.351,49.1592],[7.3676,49.1654],[7.3716,49.1662],[7.3911,49.17],[7.4105,49.1689],[7.4148,49.1578],[7.458,49.1559],[7.4761,49.1515],[7.4827,49.1371],[7.4753,49.1339],[7.4728,49.1316],[7.471,49.1283],[7.4851,49.1187],[7.5077,49.0946],[7.5209,49.0837],[7.5427,49.0746],[7.5864,49.0696],[7.6086,49.062],[7.6159,49.056],[7.6257,49.043],[7.635,49.0378],[7.6449,49.0363],[7.6488,49.0357],[7.6608,49.0377],[7.6725,49.041],[7.6851,49.0428],[7.6962,49.0416],[7.7173,49.0366],[7.7269,49.0357],[7.7391,49.0377],[7.7626,49.0462],[7.7737,49.0481],[7.8569,49.0323],[7.9138,49.0362],[7.9319,49.0348],[8.0904,48.9792],[8.1887,48.9657],[8.2003,48.9586],[8.1999,48.9582],[8.1793,48.9427],[8.1481,48.9037],[8.1027,48.8213],[8.0903,48.8075],[8.0842,48.8041],[8.0475,48.791],[8.0388,48.7908],[8.0366,48.7883],[8.0319,48.7853],[8.0273,48.78],[8.0251,48.7706],[8.023,48.7651],[8.0173,48.7618],[8.0096,48.7601],[7.9815,48.7598],[7.9701,48.7573],[7.9649,48.7483],[7.9636,48.7293],[7.9592,48.7214],[7.9484,48.7119],[7.9352,48.7033],[7.9233,48.6982],[7.8959,48.6765],[7.8806,48.6677],[7.8641,48.6642],[7.8524,48.6587],[7.8103,48.615],[7.8018,48.5824],[7.8017,48.5476],[7.8135,48.5263],[7.8135,48.5195],[7.7884,48.5063],[7.7765,48.4982],[7.7713,48.4891],[7.7692,48.4701],[7.7642,48.4604],[7.7576,48.4539],[7.7507,48.4444],[7.7457,48.433],[7.7383,48.4066],[7.7372,48.3935],[7.7404,48.3814],[7.7469,48.3687],[7.752,48.3553],[7.7507,48.3414],[7.737,48.3267],[7.7186,48.32],[7.7025,48.3112],[7.6955,48.2902],[7.6935,48.2699],[7.6872,48.2529],[7.6766,48.2384],[7.6134,48.1792],[7.6067,48.167],[7.6048,48.1526],[7.5997,48.1447],[7.5929,48.1387],[7.5857,48.1297],[7.5789,48.1145],[7.5726,48.095],[7.5757,48.0537],[7.6189,48.0027],[7.6211,47.9714],[7.6116,47.9594],[7.5849,47.9404],[7.5796,47.9271],[7.5808,47.9108],[7.5789,47.9063],[7.5726,47.8963],[7.5686,47.8914],[7.562,47.8871],[7.559,47.8827],[7.5579,47.8785],[7.5584,47.876],[7.5592,47.8735],[7.559,47.869],[7.5642,47.8504],[7.562,47.8392],[7.5485,47.8342],[7.5429,47.8294],[7.5286,47.797],[7.5259,47.7832],[7.5383,47.7481],[7.5378,47.7318],[7.5319,47.7252],[7.5154,47.7133],[7.5119,47.7073],[7.5147,47.6858],[7.5179,47.675],[7.5218,47.6704],[7.5366,47.6652],[7.5501,47.6524],[7.5726,47.622],[7.5786,47.6169],[7.585,47.6132],[7.5903,47.6079],[7.5925,47.5984],[7.5901,47.5948],[7.586,47.5846],[7.5855,47.5845],[7.5503,47.5755],[7.5263,47.5665],[7.5209,47.5634],[7.4827,47.5423],[7.4851,47.5416],[7.5017,47.533],[7.5052,47.533],[7.5055,47.523],[7.5011,47.5173],[7.4931,47.5155],[7.4827,47.517],[7.4769,47.5149],[7.4756,47.5117],[7.4778,47.5077],[7.4849,47.5009],[7.4858,47.4988],[7.4859,47.4984],[7.4858,47.4958],[7.4845,47.4929],[7.4827,47.4913],[7.4674,47.4819],[7.4545,47.4832],[7.446,47.4869],[7.4415,47.4888],[7.426,47.4925],[7.4143,47.4902],[7.4144,47.484],[7.4195,47.4779],[7.4228,47.4754],[7.4276,47.4707],[7.4293,47.4651],[7.4261,47.4558],[7.4206,47.4509],[7.4063,47.4382],[7.3882,47.4333],[7.3785,47.4306],[7.3369,47.4319],[7.3091,47.4327],[7.2826,47.4289],[7.2448,47.4177],[7.2381,47.4168],[7.2303,47.419],[7.2263,47.4226],[7.2235,47.4262],[7.2194,47.4285],[7.19,47.4347],[7.1683,47.4436],[7.1626,47.4599],[7.1808,47.4883],[7.1537,47.4864],[7.1422,47.4877],[7.1403,47.4879],[7.1273,47.4929],[7.1037,47.4963],[7.0539,47.4904],[7.028,47.4929],[7.0189,47.4977],[7.0098,47.4992],[7.0008,47.4977],[6.9919,47.4929],[6.9733,47.4891],[6.9758,47.478],[6.9861,47.4641],[6.991,47.4522],[6.9834,47.4438],[6.9685,47.4352],[6.9523,47.4288],[6.9261,47.4249],[6.9245,47.406],[6.8988,47.3957],[6.884,47.3826],[6.8716,47.367],[6.8666,47.3542],[6.9856,47.3621],[7.004,47.3681],[7.0189,47.3599],[7.0339,47.3507],[7.0443,47.3405],[7.0366,47.3295],[7.0271,47.3254],[7.0169,47.3235],[7.0065,47.3194],[6.9919,47.306],[6.9865,47.3045],[6.9774,47.3037],[6.9586,47.2906],[6.9522,47.27],[6.9562,47.2452],[6.8883,47.2113],[6.8593,47.1909],[6.8403,47.1695],[6.8381,47.1681],[6.7748,47.1282],[6.7448,47.1211],[6.746,47.1039],[6.7317,47.0989],[6.7279,47.0971],[6.7242,47.0908],[6.6991,47.0846],[6.6897,47.0783],[6.6763,47.0624],[6.6883,47.0438],[6.6654,47.0213],[6.5987,46.9865],[6.4911,46.9634],[6.4426,46.9442],[6.4278,46.9091],[6.4319,46.9],[6.4452,46.8826],[6.4484,46.8716],[6.4468,46.8577],[6.4431,46.8515],[6.4412,46.8481],[6.4343,46.8395],[6.4186,46.807],[6.4171,46.8022],[6.4199,46.7965],[6.4252,46.7916],[6.4326,46.786],[6.433,46.7691],[6.4292,46.7608],[6.4179,46.7511],[6.4074,46.7457],[6.3742,46.7336],[6.3479,46.7132],[6.3379,46.7074],[6.2663,46.6804],[6.1319,46.5956],[6.1184,46.5835],[6.1215,46.5703],[6.1457,46.5516],[6.1104,46.5208],[6.0755,46.4796],[6.0642,46.4711],[6.0602,46.465],[6.0602,46.4599],[6.0624,46.4552],[6.0648,46.4511],[6.0655,46.448],[6.0655,46.4404],[6.0676,46.4336],[6.0657,46.427],[6.0542,46.4194],[6.059,46.4174],[6.1082,46.3965],[6.1229,46.3855],[6.1351,46.3704],[6.1364,46.3593],[6.1186,46.3318],[6.1041,46.3092],[6.1007,46.3014],[6.0936,46.2731],[6.0931,46.2623],[6.094,46.253],[6.0897,46.2464],[6.0677,46.2416],[6.0619,46.2412],[6.0559,46.2417],[6.048,46.2434],[6.0462,46.2435],[6.0445,46.2434],[6.0429,46.2431],[5.9829,46.2227],[5.9585,46.212],[5.9548,46.1999],[5.9652,46.1862],[5.9829,46.1708],[5.9798,46.1622],[5.9722,46.1522],[5.9588,46.1305],[5.9829,46.1404],[6.0283,46.1479],[6.0739,46.1492],[6.1079,46.1386],[6.1403,46.1502],[6.1914,46.1917],[6.2554,46.2211],[6.2812,46.2401],[6.276,46.2631],[6.269,46.2652],[6.2523,46.2599],[6.2418,46.2637],[6.2376,46.2679],[6.228,46.2845],[6.2275,46.2885],[6.2183,46.3055],[6.2141,46.3155],[6.2195,46.3291],[6.2406,46.349],[6.2691,46.375],[6.3016,46.3945],[6.3324,46.4014],[6.3652,46.4024],[6.3977,46.4082],[6.4829,46.4486],[6.547,46.4574],[6.6137,46.4559],[6.7627,46.4293],[6.7777,46.4241],[6.7871,46.4142],[6.7881,46.405],[6.7892,46.3952],[6.7821,46.3785],[6.7557,46.3571],[6.7504,46.3455],[6.7695,46.3227],[6.8049,46.2966],[6.8277,46.2695],[6.7922,46.2217],[6.7749,46.1859],[6.7657,46.1516],[6.7743,46.1348],[6.8539,46.1226],[6.8692,46.1123],[6.8682,46.1047],[6.8612,46.097],[6.8531,46.0902],[6.8486,46.085],[6.8513,46.086],[6.8531,46.0761],[6.8534,46.0657],[6.852,46.0647],[6.8524,46.0569],[6.8503,46.0527],[6.8509,46.0496],[6.8597,46.045],[6.8692,46.0441],[6.8769,46.0481],[6.884,46.0532],[6.8924,46.0556],[6.9151,46.0486],[6.9828,45.9954],[6.9877,45.9931],[6.9913,45.9825],[7.0028,45.9617],[7.0098,45.9434],[7.0152,45.9333],[7.0221,45.9253],[7.0077,45.9205],[6.9972,45.9113],[6.9891,45.8993],[6.9828,45.8858],[6.9692,45.8698],[6.949,45.8578],[6.9264,45.8498],[6.9051,45.8454],[6.8804,45.8455],[6.8735,45.8448],[6.8727,45.8397],[6.8717,45.8328],[6.8707,45.8283],[6.8644,45.8269],[6.8586,45.8335],[6.852,45.8362],[6.8434,45.8386],[6.8162,45.8329],[6.8008,45.8265],[6.7881,45.8117],[6.7827,45.7953],[6.782,45.7775],[6.7847,45.7596],[6.7959,45.7181],[6.8161,45.6968],[6.8431,45.6827],[6.8692,45.679],[6.8826,45.6755],[6.9053,45.6597],[6.9186,45.6526],[6.9511,45.6468],[6.9634,45.6407],[6.9695,45.6258],[6.9671,45.6202],[6.9556,45.6026],[6.9529,45.5943],[6.9549,45.5862],[6.9659,45.5744],[6.9698,45.567],[6.9753,45.5256],[6.9828,45.5111],[7.0285,45.4931],[7.072,45.47],[7.0754,45.4663],[7.0818,45.4591],[7.0887,45.4466],[7.0968,45.4354],[7.1101,45.4283],[7.1529,45.4151],[7.1607,45.4109],[7.1596,45.3985],[7.1508,45.3832],[7.1301,45.3571],[7.0977,45.3298],[7.0926,45.324],[7.0976,45.295],[7.1084,45.2749],[7.1084,45.2592],[7.0812,45.2431],[7.0622,45.2185],[7.0555,45.2137],[7.0502,45.215],[7.0377,45.2258],[7.0297,45.2282],[6.9945,45.2213],[6.9587,45.2098],[6.9458,45.2011],[6.9284,45.1796],[6.9138,45.1702],[6.9047,45.1686],[6.8813,45.1684],[6.8735,45.1659],[6.8682,45.1575],[6.8728,45.152],[6.8786,45.1474],[6.8767,45.1412],[6.8441,45.1301],[6.8081,45.1391],[6.7715,45.1532],[6.7364,45.1573],[6.7289,45.1546],[6.7109,45.1447],[6.7022,45.1412],[6.6944,45.1403],[6.6763,45.1408],[6.6674,45.1396],[6.6327,45.1255],[6.6294,45.1235],[6.6146,45.1148],[6.6027,45.1035],[6.6203,45.0844],[6.6366,45.0745],[6.6381,45.0674],[6.637,45.0594],[6.6397,45.0504],[6.6517,45.0356],[6.6622,45.0292],[6.6972,45.0269],[6.7235,45.0134],[6.7299,44.9847],[6.7279,44.9287],[6.7454,44.9078],[6.7782,44.8876],[6.8471,44.8591],[6.866,44.8557],[6.9153,44.8627],[6.9327,44.8617],[6.9828,44.847],[7.0008,44.833],[7.0049,44.828],[7.0071,44.8221],[7.0068,44.819],[7.0059,44.8163],[7.006,44.8115],[7.0041,44.8108],[6.9991,44.795],[6.9984,44.7938],[7.0098,44.7721],[7.0152,44.7474],[7.019,44.7389],[7.0494,44.6979],[7.0552,44.6849],[7.0373,44.6846],[7.0012,44.6923],[6.9828,44.6922],[6.9599,44.6832],[6.9415,44.667],[6.9343,44.6467],[6.9456,44.6254],[6.9316,44.618],[6.8973,44.5754],[6.8464,44.5475],[6.8357,44.534],[6.8388,44.5029],[6.8613,44.4749],[6.8917,44.452],[6.9178,44.4363],[6.8842,44.423],[6.8772,44.4144],[6.8688,44.3832],[6.8663,44.3772],[6.8661,44.3721],[6.8698,44.3629],[6.874,44.3584],[6.896,44.3398],[6.9038,44.33],[6.9156,44.3097],[6.9212,44.3022],[6.9302,44.2954],[6.95,44.2851],[6.9592,44.2773],[6.9655,44.2675],[6.9689,44.2582],[6.9734,44.2494],[6.9828,44.2417],[6.9961,44.2378],[7.008,44.2392],[7.02,44.2421],[7.0335,44.2429],[7.0461,44.2403],[7.1049,44.2178],[7.145,44.2072],[7.2513,44.16],[7.2701,44.1543],[7.2962,44.1512],[7.3093,44.1475],[7.3162,44.1402],[7.3216,44.1319],[7.331,44.1253],[7.3406,44.1237],[7.3808,44.1229],[7.5548,44.1591],[7.5836,44.1607],[7.6247,44.1801],[7.6556,44.1761],[7.6419,44.1436],[7.6541,44.125],[7.6762,44.109],[7.6879,44.0908],[7.6919,44.0846],[7.6899,44.0673],[7.6788,44.0566],[7.6643,44.0486],[7.6534,44.0397],[7.647,44.0275],[7.6387,44.0051],[7.6309,43.9935],[7.6086,43.9756],[7.5569,43.9441],[7.5368,43.9208],[7.4935,43.8862],[7.4779,43.8655],[7.4827,43.8402],[7.5023,43.7922],[7.4891,43.7855],[7.4849,43.7854],[7.4807,43.7858],[7.4764,43.7845],[7.4758,43.7808],[7.4773,43.7681],[7.4764,43.7646],[7.4684,43.7617],[7.4627,43.7621],[7.4543,43.7571],[7.446,43.7498],[7.4375,43.7434],[7.4262,43.7555],[7.407,43.7635],[7.3875,43.7579],[7.3727,43.7458],[7.3673,43.7341],[7.3658,43.7227],[7.3532,43.7157],[7.3423,43.7078],[7.3381,43.6983],[7.3305,43.6864],[7.319,43.6853],[7.3009,43.6877],[7.2803,43.6933],[7.2573,43.6916],[7.2417,43.6849],[7.2285,43.6742],[7.2318,43.6635],[7.2138,43.6487],[7.2038,43.6444],[7.1967,43.6569],[7.1777,43.6601],[7.1646,43.6561],[7.1516,43.6548],[7.1442,43.6455],[7.1366,43.6412],[7.1331,43.6339],[7.1262,43.6058],[7.1321,43.5788],[7.1326,43.5736],[7.1362,43.5625],[7.1389,43.554],[7.1255,43.5478],[7.1129,43.5645],[7.1043,43.5683],[7.0884,43.5687],[7.0711,43.5608],[7.0581,43.5499],[7.0451,43.5421],[7.0372,43.5363],[7.0306,43.5479],[7.0145,43.5471],[6.9938,43.5489],[6.9756,43.5469],[6.9621,43.5401],[6.9452,43.5273],[6.9409,43.5125],[6.9496,43.5079],[6.949,43.5074],[6.9538,43.5046],[6.9543,43.5001],[6.9251,43.4728],[6.9204,43.449],[6.8982,43.438],[6.894,43.4276],[6.8711,43.4261],[6.8697,43.4321],[6.8666,43.4355],[6.863,43.4394],[6.858,43.4362],[6.8561,43.4287],[6.8601,43.4159],[6.8467,43.4126],[6.8348,43.4158],[6.8188,43.4161],[6.7831,43.4086],[6.773,43.4185],[6.7571,43.4227],[6.7465,43.4179],[6.7311,43.4078],[6.7328,43.3821],[6.7178,43.3669],[6.7178,43.3506],[6.6939,43.3484],[6.6746,43.3464],[6.666,43.3332],[6.6613,43.3223],[6.652,43.3149],[6.6246,43.2959],[6.5972,43.284],[6.5909,43.2689],[6.6117,43.2643],[6.6724,43.2762],[6.6934,43.273],[6.698,43.2655],[6.6854,43.248],[6.6684,43.2395],[6.6654,43.2213],[6.672,43.2136],[6.6798,43.2016],[6.6604,43.1904],[6.6404,43.1818],[6.6292,43.1799],[6.6099,43.1734],[6.5995,43.175],[6.5955,43.1799],[6.5933,43.1877],[6.5813,43.1844],[6.5637,43.1844],[6.5399,43.1822],[6.5364,43.1725],[6.5267,43.1606],[6.5057,43.151],[6.4792,43.1561],[6.4513,43.1527],[6.422,43.1523],[6.4017,43.1469],[6.3785,43.1361],[6.3661,43.1186],[6.3699,43.1055],[6.3754,43.0908],[6.3423,43.0908],[6.3289,43.0999],[6.3257,43.1042],[6.3062,43.1094],[6.2804,43.1187],[6.2535,43.1209],[6.2197,43.1165],[6.1932,43.1088],[6.1787,43.1029],[6.1629,43.0926],[6.1532,43.072],[6.1528,43.0481],[6.1713,43.0423],[6.1854,43.0454],[6.1801,43.0359],[6.1545,43.0338],[6.0977,43.0313],[6.0885,43.0348],[6.103,43.0408],[6.1193,43.0451],[6.1321,43.0526],[6.1291,43.0714],[6.1097,43.0843],[6.0919,43.0829],[6.0445,43.0782],[6.027,43.0782],[6.0165,43.0989],[5.9917,43.1023],[5.9587,43.1022],[5.9341,43.1136],[5.9365,43.1195],[5.9382,43.1291],[5.9409,43.134],[5.9245,43.1343],[5.9085,43.1313],[5.8794,43.1204],[5.8963,43.1154],[5.9106,43.0932],[5.9273,43.0876],[5.9514,43.08],[5.9403,43.0709],[5.9172,43.0727],[5.888,43.0722],[5.8753,43.0688],[5.8566,43.0448],[5.819,43.0535],[5.7902,43.0699],[5.7819,43.0791],[5.8029,43.0889],[5.8181,43.0991],[5.8115,43.1067],[5.8006,43.1118],[5.7834,43.1146],[5.7808,43.1233],[5.7761,43.1308],[5.7606,43.132],[5.741,43.1321],[5.6963,43.1469],[5.6877,43.1688],[5.6739,43.1799],[5.6552,43.1856],[5.6342,43.1872],[5.6229,43.1767],[5.6124,43.1604],[5.5883,43.168],[5.5727,43.1691],[5.559,43.1816],[5.5472,43.1939],[5.5378,43.2074],[5.525,43.2126],[5.5143,43.2077],[5.5042,43.2057],[5.4598,43.2085],[5.4398,43.2076],[5.4095,43.2113],[5.3953,43.2123],[5.3703,43.2079],[5.347,43.2159],[5.3506,43.2336],[5.3538,43.2438],[5.3609,43.254],[5.3692,43.2704],[5.3573,43.2803],[5.356,43.2921],[5.3518,43.2979],[5.3389,43.3343],[5.2942,43.3555],[5.2383,43.328],[5.1632,43.3293],[5.1252,43.3258],[5.0648,43.328],[5.034,43.3355],[5.0139,43.3579],[5.0056,43.3816],[5.0261,43.4093],[5.0571,43.4221],[5.1462,43.4221],[5.1738,43.4283],[5.1929,43.4395],[5.2136,43.4578],[5.2263,43.4803],[5.2228,43.504],[5.1936,43.4899],[5.1655,43.4825],[5.14,43.4858],[5.1184,43.504],[5.1115,43.5194],[5.1109,43.5279],[5.1057,43.533],[5.085,43.5382],[5.0774,43.5389],[5.0537,43.5382],[5.0496,43.5414],[5.0353,43.5557],[5.0291,43.5586],[5.0223,43.5522],[5.0159,43.5388],[5.011,43.5251],[5.0093,43.5176],[5.0147,43.4987],[5.0237,43.4905],[5.0358,43.4856],[5.0503,43.4767],[5.0623,43.4516],[5.0511,43.4293],[5.0276,43.417],[4.9985,43.4147],[4.9831,43.4171],[4.9285,43.4401],[4.9032,43.4316],[4.8926,43.4254],[4.8682,43.4215],[4.8584,43.4152],[4.8503,43.4014],[4.855,43.3962],[4.8649,43.3779],[4.8675,43.3651],[4.901,43.367],[4.8772,43.3508],[4.8558,43.3418],[4.8508,43.3589],[4.8333,43.382],[4.7918,43.3991],[4.7578,43.4223],[4.7424,43.4487],[4.745,43.5074],[4.7424,43.5245],[4.7362,43.5395],[4.7258,43.5568],[4.7119,43.5715],[4.6946,43.5791],[4.6946,43.5729],[4.7244,43.5384],[4.7288,43.5279],[4.7288,43.4562],[4.7425,43.4226],[4.7697,43.4019],[4.8001,43.3861],[4.823,43.3672],[4.8203,43.3464],[4.7912,43.3452],[4.6659,43.3475],[4.5923,43.3599],[4.5663,43.3711],[4.5655,43.3879],[4.5857,43.4042],[4.588,43.4169],[4.5796,43.4301],[4.5552,43.4433],[4.513,43.4558],[4.4094,43.4477],[4.2059,43.4599],[4.1817,43.4638],[4.1603,43.4715],[4.1328,43.487],[4.1172,43.5105],[4.1328,43.5328],[4.1312,43.5362],[4.1053,43.5519],[4.0475,43.5561],[3.9909,43.5508],[3.953,43.5399],[3.9393,43.5325],[3.7399,43.4128],[3.6222,43.3749],[3.5897,43.3549],[3.5134,43.2811],[3.4924,43.2743],[3.4524,43.2888],[3.4284,43.2855],[3.3854,43.2839],[3.3177,43.2631],[3.2443,43.2194],[3.2275,43.2043],[3.221,43.1952],[3.2073,43.1866],[3.1959,43.1767],[3.1787,43.1652],[3.1659,43.1524],[3.1545,43.1353],[3.136,43.121],[3.114,43.1063],[3.1042,43.0878],[3.096,43.0726],[3.086,43.054],[3.0704,43.0269],[3.0632,43.0084],[3.0561,42.9927],[3.0462,42.9642],[3.039,42.9428],[3.0418,42.9328],[3.0547,42.9271],[3.0561,42.9071],[3.0475,42.8472],[3.0405,42.7902],[3.039,42.7503],[3.0433,42.7246],[3.0376,42.6832],[3.0418,42.6291],[3.0462,42.5877],[3.0518,42.5549],[3.0661,42.5421],[3.0875,42.5349],[3.1146,42.5306],[3.1374,42.5249],[3.1459,42.515],[3.1459,42.5035],[3.1431,42.4921],[3.1502,42.4822],[3.1602,42.475],[3.1759,42.4565],[3.1816,42.4351],[3.181,42.4315],[3.1378,42.4259],[3.1117,42.425],[3.0861,42.4272],[3.0656,42.432],[3.0536,42.4376],[3.0439,42.4453],[3.036,42.4546],[3.0296,42.4657],[3.023,42.467],[2.9937,42.4676],[2.9831,42.4693],[2.9661,42.461],[2.9337,42.4702],[2.9008,42.4513],[2.8841,42.4492],[2.8669,42.4496],[2.8508,42.4484],[2.8348,42.4413],[2.8046,42.4196],[2.7886,42.412],[2.7677,42.4096],[2.7285,42.414],[2.7081,42.4129],[2.6904,42.4062],[2.6482,42.3815],[2.6403,42.3728],[2.6494,42.3537],[2.6618,42.3434],[2.6622,42.339],[2.6354,42.3379],[2.6134,42.341],[2.5674,42.3526],[2.5481,42.3522],[2.5403,42.347],[2.532,42.3308],[2.5253,42.3259],[2.5148,42.3257],[2.5036,42.3285],[2.4834,42.337],[2.4649,42.3406],[2.4456,42.352],[2.4299,42.3675],[2.4225,42.3837],[2.4066,42.3843],[2.3755,42.3893],[2.3173,42.4096],[2.3053,42.417],[2.2774,42.4286],[2.246,42.4261],[2.1842,42.4118],[2.137,42.4162],[2.121,42.4106],[2.1163,42.4054],[2.1087,42.3906],[2.104,42.3848],[2.0801,42.3713],[2.0633,42.3579],[2.0517,42.3524],[2.0353,42.3493],[2.0092,42.3471],[1.9957,42.3487],[1.9834,42.3545],[1.9637,42.3672],[1.9542,42.3827],[1.9411,42.4201],[1.9275,42.4369],[1.912,42.442],[1.8932,42.4427],[1.8698,42.4468],[1.8137,42.4752],[1.7927,42.4817],[1.7306,42.4881],[1.7122,42.4937],[1.7127,42.4968],[1.712,42.4993],[1.71,42.5013],[1.707,42.5028],[1.7106,42.5277],[1.7217,42.5485],[1.74,42.5616],[1.7651,42.5634],[1.7611,42.5676],[1.7527,42.5767],[1.7294,42.582],[1.7133,42.5895],[1.722,42.6099],[1.6083,42.6181],[1.5973,42.6219],[1.5431,42.6494],[1.5278,42.6485],[1.4984,42.6402],[1.4668,42.6415],[1.4514,42.6021],[1.4293,42.5954],[1.4148,42.6093],[1.398,42.6436],[1.3788,42.6632],[1.3611,42.6867],[1.3527,42.6901],[1.3433,42.6904],[1.3382,42.6944],[1.3426,42.7087],[1.3191,42.7134],[1.1959,42.7136],[1.1625,42.7057],[1.1515,42.7067],[1.1343,42.716],[1.1241,42.7297],[1.1166,42.7452],[1.1067,42.7596],[1.0891,42.7713],[1.0682,42.7761],[0.9829,42.7804],[0.9753,42.7837],[0.9587,42.7937],[0.9503,42.7961],[0.94,42.7937],[0.9306,42.788],[0.9211,42.7844],[0.9104,42.7877],[0.8944,42.7993],[0.8858,42.8042],[0.8561,42.8128],[0.8129,42.8316],[0.7957,42.8338],[0.7763,42.8325],[0.7588,42.8353],[0.7243,42.8453],[0.7068,42.8466],[0.6794,42.8451],[0.6563,42.8384],[0.6516,42.8241],[0.6537,42.8027],[0.6397,42.7747],[0.6507,42.7634],[0.6433,42.7591],[0.6396,42.7548],[0.6335,42.7448],[0.6476,42.741],[0.6596,42.7299],[0.6664,42.7148],[0.6654,42.6987],[0.6634,42.6962],[0.6567,42.688],[0.6436,42.6845],[0.6082,42.688],[0.4835,42.6853],[0.4669,42.6904],[0.4288,42.683],[0.4093,42.6823],[0.3893,42.6851],[0.3844,42.6886],[0.3837,42.6927],[0.384,42.6969],[0.3818,42.7001],[0.3542,42.7175],[0.336,42.7127],[0.3183,42.6995],[0.2902,42.6703],[0.2754,42.6687],[0.2598,42.6824],[0.2384,42.7104],[0.2224,42.7162],[0.1692,42.7265],[0.1529,42.7246],[0.1342,42.7152],[0.0728,42.7085],[-0.0043,42.6875],[-0.0389,42.6851],[-0.0784,42.6967],[-0.0842,42.7011],[-0.0889,42.7061],[-0.0958,42.7107],[-0.1085,42.7134],[-0.119,42.7169],[-0.1218,42.7233],[-0.1231,42.7304],[-0.1292,42.7359],[-0.1457,42.7459],[-0.1578,42.7607],[-0.1636,42.778],[-0.1614,42.7953],[-0.1794,42.7897],[-0.2084,42.7839],[-0.2351,42.7862],[-0.247,42.8048],[-0.3051,42.8308],[-0.3074,42.8318],[-0.3228,42.8425],[-0.3282,42.8326],[-0.3352,42.825],[-0.343,42.8227],[-0.3517,42.8292],[-0.3997,42.8013],[-0.4239,42.7907],[-0.4545,42.7889],[-0.5084,42.8075],[-0.5339,42.808],[-0.5356,42.7842],[-0.5444,42.782],[-0.5612,42.7735],[-0.569,42.7726],[-0.5787,42.7773],[-0.5785,42.7833],[-0.5771,42.7898],[-0.5829,42.7958],[-0.5873,42.7968],[-0.6036,42.7968],[-0.6102,42.7991],[-0.61,42.8028],[-0.608,42.8072],[-0.6095,42.8114],[-0.6483,42.8498],[-0.6661,42.8607],[-0.7004,42.8764],[-0.7105,42.8777],[-0.7203,42.8766],[-0.7301,42.8775],[-0.7403,42.8848],[-0.7459,42.8939],[-0.7448,42.8993],[-0.7414,42.9039],[-0.7409,42.9109],[-0.745,42.9187],[-0.7597,42.9465],[-0.7864,42.9533],[-0.8635,42.9431],[-0.9432,42.9479],[-0.9815,42.957],[-1.0163,42.9762],[-1.0285,42.9867],[-1.0451,42.9902],[-1.0797,42.9934],[-1.0872,42.998],[-1.1037,43.0057],[-1.1124,43.0083],[-1.1499,43.0057],[-1.1825,43.0253],[-1.2169,43.0393],[-1.2749,43.0468],[-1.2937,43.0552],[-1.3106,43.0695],[-1.3151,43.0829],[-1.307,43.096],[-1.286,43.1092],[-1.3086,43.1136],[-1.3311,43.1073],[-1.3483,43.0931],[-1.3552,43.073],[-1.3576,43.0468],[-1.3661,43.0333],[-1.3831,43.0292],[-1.4105,43.0309],[-1.435,43.0357],[-1.4571,43.0451],[-1.4753,43.0601],[-1.4878,43.0818],[-1.4796,43.0903],[-1.4384,43.1228],[-1.4258,43.1353],[-1.4105,43.1669],[-1.3997,43.2067],[-1.4035,43.2433],[-1.4322,43.265],[-1.4442,43.2651],[-1.4553,43.2622],[-1.4664,43.2608],[-1.5081,43.2768],[-1.5392,43.2836],[-1.559,43.2841],[-1.574,43.2774],[-1.5819,43.2604],[-1.5876,43.2516],[-1.5985,43.247],[-1.6111,43.2458],[-1.6219,43.247],[-1.6341,43.2511],[-1.639,43.2557],[-1.6463,43.2728],[-1.648,43.2815],[-1.6452,43.2876],[-1.645,43.2924],[-1.6549,43.2975],[-1.6739,43.3042],[-1.683,43.3049],[-1.7033,43.2986],[-1.7248,43.2965],[-1.7366,43.2923],[-1.7474,43.291],[-1.7497,43.2948],[-1.7524,43.2991],[-1.7558,43.3185],[-1.7682,43.3309],[-1.7969,43.3411],[-1.7972,43.3533],[-1.7964,43.3744],[-1.7941,43.386],[-1.7914,43.3846],[-1.7908,43.3843],[-1.7755,43.3762],[-1.768,43.3836],[-1.7496,43.3892],[-1.661,43.3997],[-1.6378,43.4238],[-1.6155,43.4326],[-1.5967,43.4425],[-1.588,43.4512],[-1.5664,43.4822],[-1.5621,43.4934],[-1.5533,43.5014],[-1.514,43.5386],[-1.5063,43.5501],[-1.4769,43.5801],[-1.47,43.6115],[-1.446,43.6684],[-1.4049,43.8323],[-1.3812,43.8896],[-1.3461,44.0192],[-1.2816,44.3022],[-1.2541,44.4425],[-1.2473,44.5045],[-1.2497,44.5192],[-1.2583,44.5476],[-1.2572,44.5561],[-1.2308,44.5836],[-1.2269,44.5899],[-1.2242,44.602],[-1.2063,44.6479],[-1.1865,44.6655],[-1.1614,44.6662],[-1.1002,44.6553],[-1.065,44.6591],[-1.0447,44.6694],[-1.0444,44.6846],[-1.0692,44.7032],[-1.0555,44.7032],[-1.0653,44.7175],[-1.1409,44.7681],[-1.1517,44.7714],[-1.1564,44.7734],[-1.1606,44.7765],[-1.1654,44.7787],[-1.1722,44.7783],[-1.1765,44.7752],[-1.1785,44.7709],[-1.1798,44.7669],[-1.1821,44.7652],[-1.1886,44.7558],[-1.2336,44.7069],[-1.2449,44.6627],[-1.2538,44.6387],[-1.2604,44.6274],[-1.1995,45.1208],[-1.1579,45.2791],[-1.14,45.4901],[-1.1337,45.5048],[-1.0996,45.5535],[-1.0853,45.569],[-1.0692,45.5733],[-1.0586,45.5696],[-1.0562,45.5651],[-1.0568,45.5576],[-1.0574,45.5463],[-1.0602,45.543],[-1.0623,45.5377],[-1.0623,45.5324],[-1.0592,45.527],[-1.0487,45.515],[-1.0399,45.5073],[-0.973,45.4705],[-0.9308,45.4538],[-0.9153,45.4504],[-0.7942,45.3554],[-0.7662,45.3261],[-0.7545,45.2959],[-0.7519,45.2759],[-0.7387,45.2387],[-0.72,45.1459],[-0.716,45.1345],[-0.6822,45.0765],[-0.6482,45.0449],[-0.6099,45.0185],[-0.5778,45.0051],[-0.569,44.998],[-0.5607,44.9854],[-0.5592,44.9761],[-0.5621,44.9601],[-0.5609,44.9393],[-0.5565,44.9185],[-0.5482,44.9023],[-0.5347,44.895],[-0.5386,44.9088],[-0.5424,44.9372],[-0.5485,44.9495],[-0.539,44.9765],[-0.5504,44.9982],[-0.5726,45.0143],[-0.5962,45.0246],[-0.5653,45.0236],[-0.5394,45.0195],[-0.5164,45.0114],[-0.4938,44.998],[-0.519,45.0294],[-0.5587,45.0434],[-0.6022,45.0535],[-0.6378,45.0731],[-0.656,45.0991],[-0.6687,45.1308],[-0.7067,45.3224],[-0.7197,45.3611],[-0.753,45.4241],[-0.7731,45.4521],[-0.7955,45.4771],[-0.8418,45.5146],[-0.9835,45.587],[-0.9869,45.5913],[-0.9909,45.6101],[-0.9972,45.6143],[-1.0303,45.6229],[-1.0838,45.6604],[-1.1139,45.6689],[-1.1328,45.6717],[-1.1493,45.6789],[-1.1634,45.689],[-1.1756,45.7003],[-1.1942,45.7102],[-1.2294,45.7048],[-1.2473,45.7099],[-1.2301,45.7796],[-1.2303,45.7924],[-1.1638,45.8067],[-1.1443,45.8061],[-1.0806,45.7534],[-1.0692,45.7481],[-1.0572,45.7402],[-0.9872,45.7174],[-1.0096,45.7352],[-1.0995,45.786],[-1.1254,45.8077],[-1.1307,45.8167],[-1.1322,45.8283],[-1.1366,45.8432],[-1.1432,45.8577],[-1.1517,45.8681],[-1.1406,45.8723],[-1.1337,45.8782],[-1.1285,45.8842],[-1.1238,45.8887],[-1.1125,45.8957],[-1.097,45.9023],[-1.0878,45.9032],[-1.0797,45.902],[-1.0734,45.9044],[-1.0692,45.916],[-1.0704,45.9263],[-1.0763,45.9367],[-1.0835,45.9454],[-1.0898,45.9508],[-1.0842,45.9539],[-1.0742,45.9616],[-1.0692,45.9643],[-1.0856,45.972],[-1.0966,45.9854],[-1.1107,46.0184],[-1.0898,46.0082],[-1.073,46.0075],[-1.0597,46.0158],[-1.0487,46.0327],[-1.0487,46.0388],[-1.0529,46.0433],[-1.0586,46.0479],[-1.0652,46.0516],[-1.0842,46.0565],[-1.0878,46.0647],[-1.0887,46.0748],[-1.096,46.0884],[-1.0957,46.0977],[-1.097,46.1015],[-1.1007,46.1031],[-1.1136,46.1061],[-1.117,46.1078],[-1.123,46.1125],[-1.129,46.1158],[-1.1289,46.1201],[-1.117,46.1282],[-1.1404,46.1406],[-1.148,46.1419],[-1.1521,46.1439],[-1.1518,46.1484],[-1.1505,46.1533],[-1.1517,46.1562],[-1.1571,46.157],[-1.1722,46.1562],[-1.1826,46.1584],[-1.1916,46.1579],[-1.2002,46.1591],[-1.2097,46.1662],[-1.2108,46.1745],[-1.2044,46.1843],[-1.1945,46.1928],[-1.1852,46.1972],[-1.1905,46.2163],[-1.1796,46.2295],[-1.1107,46.2592],[-1.1027,46.272],[-1.1035,46.28],[-1.108,46.2885],[-1.1107,46.3027],[-1.1325,46.3241],[-1.1772,46.3262],[-1.2143,46.3107],[-1.2132,46.2791],[-1.2401,46.2842],[-1.2592,46.3004],[-1.2774,46.3195],[-1.2934,46.3227],[-1.3035,46.3239],[-1.3342,46.3367],[-1.3568,46.3503],[-1.3702,46.3542],[-1.4233,46.3425],[-1.4487,46.3434],[-1.4596,46.3647],[-1.4655,46.39],[-1.4814,46.4082],[-1.5045,46.4193],[-1.5319,46.4231],[-1.5988,46.425],[-1.6256,46.4311],[-1.6172,46.4435],[-1.6335,46.4543],[-1.6868,46.4609],[-1.7203,46.4813],[-1.7486,46.4866],[-1.7611,46.492],[-1.7684,46.5002],[-1.7797,46.5221],[-1.7892,46.5329],[-1.7889,46.5205],[-1.7831,46.5041],[-1.7817,46.4954],[-1.786,46.491],[-1.7954,46.4945],[-1.8048,46.5036],[-1.8271,46.577],[-1.8227,46.5944],[-1.8387,46.5991],[-1.8466,46.6103],[-1.8512,46.6237],[-1.8574,46.6353],[-1.8724,46.6474],[-1.8878,46.6566],[-1.8998,46.6662],[-1.9099,46.6918],[-1.9232,46.6992],[-1.94,46.7031],[-1.9565,46.7043],[-1.965,46.7104],[-1.9946,46.752],[-2.0503,46.7921],[-2.0813,46.8074],[-2.1072,46.8135],[-2.1188,46.82],[-2.1261,46.8356],[-2.13,46.8547],[-2.1313,46.8718],[-2.1288,46.8935],[-2.122,46.9037],[-2.0963,46.9165],[-2.1022,46.9306],[-2.0875,46.9412],[-2.0492,46.9575],[-2.037,46.9726],[-2.0202,47.0086],[-2.0083,47.0264],[-1.9907,47.0354],[-1.9926,47.0523],[-2.0038,47.07],[-2.0146,47.0816],[-2.03,47.0921],[-2.0902,47.1152],[-2.2055,47.1291],[-2.2411,47.1425],[-2.2279,47.1486],[-2.217,47.1555],[-2.2054,47.1612],[-2.1728,47.1644],[-2.1652,47.1679],[-2.1621,47.176],[-2.1591,47.1909],[-2.1587,47.2045],[-2.1693,47.2202],[-2.1721,47.2353],[-2.1709,47.2463],[-2.167,47.2592],[-2.1606,47.2712],[-2.1517,47.2797],[-2.1277,47.2868],[-2.0356,47.2933],[-2.0287,47.2969],[-2.022,47.2993],[-2.0146,47.3001],[-2.0066,47.2933],[-1.9991,47.2886],[-1.9479,47.2794],[-1.9325,47.2797],[-1.9394,47.2864],[-1.9278,47.2863],[-1.9171,47.2842],[-1.9073,47.2799],[-1.8984,47.2734],[-1.9189,47.2734],[-1.9189,47.266],[-1.8778,47.2455],[-1.8363,47.2399],[-1.8261,47.2353],[-1.8039,47.219],[-1.781,47.212],[-1.727,47.2108],[-1.7472,47.2199],[-1.7882,47.2256],[-1.8057,47.2353],[-1.8359,47.2598],[-1.8712,47.2797],[-1.9056,47.2939],[-1.9257,47.2985],[-1.9493,47.3001],[-1.9582,47.3024],[-1.9722,47.3122],[-2.0101,47.3197],[-2.1481,47.3132],[-2.1796,47.3001],[-2.1866,47.2927],[-2.1906,47.2862],[-2.196,47.2799],[-2.2063,47.2734],[-2.2361,47.2675],[-2.2594,47.2516],[-2.2784,47.2464],[-2.2981,47.2466],[-2.3161,47.2517],[-2.331,47.2608],[-2.3553,47.2801],[-2.3714,47.2864],[-2.3881,47.2879],[-2.3975,47.2876],[-2.4049,47.2864],[-2.4128,47.2817],[-2.4166,47.275],[-2.4181,47.2689],[-2.4192,47.266],[-2.4484,47.2666],[-2.542,47.3001],[-2.542,47.307],[-2.519,47.3046],[-2.4761,47.2907],[-2.4534,47.2933],[-2.4362,47.307],[-2.4454,47.3204],[-2.4654,47.3338],[-2.4806,47.3479],[-2.4879,47.3454],[-2.4913,47.3439],[-2.4943,47.3417],[-2.4894,47.3344],[-2.4889,47.3304],[-2.4943,47.3206],[-2.5017,47.3206],[-2.5033,47.3496],[-2.5148,47.3649],[-2.5564,47.3832],[-2.4768,47.4157],[-2.4661,47.4152],[-2.4558,47.4122],[-2.439,47.41],[-2.441,47.4044],[-2.4422,47.4044],[-2.4464,47.4025],[-2.439,47.3963],[-2.4294,47.4039],[-2.395,47.417],[-2.3918,47.4237],[-2.4071,47.4257],[-2.4318,47.4262],[-2.4482,47.4306],[-2.439,47.4448],[-2.4553,47.4522],[-2.4762,47.4538],[-2.4889,47.4592],[-2.4806,47.4782],[-2.4947,47.4912],[-2.4836,47.498],[-2.4212,47.5002],[-2.3847,47.5071],[-2.3639,47.5062],[-2.3801,47.5092],[-2.4071,47.506],[-2.4254,47.5062],[-2.5017,47.5267],[-2.5175,47.5284],[-2.5305,47.5272],[-2.5632,47.5198],[-2.6007,47.5198],[-2.6099,47.5177],[-2.6156,47.5141],[-2.6217,47.5134],[-2.632,47.5198],[-2.6169,47.5217],[-2.5994,47.5291],[-2.5845,47.5405],[-2.5768,47.5539],[-2.5923,47.5436],[-2.6064,47.5421],[-2.6212,47.543],[-2.6383,47.5403],[-2.6301,47.5391],[-2.6239,47.5372],[-2.6199,47.5334],[-2.6178,47.5267],[-2.6431,47.5264],[-2.6548,47.5283],[-2.6655,47.5335],[-2.6671,47.5096],[-2.6807,47.5042],[-2.714,47.5124],[-2.7307,47.5116],[-2.7828,47.4994],[-2.8022,47.4981],[-2.8171,47.4992],[-2.8302,47.5036],[-2.8437,47.5124],[-2.8457,47.5162],[-2.8611,47.5358],[-2.8648,47.5369],[-2.869,47.5422],[-2.8785,47.5453],[-2.8899,47.5466],[-2.8929,47.5477],[-2.8915,47.5491],[-2.8921,47.5539],[-2.9093,47.5584],[-2.8926,47.5666],[-2.8653,47.5666],[-2.8506,47.5465],[-2.8437,47.5465],[-2.8381,47.5518],[-2.8324,47.554],[-2.8254,47.5525],[-2.8164,47.5465],[-2.8153,47.553],[-2.8096,47.5676],[-2.794,47.5551],[-2.7687,47.5495],[-2.7414,47.5513],[-2.7202,47.5608],[-2.7277,47.5676],[-2.6886,47.6044],[-2.684,47.623],[-2.7065,47.6427],[-2.7065,47.6365],[-2.6969,47.6298],[-2.6956,47.6234],[-2.7016,47.6184],[-2.714,47.616],[-2.6998,47.6092],[-2.7043,47.6044],[-2.7086,47.6023],[-2.7202,47.6018],[-2.7253,47.6074],[-2.7754,47.6291],[-2.7545,47.627],[-2.7345,47.6223],[-2.7463,47.6339],[-2.7582,47.6391],[-2.7891,47.6427],[-2.7754,47.6365],[-2.7961,47.6299],[-2.8477,47.6262],[-2.858,47.6191],[-2.8668,47.6072],[-2.8864,47.601],[-2.9194,47.5955],[-2.9194,47.6018],[-2.9127,47.6018],[-2.9127,47.6092],[-2.9257,47.6077],[-2.9288,47.606],[-2.9331,47.6018],[-2.9399,47.6018],[-2.9438,47.614],[-2.9448,47.6241],[-2.9416,47.6318],[-2.9331,47.6365],[-2.9475,47.6369],[-2.958,47.6422],[-2.9646,47.6514],[-2.9672,47.6638],[-2.9747,47.6638],[-2.9733,47.656],[-2.9686,47.6435],[-2.9672,47.6365],[-2.9672,47.6126],[-2.9636,47.6026],[-2.9547,47.5915],[-2.9435,47.5815],[-2.9331,47.5744],[-2.9356,47.5676],[-2.9372,47.5647],[-2.9399,47.5608],[-2.9426,47.5644],[-2.953,47.5744],[-2.9613,47.5705],[-2.9703,47.577],[-2.9809,47.5873],[-2.9945,47.5955],[-2.9886,47.5823],[-2.9942,47.5761],[-3.0034,47.5787],[-3.0082,47.5918],[-3.0118,47.6072],[-3.0182,47.6057],[-3.0217,47.5945],[-3.0157,47.5812],[-3.0299,47.5819],[-3.0358,47.5833],[-3.0424,47.5881],[-3.0738,47.5765],[-3.0898,47.5755],[-3.1037,47.5812],[-3.0973,47.5841],[-3.0907,47.5881],[-3.1005,47.5942],[-3.112,47.5992],[-3.1233,47.5988],[-3.1317,47.5881],[-3.1272,47.5866],[-3.123,47.5832],[-3.118,47.5812],[-3.1289,47.5476],[-3.1233,47.519],[-3.1068,47.4958],[-3.0845,47.4782],[-3.0981,47.4787],[-3.1191,47.4826],[-3.1255,47.4782],[-3.1317,47.4782],[-3.1438,47.507],[-3.1454,47.5161],[-3.1432,47.527],[-3.1339,47.5439],[-3.1317,47.5574],[-3.1342,47.5808],[-3.1412,47.598],[-3.1522,47.6112],[-3.1665,47.6223],[-3.176,47.6264],[-3.1872,47.6296],[-3.1967,47.6335],[-3.2006,47.6396],[-3.1984,47.6526],[-3.1864,47.6806],[-3.1112,47.7042],[-3.1151,47.7094],[-3.1172,47.715],[-3.118,47.7222],[-3.118,47.7321],[-3.1228,47.7299],[-3.1345,47.7268],[-3.1391,47.7247],[-3.1398,47.7458],[-3.1391,47.7526],[-3.1454,47.7526],[-3.1532,47.742],[-3.1639,47.7439],[-3.1774,47.7485],[-3.1932,47.7464],[-3.1792,47.7427],[-3.1697,47.7354],[-3.1633,47.7248],[-3.1591,47.711],[-3.1641,47.7103],[-3.165,47.7095],[-3.165,47.7079],[-3.1665,47.7042],[-3.1784,47.71],[-3.1854,47.7064],[-3.1932,47.6999],[-3.2074,47.6973],[-3.2035,47.6943],[-3.1932,47.6837],[-3.2071,47.6791],[-3.2119,47.6698],[-3.2151,47.6606],[-3.2242,47.6564],[-3.2316,47.6603],[-3.2621,47.6837],[-3.2876,47.6887],[-3.3315,47.6967],[-3.3583,47.6973],[-3.3402,47.7023],[-3.3224,47.701],[-3.2826,47.6911],[-3.2826,47.6973],[-3.2985,47.7038],[-3.3163,47.7081],[-3.3583,47.711],[-3.3583,47.7185],[-3.3494,47.7191],[-3.3451,47.7213],[-3.344,47.7263],[-3.344,47.7355],[-3.3406,47.7395],[-3.3236,47.7377],[-3.3173,47.739],[-3.3044,47.7611],[-3.2954,47.773],[-3.2826,47.7799],[-3.2826,47.7873],[-3.3044,47.7701],[-3.3318,47.7525],[-3.3622,47.7404],[-3.3832,47.737],[-3.3755,47.734],[-3.3693,47.7298],[-3.3645,47.7247],[-3.3645,47.7185],[-3.4464,47.7046],[-3.4607,47.7076],[-3.465,47.713],[-3.4949,47.739],[-3.5092,47.7594],[-3.5203,47.7681],[-3.5245,47.7724],[-3.5283,47.7799],[-3.5393,47.7737],[-3.5557,47.774],[-3.591,47.7799],[-3.6169,47.7791],[-3.6252,47.7799],[-3.633,47.783],[-3.6444,47.7917],[-3.649,47.7936],[-3.6869,47.7923],[-3.7062,47.7969],[-3.7146,47.8106],[-3.7232,47.8134],[-3.7754,47.7936],[-3.7899,47.8032],[-3.8112,47.8029],[-3.8336,47.7998],[-3.8517,47.801],[-3.8531,47.8043],[-3.8722,47.8283],[-3.8792,47.8336],[-3.8865,47.8375],[-3.89,47.8435],[-3.8859,47.855],[-3.8945,47.8553],[-3.9008,47.8571],[-3.9132,47.8625],[-3.9163,47.8734],[-3.9351,47.8879],[-3.9618,47.9],[-3.9883,47.9035],[-3.9792,47.883],[-3.9865,47.8679],[-4.0089,47.8513],[-4.0292,47.855],[-4.0192,47.8545],[-4.0112,47.8559],[-4.0054,47.8605],[-4.0019,47.8693],[-4.0141,47.8663],[-4.024,47.866],[-4.0316,47.8637],[-4.0367,47.855],[-4.0649,47.8708],[-4.0782,47.8744],[-4.0944,47.8755],[-4.1066,47.8801],[-4.1193,47.8919],[-4.1291,47.9076],[-4.1322,47.9239],[-4.1427,47.912],[-4.1368,47.8969],[-4.1234,47.8832],[-4.1112,47.8755],[-4.1112,47.8693],[-4.1238,47.8686],[-4.1336,47.8662],[-4.1426,47.8618],[-4.1527,47.855],[-4.1716,47.877],[-4.1856,47.8744],[-4.1885,47.8621],[-4.1739,47.855],[-4.1767,47.8513],[-4.18,47.8482],[-4.18,47.842],[-4.1527,47.842],[-4.1527,47.8345],[-4.1852,47.8134],[-4.2006,47.8072],[-4.2252,47.8024],[-4.3718,47.8072],[-4.3712,47.8148],[-4.3734,47.8287],[-4.3718,47.8345],[-4.3655,47.8371],[-4.3561,47.8371],[-4.3476,47.8383],[-4.3439,47.8451],[-4.3473,47.8629],[-4.3622,47.8886],[-4.372,47.9158],[-4.387,47.9341],[-4.4346,47.9757],[-4.5233,48.0227],[-4.5333,48.0263],[-4.5467,48.0207],[-4.559,48.0107],[-4.572,48.0059],[-4.602,48.0256],[-4.6192,48.0277],[-4.653,48.0263],[-4.7281,48.0406],[-4.7215,48.0441],[-4.7165,48.0502],[-4.7123,48.0566],[-4.7062,48.0639],[-4.7056,48.0675],[-4.7043,48.0712],[-4.7008,48.0748],[-4.6974,48.0749],[-4.6895,48.0688],[-4.6837,48.0673],[-4.3619,48.1157],[-4.3048,48.1041],[-4.2899,48.1082],[-4.2854,48.1154],[-4.2757,48.1436],[-4.2802,48.1549],[-4.2943,48.1671],[-4.2974,48.1741],[-4.3024,48.1964],[-4.3158,48.2055],[-4.3582,48.2119],[-4.3661,48.2152],[-4.3724,48.22],[-4.3769,48.226],[-4.3793,48.2324],[-4.4044,48.2261],[-4.4576,48.249],[-4.4855,48.2426],[-4.5,48.2249],[-4.514,48.2021],[-4.5316,48.1831],[-4.5575,48.1772],[-4.5487,48.1984],[-4.5438,48.2051],[-4.555,48.2165],[-4.5612,48.225],[-4.5636,48.2324],[-4.5587,48.2442],[-4.5509,48.2486],[-4.5472,48.2526],[-4.5541,48.2628],[-4.5663,48.2649],[-4.6263,48.2665],[-4.6237,48.277],[-4.6263,48.2871],[-4.6154,48.2911],[-4.6071,48.2906],[-4.5988,48.2884],[-4.5879,48.2871],[-4.5752,48.29],[-4.5729,48.2968],[-4.5755,48.3039],[-4.5773,48.3075],[-4.5595,48.3387],[-4.5467,48.3468],[-4.5301,48.3416],[-4.5432,48.3047],[-4.5155,48.2958],[-4.4265,48.3],[-4.4164,48.2966],[-4.4097,48.2923],[-4.402,48.2886],[-4.389,48.2871],[-4.3769,48.2878],[-4.3297,48.297],[-4.2626,48.3],[-4.269,48.2958],[-4.2752,48.294],[-4.2899,48.2938],[-4.2694,48.2884],[-4.1875,48.3],[-4.1875,48.3075],[-4.2188,48.3061],[-4.2305,48.3099],[-4.2347,48.3217],[-4.244,48.3139],[-4.2577,48.3113],[-4.2702,48.3147],[-4.2757,48.3249],[-4.282,48.3237],[-4.3247,48.3217],[-4.3163,48.3308],[-4.3121,48.3331],[-4.3036,48.3354],[-4.3031,48.3396],[-4.2985,48.3438],[-4.2887,48.3485],[-4.2694,48.3627],[-4.2863,48.3625],[-4.309,48.3515],[-4.3247,48.3485],[-4.3247,48.3553],[-4.3173,48.3553],[-4.3173,48.3627],[-4.3247,48.3627],[-4.3278,48.3579],[-4.3341,48.3527],[-4.3377,48.3485],[-4.3526,48.3527],[-4.3842,48.3381],[-4.4066,48.3354],[-4.4038,48.3392],[-4.4028,48.3396],[-4.3992,48.3416],[-4.4066,48.3485],[-4.415,48.3429],[-4.4265,48.3389],[-4.4399,48.3364],[-4.4537,48.3354],[-4.4537,48.3416],[-4.3966,48.3878],[-4.3856,48.3937],[-4.2899,48.4316],[-4.3077,48.428],[-4.339,48.4161],[-4.359,48.4111],[-4.4265,48.4037],[-4.4575,48.3948],[-4.5206,48.3683],[-4.5696,48.3603],[-4.5994,48.3502],[-4.6189,48.3485],[-4.6363,48.3511],[-4.6711,48.3606],[-4.6905,48.3627],[-4.6941,48.3594],[-4.6941,48.3522],[-4.6957,48.345],[-4.7045,48.3416],[-4.755,48.342],[-4.7684,48.3454],[-4.7772,48.3556],[-4.7834,48.3764],[-4.7648,48.3776],[-4.7663,48.3904],[-4.7834,48.4174],[-4.7849,48.4362],[-4.7799,48.4549],[-4.7681,48.4687],[-4.7493,48.4726],[-4.7493,48.4788],[-4.7746,48.4913],[-4.7646,48.5202],[-4.7399,48.5507],[-4.722,48.5682],[-4.7116,48.5637],[-4.7008,48.5607],[-4.7082,48.5682],[-4.6923,48.5755],[-4.6735,48.5796],[-4.6425,48.5819],[-4.623,48.5782],[-4.5898,48.5657],[-4.5773,48.5682],[-4.6005,48.5893],[-4.6077,48.603],[-4.5946,48.6091],[-4.5488,48.6012],[-4.5301,48.6017],[-4.5575,48.6091],[-4.5544,48.6132],[-4.5526,48.6165],[-4.5548,48.6197],[-4.5636,48.6234],[-4.5636,48.6296],[-4.4855,48.6296],[-4.4629,48.6323],[-4.4298,48.6428],[-4.4066,48.6433],[-4.4204,48.6489],[-4.4265,48.6501],[-4.4265,48.6575],[-4.3981,48.661],[-4.3702,48.6718],[-4.3433,48.6789],[-4.3173,48.678],[-4.2991,48.6636],[-4.3065,48.6415],[-4.2831,48.6433],[-4.2526,48.6555],[-4.2421,48.6575],[-4.2298,48.656],[-4.2071,48.65],[-4.1938,48.6501],[-4.1938,48.6575],[-4.213,48.6612],[-4.2078,48.6714],[-4.1906,48.6831],[-4.1739,48.6911],[-4.1547,48.6962],[-4.1315,48.6992],[-4.1087,48.6981],[-4.0907,48.6911],[-4.0848,48.6972],[-4.0793,48.6969],[-4.0743,48.6923],[-4.0702,48.6849],[-4.064,48.6849],[-4.0574,48.6896],[-4.0533,48.6955],[-4.0526,48.7031],[-4.0565,48.7121],[-4.0427,48.7139],[-4.0305,48.717],[-4.0093,48.7258],[-3.974,48.7328],[-3.9678,48.7296],[-3.9703,48.72],[-3.9739,48.7128],[-3.9727,48.7077],[-3.961,48.7047],[-3.961,48.6986],[-3.9678,48.6986],[-3.9678,48.6911],[-3.9578,48.6868],[-3.951,48.6794],[-3.9495,48.6693],[-3.9547,48.6575],[-3.9266,48.6762],[-3.9119,48.6812],[-3.892,48.678],[-3.902,48.672],[-3.9063,48.6706],[-3.9063,48.6644],[-3.8942,48.6536],[-3.8647,48.641],[-3.8517,48.6296],[-3.8443,48.6365],[-3.8517,48.6433],[-3.8443,48.6501],[-3.8489,48.6563],[-3.8524,48.6645],[-3.8579,48.6849],[-3.8517,48.6849],[-3.8485,48.679],[-3.8454,48.676],[-3.8375,48.6706],[-3.8401,48.6881],[-3.8371,48.7073],[-3.8293,48.7185],[-3.817,48.7121],[-3.8127,48.7167],[-3.8105,48.7215],[-3.8098,48.727],[-3.8101,48.7332],[-3.7971,48.7212],[-3.7784,48.7174],[-3.7319,48.719],[-3.7209,48.716],[-3.6979,48.7023],[-3.6866,48.6986],[-3.6738,48.6982],[-3.6382,48.7047],[-3.6385,48.6878],[-3.614,48.6827],[-3.5848,48.6828],[-3.5705,48.688],[-3.5805,48.7111],[-3.5845,48.7264],[-3.5805,48.7332],[-3.5283,48.7395],[-3.5428,48.7457],[-3.5774,48.7742],[-3.5815,48.7906],[-3.5714,48.7991],[-3.5426,48.8078],[-3.5209,48.8336],[-3.5153,48.8419],[-3.5092,48.8419],[-3.4998,48.837],[-3.4681,48.8357],[-3.4336,48.8222],[-3.4197,48.8214],[-3.4254,48.8184],[-3.4281,48.8157],[-3.4299,48.8124],[-3.4333,48.8078],[-3.4099,48.8065],[-3.3976,48.8073],[-3.3887,48.8112],[-3.3787,48.8193],[-3.3718,48.8225],[-3.2875,48.8435],[-3.2758,48.8494],[-3.269,48.8494],[-3.2595,48.8477],[-3.2297,48.8723],[-3.2136,48.8698],[-3.2071,48.8554],[-3.2078,48.8359],[-3.215,48.8179],[-3.2279,48.8078],[-3.2268,48.8033],[-3.2256,48.8005],[-3.2205,48.7941],[-3.2169,48.8068],[-3.2087,48.8164],[-3.1788,48.841],[-3.1542,48.8549],[-3.1454,48.8624],[-3.135,48.8592],[-3.1164,48.8741],[-3.1037,48.8767],[-3.0915,48.8713],[-3.0843,48.8622],[-3.0837,48.8517],[-3.0907,48.8419],[-3.0907,48.8357],[-3.0771,48.8283],[-3.0846,48.8201],[-3.0975,48.7941],[-3.1041,48.7862],[-3.1255,48.7674],[-3.1255,48.76],[-3.118,48.76],[-3.085,48.805],[-3.0655,48.824],[-3.0492,48.8214],[-3.0393,48.827],[-3.0287,48.8288],[-3.0182,48.827],[-3.0082,48.8214],[-3.0157,48.8146],[-3.0118,48.8137],[-3.0094,48.8137],[-3.0084,48.8125],[-3.0082,48.8078],[-3.0178,48.8059],[-3.0255,48.8029],[-3.0424,48.7941],[-3.0424,48.7879],[-3.0293,48.7805],[-3.0037,48.7739],[-2.953,48.7723],[-2.9331,48.7674],[-2.9344,48.7591],[-2.9344,48.7531],[-2.9331,48.7463],[-2.9427,48.7409],[-2.9467,48.7395],[-2.9467,48.7332],[-2.932,48.727],[-2.914,48.7165],[-2.8987,48.7048],[-2.8921,48.6948],[-2.827,48.6575],[-2.817,48.6277],[-2.813,48.6197],[-2.8114,48.6146],[-2.8144,48.6099],[-2.8164,48.6049],[-2.813,48.5986],[-2.808,48.5956],[-2.795,48.5913],[-2.7711,48.5792],[-2.714,48.5607],[-2.7169,48.5517],[-2.721,48.5446],[-2.7267,48.539],[-2.7345,48.534],[-2.7227,48.5336],[-2.7131,48.5301],[-2.7047,48.5242],[-2.6963,48.5167],[-2.6824,48.509],[-2.6797,48.5184],[-2.6802,48.5328],[-2.6761,48.5402],[-2.6363,48.5388],[-2.62,48.5436],[-2.6007,48.5576],[-2.5771,48.5825],[-2.5694,48.5887],[-2.5588,48.5941],[-2.5411,48.5981],[-2.4736,48.626],[-2.4595,48.6365],[-2.4595,48.6433],[-2.468,48.6439],[-2.4875,48.6501],[-2.4429,48.6591],[-2.4211,48.657],[-2.4123,48.6433],[-2.3862,48.6501],[-2.3561,48.6633],[-2.33,48.6804],[-2.3161,48.6986],[-2.3125,48.687],[-2.3053,48.6796],[-2.2952,48.6766],[-2.282,48.678],[-2.282,48.6706],[-2.2894,48.6666],[-2.2938,48.6614],[-2.2975,48.6557],[-2.3024,48.6501],[-2.3303,48.6296],[-2.3127,48.6202],[-2.294,48.6286],[-2.2736,48.6426],[-2.251,48.6501],[-2.2462,48.6447],[-2.2407,48.6213],[-2.2373,48.6159],[-2.2259,48.6124],[-2.2192,48.6037],[-2.2157,48.5924],[-2.2137,48.5819],[-2.2028,48.5859],[-2.1955,48.5935],[-2.1921,48.6037],[-2.1926,48.6159],[-2.1884,48.6013],[-2.183,48.5888],[-2.1741,48.583],[-2.1591,48.5887],[-2.1591,48.5954],[-2.1632,48.5965],[-2.1721,48.6017],[-2.161,48.613],[-2.1493,48.6189],[-2.137,48.618],[-2.1243,48.6091],[-2.1313,48.6153],[-2.1366,48.6221],[-2.1448,48.6365],[-2.1002,48.6469],[-2.0524,48.6501],[-2.0498,48.6456],[-2.0287,48.6197],[-2.0271,48.609],[-2.022,48.5989],[-2.0133,48.5916],[-2.0009,48.5887],[-2.0051,48.5788],[-2.0083,48.575],[-1.9825,48.549],[-1.9764,48.5356],[-1.9803,48.5136],[-1.9704,48.5207],[-1.9394,48.534],[-1.9673,48.5471],[-1.9619,48.5549],[-1.9766,48.5727],[-1.9803,48.5887],[-1.9735,48.5887],[-1.9694,48.5842],[-1.9652,48.5812],[-1.953,48.575],[-1.9604,48.5866],[-1.9694,48.5928],[-1.9798,48.5951],[-1.9911,48.5954],[-2.0005,48.6013],[-2.019,48.631],[-2.0287,48.6433],[-2.0255,48.6513],[-2.0181,48.6603],[-2.0066,48.6676],[-1.9911,48.6706],[-1.9877,48.6738],[-1.9877,48.6809],[-1.9859,48.6879],[-1.977,48.6911],[-1.9394,48.6911],[-1.9456,48.6986],[-1.8437,48.7121],[-1.8467,48.7078],[-1.8469,48.7034],[-1.8436,48.6981],[-1.8363,48.6911],[-1.8612,48.6642],[-1.861,48.6409],[-1.8382,48.6238],[-1.796,48.6159],[-1.7228,48.6153],[-1.644,48.6234],[-1.5957,48.6409],[-1.5897,48.6418],[-1.5797,48.6433],[-1.5006,48.6365],[-1.3931,48.6524],[-1.3566,48.6433],[-1.3723,48.6606],[-1.3946,48.6683],[-1.4329,48.6706],[-1.433,48.6683],[-1.4377,48.6645],[-1.4433,48.6628],[-1.446,48.6675],[-1.4471,48.6739],[-1.4505,48.6795],[-1.4558,48.6834],[-1.4902,48.6901],[-1.5027,48.6955],[-1.508,48.7016],[-1.5165,48.7252],[-1.5536,48.7471],[-1.5621,48.7708],[-1.5626,48.7985],[-1.5668,48.8222],[-1.5788,48.8378],[-1.6029,48.8419],[-1.6029,48.8494],[-1.5891,48.8536],[-1.5785,48.8626],[-1.5718,48.8742],[-1.5637,48.9221],[-1.557,48.9323],[-1.5484,48.9238],[-1.5428,48.9352],[-1.542,48.9441],[-1.547,48.9497],[-1.559,48.9518],[-1.5631,48.9576],[-1.5522,49.0154],[-1.5458,49.0303],[-1.5323,49.0351],[-1.508,49.0275],[-1.508,49.0337],[-1.5273,49.0398],[-1.5497,49.0398],[-1.5684,49.0327],[-1.5763,49.0173],[-1.5795,49.0132],[-1.5865,49.019],[-1.5936,49.029],[-1.5967,49.0374],[-1.5959,49.0613],[-1.5937,49.072],[-1.5893,49.0821],[-1.6034,49.084],[-1.6088,49.0915],[-1.6077,49.1027],[-1.6029,49.1156],[-1.5959,49.1285],[-1.589,49.1346],[-1.5695,49.1435],[-1.5818,49.1498],[-1.5842,49.1484],[-1.5893,49.1435],[-1.5978,49.1594],[-1.6045,49.1782],[-1.6088,49.1978],[-1.6104,49.2159],[-1.6027,49.2254],[-1.5845,49.2263],[-1.5484,49.2193],[-1.5484,49.2255],[-1.5696,49.2297],[-1.5953,49.2379],[-1.6169,49.2382],[-1.6247,49.2193],[-1.6405,49.2315],[-1.6571,49.2684],[-1.6719,49.2801],[-1.6654,49.2846],[-1.6626,49.286],[-1.6582,49.2875],[-1.6869,49.3024],[-1.6991,49.3135],[-1.7067,49.3292],[-1.6862,49.3292],[-1.6862,49.3354],[-1.6991,49.3559],[-1.7067,49.3559],[-1.7148,49.3385],[-1.7333,49.3463],[-1.7557,49.3625],[-1.7755,49.3701],[-1.7729,49.377],[-1.7711,49.38],[-1.768,49.3837],[-1.7819,49.3815],[-1.7951,49.3776],[-1.8068,49.3769],[-1.8165,49.3837],[-1.8196,49.3968],[-1.8158,49.4309],[-1.8165,49.4452],[-1.8194,49.4521],[-1.8236,49.4585],[-1.8382,49.4758],[-1.8395,49.4807],[-1.8402,49.4858],[-1.8437,49.4936],[-1.8536,49.5043],[-1.8795,49.525],[-1.8847,49.5309],[-1.8784,49.5449],[-1.8502,49.5617],[-1.8437,49.5718],[-1.8392,49.6032],[-1.8395,49.6198],[-1.8469,49.6339],[-1.8551,49.6451],[-1.8606,49.6548],[-1.8695,49.6617],[-1.9016,49.6658],[-1.9456,49.678],[-1.9377,49.7016],[-1.9396,49.7165],[-1.9352,49.7241],[-1.9084,49.7264],[-1.899,49.7243],[-1.8791,49.7148],[-1.8673,49.7127],[-1.8394,49.7154],[-1.8295,49.7127],[-1.8246,49.7084],[-1.821,49.6964],[-1.8165,49.6916],[-1.8118,49.6907],[-1.8009,49.6921],[-1.796,49.6916],[-1.774,49.6867],[-1.7078,49.6802],[-1.633,49.6635],[-1.6172,49.6643],[-1.6167,49.662],[-1.6164,49.657],[-1.6139,49.6522],[-1.6067,49.6501],[-1.5973,49.6523],[-1.5837,49.6621],[-1.5729,49.6643],[-1.5612,49.663],[-1.5404,49.6578],[-1.5284,49.6575],[-1.5115,49.6625],[-1.4959,49.6722],[-1.4701,49.6951],[-1.4557,49.7022],[-1.4095,49.7116],[-1.3913,49.7127],[-1.2711,49.6984],[-1.2631,49.6955],[-1.2591,49.6883],[-1.2541,49.6718],[-1.2322,49.6414],[-1.2278,49.6241],[-1.2533,49.6123],[-1.2576,49.6029],[-1.26,49.5935],[-1.264,49.5893],[-1.2862,49.5889],[-1.295,49.5868],[-1.3014,49.5818],[-1.3063,49.5581],[-1.2936,49.5384],[-1.2765,49.5207],[-1.2616,49.4931],[-1.1853,49.4304],[-1.1757,49.4152],[-1.1722,49.3934],[-1.1742,49.3824],[-1.1787,49.3746],[-1.1833,49.3695],[-1.1852,49.3664],[-1.182,49.3562],[-1.1738,49.357],[-1.1631,49.3615],[-1.1517,49.3627],[-1.141,49.3567],[-1.1335,49.3495],[-1.1229,49.3454],[-1.1034,49.349],[-1.1034,49.3559],[-1.1138,49.3658],[-1.1064,49.3795],[-1.0896,49.3915],[-1.0723,49.3968],[-0.9404,49.3923],[-0.8221,49.3627],[-0.6508,49.3559],[-0.608,49.3474],[-0.5834,49.3459],[-0.5469,49.359],[-0.5225,49.3553],[-0.4795,49.3428],[-0.4111,49.3428],[-0.3936,49.338],[-0.3634,49.325],[-0.3131,49.3173],[-0.2195,49.2801],[-0.1941,49.2952],[-0.0338,49.3201],[0.0129,49.3346],[0.0403,49.3504],[0.0631,49.3545],[0.072,49.3593],[0.096,49.3837],[0.1624,49.4152],[0.2869,49.4336],[0.4113,49.4521],[0.4573,49.4674],[0.4766,49.4787],[0.4932,49.4936],[0.4221,49.4644],[0.3396,49.4567],[0.2568,49.4641],[0.1853,49.48],[0.1648,49.48],[0.1473,49.4809],[0.1244,49.4858],[0.1044,49.4936],[0.096,49.5032],[0.0928,49.5093],[0.0786,49.5155],[0.0754,49.5241],[0.0766,49.535],[0.0797,49.5422],[0.1309,49.6035],[0.1709,49.6916],[0.1859,49.7032],[0.2359,49.7293],[0.2468,49.7294],[0.2568,49.7359],[0.3875,49.7751],[0.3976,49.7844],[0.5228,49.833],[0.5574,49.8398],[0.5967,49.8572],[0.6748,49.8758],[0.7609,49.8751],[1.1726,49.961],[1.197,49.9736],[1.2212,49.979],[1.261,50.0075],[1.3913,50.0752],[1.4441,50.1173],[1.4558,50.1236],[1.4645,50.1321],[1.4868,50.185],[1.521,50.2147],[1.5553,50.2177],[1.6543,50.1866],[1.6641,50.1871],[1.6725,50.1925],[1.6725,50.1994],[1.662,50.1989],[1.6553,50.2005],[1.6501,50.2048],[1.6445,50.2124],[1.665,50.2124],[1.665,50.2198],[1.6457,50.22],[1.6255,50.2243],[1.61,50.2322],[1.6035,50.2435],[1.5939,50.2563],[1.5511,50.2697],[1.5415,50.2779],[1.5431,50.31],[1.5515,50.3491],[1.572,50.3757],[1.595,50.3727],[1.6104,50.3707],[1.6104,50.3769],[1.5552,50.4048],[1.5552,50.4116],[1.5735,50.4454],[1.5742,50.4924],[1.5793,50.5331],[1.6104,50.5482],[1.5833,50.5747],[1.5779,50.5886],[1.5736,50.6356],[1.5632,50.6783],[1.5627,50.699],[1.5676,50.7167],[1.5887,50.7563],[1.6001,50.771],[1.6056,50.79],[1.5993,50.8129],[1.5832,50.8498],[1.5808,50.8637],[1.5806,50.8688],[1.6048,50.881],[1.6135,50.8834],[1.6343,50.8846],[1.6533,50.8891],[1.6702,50.9001],[1.6991,50.9256],[1.7298,50.9439],[1.9214,50.9968],[1.9393,50.9945],[1.9735,51.0071],[2.134,51.02],[2.3055,51.0554],[2.3161,51.059],[2.3245,51.0599],[2.3845,51.0553],[2.4661,51.0688],[2.5067,51.0808],[2.5215,51.0874],[2.5218,51.0875]],[[1.9834,42.4413],[1.9862,42.4413],[1.9961,42.4428],[1.9995,42.4439],[1.9884,42.4582],[1.9783,42.475],[1.968,42.4857],[1.9566,42.4818],[1.9456,42.4638],[1.9475,42.4512],[1.9606,42.4437],[1.9834,42.4413]]],[[[9.4566,42.6474],[9.4821,42.6201],[9.4769,42.6201],[9.4768,42.6191],[9.4566,42.6474]]],[[[8.5658,42.2086],[8.5741,42.2199],[8.5658,42.2257],[8.5524,42.229],[8.5453,42.2329],[8.5495,42.2423],[8.5599,42.2443],[8.5863,42.2434],[8.5938,42.2463],[8.6013,42.2507],[8.6108,42.2546],[8.6511,42.2604],[8.6647,42.2649],[8.6751,42.2707],[8.6808,42.2728],[8.6852,42.2719],[8.6878,42.2729],[8.6887,42.281],[8.674,42.2895],[8.672,42.2912],[8.6348,42.3048],[8.6323,42.3087],[8.6296,42.3153],[8.6252,42.3192],[8.6111,42.31],[8.6053,42.3105],[8.6014,42.3148],[8.5999,42.3219],[8.6047,42.3256],[8.6348,42.3389],[8.6128,42.3524],[8.5916,42.3511],[8.5521,42.3389],[8.5596,42.3464],[8.5535,42.3549],[8.5497,42.3658],[8.5491,42.3771],[8.5521,42.3867],[8.5608,42.3817],[8.5705,42.3818],[8.5796,42.3859],[8.5863,42.393],[8.5986,42.3876],[8.6024,42.3919],[8.6035,42.4003],[8.6073,42.4072],[8.6121,42.4118],[8.614,42.4162],[8.6187,42.4196],[8.6509,42.4233],[8.6595,42.4299],[8.6616,42.4398],[8.6614,42.4519],[8.6724,42.4644],[8.6768,42.4725],[8.672,42.4761],[8.6597,42.4771],[8.6571,42.48],[8.6594,42.4844],[8.6675,42.5097],[8.6804,42.5211],[8.6976,42.527],[8.7166,42.5307],[8.7108,42.5401],[8.7163,42.562],[8.7092,42.5717],[8.7092,42.5792],[8.717,42.5761],[8.7197,42.576],[8.7209,42.5741],[8.7235,42.5655],[8.74,42.5723],[8.7507,42.5688],[8.7596,42.5618],[8.7713,42.5581],[8.787,42.562],[8.7988,42.5718],[8.8075,42.5851],[8.8128,42.5996],[8.8054,42.6064],[8.843,42.6081],[8.9065,42.6325],[9.0183,42.6501],[9.05,42.6622],[9.053,42.6816],[9.1071,42.7259],[9.1178,42.732],[9.1414,42.735],[9.1652,42.7352],[9.176,42.7328],[9.1851,42.7334],[9.2368,42.7226],[9.2578,42.7139],[9.2647,42.7089],[9.2708,42.7022],[9.2761,42.6942],[9.2853,42.6748],[9.2922,42.6748],[9.3279,42.72],[9.3425,42.7491],[9.333,42.7709],[9.341,42.7901],[9.3355,42.8076],[9.3218,42.8239],[9.3057,42.8393],[9.333,42.8671],[9.3329,42.8758],[9.3263,42.8853],[9.3262,42.8938],[9.3303,42.9036],[9.3369,42.9104],[9.3602,42.9286],[9.3568,42.9335],[9.3557,42.9365],[9.3569,42.9407],[9.3602,42.9491],[9.3499,42.9572],[9.3434,42.9731],[9.3418,42.9907],[9.3467,43.0037],[9.363,43.0115],[9.4043,43.0117],[9.4224,43.0174],[9.4356,43.0037],[9.4445,42.998],[9.464,42.9901],[9.464,42.9826],[9.4556,42.9746],[9.4539,42.9638],[9.4588,42.9523],[9.4701,42.9423],[9.4655,42.9235],[9.4844,42.8324],[9.4828,42.8023],[9.4504,42.7089],[9.4514,42.6967],[9.4494,42.6826],[9.4504,42.6536],[9.4491,42.6511],[9.4461,42.6486],[9.4434,42.6452],[9.4429,42.6406],[9.4453,42.6379],[9.45,42.6357],[9.4546,42.6346],[9.4566,42.6344],[9.4592,42.6254],[9.4617,42.6198],[9.4614,42.6146],[9.4566,42.6064],[9.4646,42.6016],[9.468,42.595],[9.4707,42.5872],[9.4769,42.5792],[9.4849,42.5744],[9.5119,42.5655],[9.5091,42.58],[9.5047,42.5866],[9.4896,42.6126],[9.5186,42.581],[9.5281,42.5635],[9.5322,42.5444],[9.53,42.4863],[9.5334,42.4562],[9.5459,42.4351],[9.5399,42.4221],[9.5354,42.4082],[9.5327,42.3925],[9.5322,42.3737],[9.537,42.3532],[9.5554,42.3143],[9.5596,42.2946],[9.5523,42.1702],[9.5596,42.1466],[9.5569,42.1383],[9.5549,42.1208],[9.5527,42.113],[9.5456,42.104],[9.5186,42.0851],[9.5078,42.0722],[9.4924,42.0478],[9.4238,41.9735],[9.4087,41.9622],[9.4032,41.9529],[9.4028,41.9174],[9.3943,41.848],[9.403,41.7797],[9.4016,41.7064],[9.3986,41.7015],[9.3911,41.699],[9.3812,41.6927],[9.3722,41.6839],[9.367,41.6742],[9.3807,41.6742],[9.3779,41.6564],[9.3731,41.6452],[9.3636,41.64],[9.3532,41.6408],[9.3452,41.6403],[9.3421,41.6347],[9.3467,41.6196],[9.3333,41.6245],[9.3182,41.6271],[9.3037,41.6278],[9.2922,41.6264],[9.294,41.6176],[9.2844,41.6077],[9.2786,41.5984],[9.2922,41.5916],[9.325,41.602],[9.3451,41.6045],[9.3542,41.5954],[9.3506,41.5812],[9.3411,41.5693],[9.3267,41.5611],[9.3091,41.5582],[9.2997,41.5533],[9.2922,41.5429],[9.282,41.5333],[9.2647,41.5308],[9.2687,41.5237],[9.2699,41.5168],[9.2687,41.51],[9.2647,41.5029],[9.2762,41.4994],[9.2791,41.4916],[9.2747,41.4829],[9.2647,41.4761],[9.2708,41.4687],[9.2552,41.4636],[9.228,41.45],[9.2107,41.4482],[9.2107,41.4409],[9.2201,41.435],[9.2233,41.4273],[9.22,41.4196],[9.2107,41.4135],[9.2107,41.4073],[9.222,41.411],[9.238,41.4223],[9.2503,41.4278],[9.2466,41.4129],[9.2388,41.3959],[9.2302,41.3809],[9.2232,41.3725],[9.2067,41.3659],[9.1939,41.3691],[9.1691,41.3862],[9.1533,41.3913],[9.1222,41.395],[9.0964,41.4035],[9.1073,41.4293],[9.1122,41.4326],[9.1213,41.4346],[9.1052,41.4455],[9.0809,41.4532],[9.0666,41.4619],[9.0798,41.4761],[9.0798,41.4824],[9.0682,41.4795],[9.0387,41.4619],[9.032,41.4687],[9.0342,41.4709],[9.0354,41.4716],[9.0366,41.4728],[9.0387,41.4761],[9.0281,41.4738],[9.0241,41.4721],[9.0183,41.4687],[9.0115,41.4761],[9.001,41.4831],[8.9756,41.4891],[8.951,41.4919],[8.9357,41.4892],[8.9248,41.4949],[8.9168,41.5017],[8.9069,41.5073],[8.8836,41.5112],[8.8811,41.5148],[8.8792,41.5194],[8.8737,41.5234],[8.8643,41.5253],[8.8563,41.5253],[8.8484,41.5261],[8.8396,41.5308],[8.8533,41.5377],[8.8533,41.5438],[8.8406,41.5473],[8.8333,41.5507],[8.8239,41.55],[8.8099,41.5527],[8.7972,41.5571],[8.7918,41.5612],[8.7964,41.5806],[8.7932,41.5873],[8.7781,41.5916],[8.7854,41.6047],[8.792,41.6251],[8.8018,41.6391],[8.819,41.6326],[8.8726,41.6511],[8.8811,41.6571],[8.8858,41.6709],[8.897,41.6779],[8.9107,41.6838],[8.9227,41.6946],[8.8992,41.6955],[8.8364,41.7089],[8.8123,41.7093],[8.7888,41.7126],[8.7761,41.7224],[8.7849,41.7425],[8.7601,41.7427],[8.7191,41.7307],[8.6956,41.7294],[8.6981,41.7331],[8.703,41.7425],[8.6887,41.7418],[8.678,41.7441],[8.668,41.7475],[8.6551,41.7499],[8.6682,41.7549],[8.6963,41.7582],[8.7092,41.7636],[8.7175,41.772],[8.722,41.7824],[8.7202,41.7917],[8.7092,41.7971],[8.7092,41.8045],[8.7319,41.8046],[8.7523,41.8098],[8.7849,41.8244],[8.78,41.8339],[8.7723,41.8404],[8.7624,41.8441],[8.7508,41.8455],[8.7837,41.8536],[8.7918,41.8591],[8.7893,41.8613],[8.7858,41.868],[8.7817,41.8737],[8.7781,41.8728],[8.7901,41.8869],[8.7918,41.8871],[8.7946,41.8922],[8.8034,41.9005],[8.8054,41.9069],[8.8031,41.9075],[8.7918,41.9138],[8.786,41.9228],[8.7814,41.9288],[8.7751,41.9323],[8.7644,41.9343],[8.7444,41.9328],[8.7103,41.9188],[8.6887,41.9138],[8.6476,41.9118],[8.6299,41.9086],[8.6143,41.9008],[8.6073,41.9138],[8.6187,41.9305],[8.6144,41.9441],[8.5863,41.969],[8.6355,41.9726],[8.655,41.9787],[8.6688,41.9963],[8.6561,42.0029],[8.6646,42.0145],[8.6843,42.0256],[8.7061,42.0305],[8.7113,42.0333],[8.738,42.0439],[8.7434,42.0441],[8.745,42.0566],[8.7391,42.0634],[8.7235,42.0721],[8.7062,42.1005],[8.6992,42.1093],[8.6888,42.1112],[8.6609,42.1055],[8.6551,42.1093],[8.6477,42.122],[8.6296,42.1301],[8.6067,42.1337],[8.5863,42.1335],[8.5911,42.1429],[8.5938,42.1466],[8.5863,42.1514],[8.5781,42.1542],[8.5691,42.155],[8.5596,42.154],[8.5697,42.1556],[8.5779,42.1588],[8.5938,42.1671],[8.5938,42.1745],[8.5658,42.1745],[8.5658,42.1813],[8.5776,42.1849],[8.5818,42.1945],[8.5778,42.2044],[8.5658,42.2086]]],[[[-1.2194,45.9439],[-1.2244,45.935],[-1.2139,45.928],[-1.1852,45.916],[-1.1777,45.9069],[-1.1761,45.8987],[-1.1842,45.8563],[-1.1946,45.8301],[-1.2092,45.8142],[-1.2269,45.8198],[-1.2412,45.8546],[-1.2494,45.8677],[-1.2604,45.8818],[-1.319,45.9281],[-1.3402,45.9387],[-1.3617,45.9567],[-1.3783,45.976],[-1.3739,45.9849],[-1.3717,45.9953],[-1.3829,46.0185],[-1.4049,46.0532],[-1.3739,46.0502],[-1.3399,46.0378],[-1.3087,46.0202],[-1.2851,46.0017],[-1.2738,45.9976],[-1.2612,46.0007],[-1.2476,46.0018],[-1.2336,45.9917],[-1.2296,45.9792],[-1.2312,45.9679],[-1.2305,45.9582],[-1.2194,45.9508],[-1.2194,45.9439]]],[[[-1.2814,46.1562],[-1.2863,46.1601],[-1.2907,46.1613],[-1.3361,46.1672],[-1.4329,46.2108],[-1.4889,46.2034],[-1.5043,46.2077],[-1.5448,46.2399],[-1.5558,46.2456],[-1.5558,46.2518],[-1.4981,46.2619],[-1.4801,46.2592],[-1.4727,46.2553],[-1.4679,46.2499],[-1.4674,46.244],[-1.4739,46.2381],[-1.4977,46.2452],[-1.508,46.2456],[-1.4905,46.2244],[-1.4642,46.2249],[-1.4355,46.2338],[-1.4111,46.2381],[-1.4111,46.2313],[-1.4254,46.2313],[-1.4254,46.2238],[-1.4088,46.2182],[-1.3081,46.2069],[-1.2847,46.1964],[-1.2657,46.181],[-1.2541,46.1624],[-1.2634,46.1619],[-1.2709,46.1602],[-1.2814,46.1562]]],[[[-2.3372,46.7316],[-2.2982,46.7202],[-2.2797,46.7103],[-2.269,46.6974],[-2.2914,46.7036],[-2.3714,46.7043],[-2.3829,46.7226],[-2.3752,46.7316],[-2.3568,46.7338],[-2.3372,46.7316]]],[[[-2.2001,46.9854],[-2.1898,46.9772],[-2.1558,46.9649],[-2.1448,46.9575],[-2.14,46.9434],[-2.1377,46.9232],[-2.1426,46.9099],[-2.1591,46.9165],[-2.1737,46.9392],[-2.1948,46.9619],[-2.2202,46.9739],[-2.2473,46.9643],[-2.2632,46.9798],[-2.2787,47.0181],[-2.2956,47.0332],[-2.2386,47.0353],[-2.2204,47.0332],[-2.2,47.0244],[-2.1974,47.013],[-2.2013,46.9997],[-2.2001,46.9854]]],[[[-3.1147,47.3315],[-3.1027,47.3273],[-3.0727,47.3283],[-3.0628,47.3206],[-3.067,47.3019],[-3.0936,47.2966],[-3.1717,47.3016],[-3.2235,47.3122],[-3.241,47.3206],[-3.2376,47.3364],[-3.2454,47.3529],[-3.2562,47.3688],[-3.2621,47.3832],[-3.2537,47.3889],[-3.2496,47.3952],[-3.243,47.3953],[-3.2341,47.3896],[-3.2215,47.3875],[-3.1765,47.3715],[-3.1516,47.3581],[-3.1488,47.3554],[-3.1147,47.3315]]],[[[-5.0503,48.4788],[-5.0482,48.4765],[-5.0463,48.4738],[-5.043,48.472],[-5.0366,48.4726],[-5.0366,48.4652],[-5.088,48.4472],[-5.1055,48.4446],[-5.1055,48.4515],[-5.1022,48.4519],[-5.0951,48.4511],[-5.0919,48.4515],[-5.0978,48.4613],[-5.1074,48.4634],[-5.1328,48.4583],[-5.1328,48.4652],[-5.0918,48.4808],[-5.069,48.4851],[-5.0503,48.4788]]],[[[6.235,43.0224],[6.2419,43.0256],[6.251,43.0173],[6.2522,43.0026],[6.2302,42.9953],[6.2165,42.9904],[6.2025,42.9871],[6.1901,42.9902],[6.1662,42.9997],[6.1647,43.0051],[6.1751,43.009],[6.203,43.008],[6.2116,43.0116],[6.215,43.0147],[6.2183,43.0154],[6.221,43.015],[6.2334,43.0156],[6.235,43.0224]]]]}},{"type":"Feature","properties":{"layer":"country","iso":"DEU","name":"Allemagne"},"geometry":{"type":"Polygon","coordinates":[[[10.5,51.8],[10.5,47.5311],[10.4825,47.5329],[10.4669,47.5377],[10.4588,47.5416],[10.4535,47.5462],[10.4517,47.5548],[10.4555,47.5612],[10.4603,47.566],[10.4616,47.5699],[10.4571,47.5792],[10.4536,47.5811],[10.446,47.5791],[10.4292,47.577],[10.4142,47.573],[10.4157,47.5644],[10.4244,47.5534],[10.431,47.5422],[10.4297,47.5329],[10.4196,47.493],[10.4337,47.4879],[10.4422,47.4814],[10.4476,47.4726],[10.4517,47.4602],[10.452,47.4388],[10.4429,47.4163],[10.4283,47.396],[10.4116,47.381],[10.4031,47.3771],[10.382,47.3721],[10.3716,47.3674],[10.3657,47.3611],[10.3434,47.3308],[10.3254,47.3143],[10.3059,47.3022],[10.2612,47.2835],[10.2394,47.2777],[10.175,47.2724],[10.1599,47.2711],[10.1554,47.2729],[10.1595,47.2791],[10.1687,47.2904],[10.1727,47.2923],[10.1859,47.295],[10.1908,47.2983],[10.1933,47.3049],[10.1927,47.3109],[10.1905,47.3175],[10.2086,47.3545],[10.2093,47.3725],[10.1909,47.3792],[10.147,47.3738],[10.1351,47.3649],[10.1308,47.3627],[10.1257,47.3627],[10.1153,47.367],[10.1104,47.3674],[10.0972,47.3631],[10.0896,47.3593],[10.0829,47.3591],[10.0732,47.3655],[10.0678,47.375],[10.0669,47.3858],[10.0642,47.3962],[10.0532,47.4049],[10.076,47.4169],[10.0806,47.4274],[10.0718,47.4391],[10.0226,47.488],[10.0113,47.4844],[10.0024,47.4792],[9.9936,47.4766],[9.9826,47.481],[9.9811,47.4869],[9.9808,47.4899],[9.9808,47.4929],[9.9717,47.5064],[9.9592,47.5149],[9.9487,47.5242],[9.9459,47.5408],[9.9338,47.5342],[9.9188,47.5322],[9.889,47.5338],[9.8589,47.5413],[9.8538,47.5404],[9.8415,47.535],[9.8335,47.5346],[9.8131,47.5418],[9.8093,47.5523],[9.8113,47.5645],[9.808,47.5763],[9.7963,47.585],[9.7821,47.5884],[9.7671,47.5873],[9.7527,47.5821],[9.7309,47.5649],[9.7185,47.5467],[9.704,47.5314],[9.6767,47.5226],[9.6126,47.5219],[9.5541,47.5327],[9.5499,47.5335],[9.5475,47.5345],[9.2732,47.6501],[9.2344,47.6562],[9.1969,47.6561],[9.1834,47.6704],[9.1281,47.6704],[9.0166,47.6789],[8.9977,47.6738],[8.9818,47.6622],[8.9454,47.6543],[8.9062,47.6518],[8.8817,47.6561],[8.8527,47.6708],[8.8519,47.6713],[8.8378,47.6808],[8.8377,47.6878],[8.8561,47.6907],[8.8302,47.7072],[8.7976,47.72],[8.7707,47.7209],[8.7617,47.7013],[8.7699,47.6951],[8.7171,47.6946],[8.7151,47.7011],[8.7126,47.7087],[8.7047,47.7153],[8.7004,47.7235],[8.7037,47.73],[8.7171,47.7435],[8.7198,47.7473],[8.7131,47.7574],[8.7033,47.7587],[8.6923,47.7572],[8.6819,47.7587],[8.6745,47.7667],[8.6666,47.7783],[8.657,47.7881],[8.6441,47.791],[8.635,47.7846],[8.6298,47.7628],[8.6174,47.7573],[8.6076,47.7623],[8.6041,47.7744],[8.6032,47.7873],[8.6016,47.7946],[8.5831,47.8002],[8.5582,47.8012],[8.5423,47.795],[8.5516,47.7793],[8.5365,47.7741],[8.4827,47.7669],[8.4715,47.7671],[8.4636,47.7639],[8.4501,47.7505],[8.4455,47.7432],[8.4379,47.7232],[8.4273,47.7165],[8.4019,47.7071],[8.3921,47.6995],[8.391,47.6921],[8.3952,47.6848],[8.3977,47.6763],[8.3913,47.6655],[8.407,47.6616],[8.412,47.661],[8.4376,47.6478],[8.4583,47.6399],[8.4761,47.6404],[8.4908,47.6456],[8.5047,47.6523],[8.5197,47.6574],[8.5682,47.6629],[8.5822,47.6613],[8.5936,47.6582],[8.5982,47.6569],[8.6073,47.6563],[8.6016,47.6326],[8.5951,47.6348],[8.5945,47.641],[8.5936,47.6426],[8.5892,47.6425],[8.584,47.6411],[8.5803,47.639],[8.5781,47.6335],[8.5797,47.6289],[8.5821,47.625],[8.5825,47.6216],[8.5813,47.6148],[8.5818,47.6077],[8.5806,47.6002],[8.5763,47.595],[8.5741,47.5924],[8.5607,47.5894],[8.5517,47.5969],[8.5496,47.5986],[8.5378,47.6121],[8.5224,47.6219],[8.4924,47.6198],[8.4618,47.6061],[8.4501,47.589],[8.4489,47.5843],[8.4211,47.5811],[8.4181,47.5808],[8.3541,47.581],[8.3162,47.5878],[8.3063,47.5922],[8.2993,47.6018],[8.2939,47.6115],[8.2886,47.6158],[8.277,47.6166],[8.2511,47.622],[8.233,47.622],[8.179,47.6158],[8.1738,47.6135],[8.1689,47.6086],[8.1621,47.6038],[8.1438,47.6001],[8.1221,47.5921],[8.1139,47.5878],[8.1054,47.5813],[8.1014,47.5762],[8.097,47.5719],[8.0872,47.5674],[8.0423,47.5606],[7.9122,47.5606],[7.9095,47.5648],[7.9075,47.5742],[7.9043,47.5836],[7.8982,47.5878],[7.8337,47.5905],[7.8197,47.5953],[7.8015,47.5761],[7.7855,47.5632],[7.7667,47.556],[7.7273,47.5504],[7.6834,47.5443],[7.6614,47.5462],[7.6469,47.5514],[7.6097,47.5647],[7.6123,47.5647],[7.6359,47.5646],[7.6465,47.5715],[7.6597,47.5966],[7.637,47.595],[7.586,47.5846],[7.5901,47.5948],[7.5925,47.5984],[7.5903,47.6079],[7.585,47.6132],[7.5786,47.6169],[7.5726,47.622],[7.5501,47.6524],[7.5366,47.6652],[7.5218,47.6704],[7.5179,47.675],[7.5147,47.6858],[7.5119,47.7073],[7.5154,47.7133],[7.5319,47.7252],[7.5378,47.7318],[7.5383,47.7481],[7.5259,47.7832],[7.5286,47.797],[7.5429,47.8294],[7.5485,47.8342],[7.562,47.8392],[7.5642,47.8504],[7.559,47.869],[7.5592,47.8735],[7.5584,47.876],[7.5579,47.8785],[7.559,47.8827],[7.562,47.8871],[7.5686,47.8914],[7.5726,47.8963],[7.5789,47.9063],[7.5808,47.9108],[7.5796,47.9271],[7.5849,47.9404],[7.6116,47.9594],[7.6211,47.9714],[7.6189,48.0027],[7.5757,48.0537],[7.5726,48.095],[7.5789,48.1145],[7.5857,48.1297],[7.5929,48.1387],[7.5997,48.1447],[7.6048,48.1526],[7.6067,48.167],[7.6134,48.1792],[7.6766,48.2384],[7.6872,48.2529],[7.6935,48.2699],[7.6955,48.2902],[7.7025,48.3112],[7.7186,48.32],[7.737,48.3267],[7.7507,48.3414],[7.752,48.3553],[7.7469,48.3687],[7.7404,48.3814],[7.7372,48.3935],[7.7383,48.4066],[7.7457,48.433],[7.7507,48.4444],[7.7576,48.4539],[7.7642,48.4604],[7.7692,48.4701],[7.7713,48.4891],[7.7765,48.4982],[7.7884,48.5063],[7.8135,48.5195],[7.8135,48.5263],[7.8017,48.5476],[7.8018,48.5824],[7.8103,48.615],[7.8524,48.6587],[7.8641,48.6642],[7.8806,48.6677],[7.8959,48.6765],[7.9233,48.6982],[7.9352,48.7033],[7.9484,48.7119],[7.9592,48.7214],[7.9636,48.7293],[7.9649,48.7483],[7.9701,48.7573],[7.9815,48.7598],[8.0096,48.7601],[8.0173,48.7618],[8.023,48.7651],[8.0251,48.7706],[8.0273,48.78],[8.0319,48.7853],[8.0366,48.7883],[8.0388,48.7908],[8.0475,48.791],[8.0842,48.8041],[8.0903,48.8075],[8.1027,48.8213],[8.1481,48.9037],[8.1793,48.9427],[8.1999,48.9582],[8.2003,48.9586],[8.1887,48.9657],[8.0904,48.9792],[7.9319,49.0348],[7.9138,49.0362],[7.8569,49.0323],[7.7737,49.0481],[7.7626,49.0462],[7.7391,49.0377],[7.7269,49.0357],[7.7173,49.0366],[7.6962,49.0416],[7.6851,49.0428],[7.6725,49.041],[7.6608,49.0377],[7.6488,49.0357],[7.6449,49.0363],[7.635,49.0378],[7.6257,49.043],[7.6159,49.056],[7.6086,49.062],[7.5864,49.0696],[7.5427,49.0746],[7.5209,49.0837],[7.5077,49.0946],[7.4851,49.1187],[7.471,49.1283],[7.4728,49.1316],[7.4753,49.1339],[7.4827,49.1371],[7.4761,49.1515],[7.458,49.1559],[7.4148,49.1578],[7.4105,49.1689],[7.3911,49.17],[7.3716,49.1662],[7.3676,49.1654],[7.351,49.1592],[7.3463,49.1542],[7.3391,49.1397],[7.334,49.1342],[7.3265,49.1318],[7.306,49.1301],[7.2971,49.1281],[7.2908,49.1231],[7.2803,49.109],[7.2744,49.105],[7.2681,49.1056],[7.2412,49.1139],[7.155,49.1144],[7.1393,49.1179],[7.1236,49.1233],[7.0853,49.1415],[7.0799,49.142],[7.0708,49.1361],[7.0716,49.1306],[7.0748,49.1254],[7.0732,49.1203],[7.0425,49.1076],[7.0205,49.119],[7.009,49.1464],[7.0095,49.1817],[6.9879,49.1824],[6.9254,49.2056],[6.9144,49.2067],[6.8852,49.2048],[6.8435,49.2111],[6.8335,49.2095],[6.8277,49.1956],[6.8352,49.1794],[6.839,49.1628],[6.8218,49.1478],[6.8091,49.1458],[6.7701,49.1553],[6.7256,49.1556],[6.7138,49.1589],[6.701,49.1729],[6.7038,49.1851],[6.7088,49.1978],[6.7025,49.2136],[6.6985,49.2136],[6.685,49.2078],[6.6806,49.2075],[6.6779,49.2111],[6.676,49.2189],[6.6748,49.2211],[6.6716,49.2253],[6.6638,49.2439],[6.6595,49.2468],[6.6457,49.25],[6.6403,49.2528],[6.6392,49.2568],[6.6412,49.2669],[6.6397,49.2712],[6.5732,49.3131],[6.5564,49.3264],[6.5501,49.338],[6.5556,49.3472],[6.5734,49.3477],[6.5777,49.3558],[6.5743,49.3618],[6.5257,49.3955],[6.5188,49.4022],[6.5208,49.4026],[6.5206,49.4081],[6.5179,49.4164],[6.5117,49.4247],[6.4945,49.4355],[6.4027,49.4655],[6.3917,49.4667],[6.3835,49.4646],[6.3645,49.4561],[6.3539,49.4548],[6.3453,49.4553],[6.3454,49.4627],[6.3423,49.493],[6.3488,49.5253],[6.3508,49.5349],[6.3508,49.5666],[6.3564,49.5776],[6.3715,49.593],[6.3976,49.6139],[6.4077,49.6274],[6.4152,49.6346],[6.4179,49.6391],[6.417,49.6458],[6.4109,49.6496],[6.4045,49.6525],[6.4027,49.6558],[6.4182,49.6699],[6.4917,49.7008],[6.4898,49.703],[6.4829,49.7081],[6.4864,49.7129],[6.491,49.7144],[6.4997,49.7122],[6.4926,49.7184],[6.4878,49.7256],[6.4855,49.7338],[6.4863,49.7427],[6.496,49.7482],[6.4964,49.7521],[6.4937,49.7566],[6.4938,49.7636],[6.4985,49.7854],[6.5,49.7861],[6.5001,49.7945],[6.5023,49.7959],[6.5026,49.7957],[6.4972,49.7994],[6.4933,49.7996],[6.4625,49.8055],[6.4145,49.8055],[6.3971,49.8086],[6.3801,49.8156],[6.3514,49.8333],[6.3344,49.8402],[6.3256,49.8404],[6.3107,49.8345],[6.3026,49.8349],[6.3016,49.8383],[6.2956,49.8486],[6.2915,49.8556],[6.2868,49.861],[6.2722,49.8671],[6.2383,49.8769],[6.2227,49.8871],[6.1898,49.9383],[6.1727,49.9562],[6.1619,49.9425],[6.154,49.9512],[6.1388,49.9793],[6.1215,49.9963],[6.1172,50.0044],[6.12,50.0155],[6.1138,50.0364],[6.1073,50.0446],[6.0964,50.0486],[6.1057,50.0603],[6.1094,50.0636],[6.1072,50.0638],[6.1012,50.0634],[6.0994,50.0641],[6.1057,50.0922],[6.1106,50.106],[6.1175,50.1205],[6.1266,50.1273],[6.1295,50.134],[6.126,50.1402],[6.1158,50.1455],[6.118,50.1504],[6.1213,50.1616],[6.1232,50.1649],[6.1317,50.1683],[6.1517,50.1693],[6.1591,50.1724],[6.1651,50.1819],[6.1658,50.1932],[6.1602,50.2045],[6.1468,50.214],[6.1572,50.2227],[6.1798,50.233],[6.1896,50.2427],[6.2104,50.249],[6.2534,50.2568],[6.2718,50.2674],[6.2673,50.2764],[6.2694,50.2865],[6.276,50.2961],[6.286,50.3039],[6.2995,50.3089],[6.3107,50.3082],[6.322,50.3054],[6.3355,50.3039],[6.362,50.307],[6.3745,50.3155],[6.3734,50.3231],[6.3725,50.3294],[6.3377,50.3681],[6.3364,50.3799],[6.3433,50.3933],[6.3504,50.4169],[6.3512,50.4336],[6.3473,50.437],[6.3402,50.4379],[6.3316,50.4469],[6.3262,50.457],[6.3233,50.466],[6.3257,50.474],[6.3369,50.481],[6.3187,50.4817],[6.2754,50.488],[6.2601,50.4927],[6.2578,50.4941],[6.2556,50.4946],[6.2531,50.4941],[6.2509,50.4927],[6.2171,50.486],[6.2072,50.4863],[6.1992,50.4904],[6.1907,50.5018],[6.1826,50.5066],[6.1906,50.5152],[6.1789,50.5158],[6.1708,50.518],[6.1695,50.5225],[6.1773,50.5302],[6.1607,50.5436],[6.1791,50.562],[6.2106,50.5787],[6.2329,50.5871],[6.2329,50.5908],[6.2443,50.5995],[6.2513,50.6084],[6.2491,50.6144],[6.18,50.6155],[6.1594,50.6224],[6.1478,50.6368],[6.1611,50.6422],[6.1002,50.7013],[6.081,50.7135],[6.0644,50.7145],[6.0248,50.7076],[6.0115,50.7085],[6.0076,50.7169],[6.0113,50.7274],[6.0108,50.7371],[5.9942,50.7426],[5.9927,50.7444],[5.9926,50.7463],[5.9933,50.7481],[5.9949,50.7499],[5.9971,50.7629],[5.9906,50.769],[5.9806,50.7734],[5.973,50.7818],[5.9688,50.7946],[5.984,50.7922],[5.9983,50.8007],[6.0036,50.8126],[6.0014,50.8218],[6.0005,50.8304],[6.0093,50.8405],[6.023,50.8454],[6.0456,50.8442],[6.0567,50.8527],[6.0628,50.8629],[6.0631,50.8709],[6.0546,50.8915],[6.0565,50.8981],[6.0618,50.9035],[6.0637,50.9075],[6.0311,50.9147],[6.0075,50.9241],[5.9999,50.9294],[5.9973,50.9374],[5.9958,50.9518],[5.9997,50.9601],[6.0058,50.9685],[6.0037,50.9737],[5.9678,50.971],[5.9416,50.9765],[5.9277,50.9777],[5.9142,50.9752],[5.8883,50.9671],[5.8746,50.9654],[5.8736,50.9906],[5.8582,51.0193],[5.8525,51.0428],[5.8805,51.0521],[5.8943,51.0471],[5.9062,51.0374],[5.9196,51.0297],[5.938,51.0309],[5.9503,51.0395],[5.9695,51.0649],[5.9829,51.0747],[6.0754,51.1204],[6.1324,51.1398],[6.1473,51.1523],[6.1263,51.1646],[6.1491,51.1763],[6.1571,51.1793],[6.1341,51.1842],[6.0843,51.1627],[6.0608,51.1709],[6.0537,51.1894],[6.0566,51.2117],[6.0652,51.2316],[6.0754,51.2427],[6.0965,51.2588],[6.1478,51.3182],[6.1582,51.3246],[6.1836,51.3357],[6.1936,51.3445],[6.1989,51.357],[6.202,51.3789],[6.2078,51.3877],[6.1927,51.399],[6.1941,51.4174],[6.2017,51.4386],[6.2053,51.4584],[6.2005,51.4766],[6.1933,51.5093],[6.153,51.5384],[6.0865,51.5955],[6.0821,51.6078],[6.0875,51.6221],[6.0992,51.6445],[6.0315,51.663],[6.0086,51.6812],[6.022,51.7095],[6.0121,51.7159],[5.9897,51.7264],[5.9783,51.7298],[5.9492,51.7294],[5.9393,51.7319],[5.9401,51.7426],[5.9461,51.7463],[5.9624,51.7564],[5.9641,51.7766],[5.9508,51.7959],[5.9422,51.8],[10.5,51.8]]]}},{"type":"Feature","properties":{"layer":"country","iso":"LUX","name":"Luxembourg"},"geometry":{"type":"Polygon","coordinates":[[[6.1175,50.1205],[6.1106,50.106],[6.1057,50.0922],[6.0994,50.0641],[6.1012,50.0634],[6.1072,50.0638],[6.1094,50.0636],[6.1057,50.0603],[6.0964,50.0486],[6.1073,50.0446],[6.1138,50.0364],[6.12,50.0155],[6.1172,50.0044],[6.1215,49.9963],[6.1388,49.9793],[6.154,49.9512],[6.1619,49.9425],[6.1727,49.9562],[6.1898,49.9383],[6.2227,49.8871],[6.2383,49.8769],[6.2722,49.8671],[6.2868,49.861],[6.2915,49.8556],[6.2956,49.8486],[6.3016,49.8383],[6.3026,49.8349],[6.3107,49.8345],[6.3256,49.8404],[6.3344,49.8402],[6.3514,49.8333],[6.3801,49.8156],[6.3971,49.8086],[6.4145,49.8055],[6.4625,49.8055],[6.4933,49.7996],[6.4972,49.7994],[6.5026,49.7957],[6.5023,49.7959],[6.5001,49.7945],[6.5,49.7861],[6.4985,49.7854],[6.4938,49.7636],[6.4937,49.7566],[6.4964,49.7521],[6.496,49.7482],[6.4863,49.7427],[6.4855,49.7338],[6.4878,49.7256],[6.4926,49.7184],[6.4997,49.7122],[6.491,49.7144],[6.4864,49.7129],[6.4829,49.7081],[6.4898,49.703],[6.4917,49.7008],[6.4182,49.6699],[6.4027,49.6558],[6.4045,49.6525],[6.4109,49.6496],[6.417,49.6458],[6.4179,49.6391],[6.4152,49.6346],[6.4077,49.6274],[6.3976,49.6139],[6.3715,49.593],[6.3564,49.5776],[6.3508,49.5666],[6.3508,49.5349],[6.3488,49.5253],[6.3423,49.493],[6.3454,49.4627],[6.3453,49.4553],[6.3253,49.4567],[6.2988,49.4662],[6.2511,49.4895],[6.2494,49.4903],[6.222,49.4974],[6.1936,49.4994],[6.1361,49.4953],[6.1426,49.4861],[6.1144,49.4844],[6.1073,49.4825],[6.102,49.4764],[6.1021,49.47],[6.0998,49.4646],[6.0877,49.4616],[6.078,49.452],[6.0633,49.4485],[5.9781,49.4451],[5.9607,49.4413],[5.947,49.47],[5.9281,49.4823],[5.8647,49.4922],[5.8396,49.4999],[5.8221,49.5105],[5.7907,49.5378],[5.8145,49.5451],[5.8374,49.5611],[5.8469,49.5767],[5.83,49.5828],[5.8412,49.5897],[5.8492,49.5997],[5.862,49.6228],[5.87,49.6289],[5.8799,49.6349],[5.8855,49.6435],[5.8799,49.6577],[5.8726,49.6617],[5.8526,49.6632],[5.8458,49.6666],[5.8423,49.6739],[5.8437,49.6775],[5.8467,49.6807],[5.8472,49.6872],[5.8488,49.6927],[5.8536,49.6963],[5.8573,49.7004],[5.8564,49.7058],[5.856,49.7081],[5.8502,49.714],[5.8437,49.7143],[5.8373,49.7129],[5.8317,49.7136],[5.8257,49.7158],[5.8118,49.7185],[5.8054,49.7219],[5.8058,49.7242],[5.8036,49.7382],[5.8021,49.7429],[5.7785,49.773],[5.7719,49.7794],[5.7592,49.7845],[5.7484,49.7856],[5.7383,49.7888],[5.7277,49.8002],[5.7216,49.8128],[5.7202,49.8247],[5.7246,49.8343],[5.7365,49.8394],[5.7269,49.8452],[5.7287,49.8488],[5.7305,49.8512],[5.732,49.8542],[5.7319,49.86],[5.7581,49.8582],[5.7488,49.8673],[5.7267,49.8782],[5.7149,49.8819],[5.719,49.8914],[5.7536,49.9302],[5.7576,49.9365],[5.76,49.9416],[5.7637,49.9468],[5.7716,49.9535],[5.7786,49.9566],[5.7934,49.9588],[5.8016,49.9638],[5.8126,49.9776],[5.8086,49.9831],[5.8015,49.9887],[5.8027,50.0025],[5.8089,50.0078],[5.8291,50.0136],[5.8364,50.0185],[5.8388,50.0265],[5.8388,50.0359],[5.8377,50.0474],[5.8437,50.0536],[5.8583,50.0618],[5.8644,50.0675],[5.8669,50.0743],[5.8688,50.0905],[5.8724,50.0969],[5.889,50.1066],[5.9262,50.1183],[5.9411,50.1283],[5.949,50.1427],[5.9532,50.1564],[5.9616,50.1656],[5.9829,50.1671],[5.9983,50.175],[6.0047,50.1705],[6.008,50.1609],[6.0141,50.1536],[6.023,50.1508],[6.0274,50.1494],[6.0386,50.1484],[6.0614,50.1507],[6.07,50.1542],[6.0765,50.1586],[6.0842,50.1593],[6.0971,50.1513],[6.1015,50.1421],[6.1003,50.1327],[6.1026,50.1247],[6.1175,50.1205]]]}},{"type":"Feature","properties":{"layer":"country","iso":"BEL","name":"Belgique"},"geometry":{"type":"Polygon","coordinates":[[[2.5218,51.0875],[2.542,51.0969],[2.5799,51.1048],[2.7157,51.1695],[2.9236,51.2465],[3.1248,51.3297],[3.349,51.3751],[3.3494,51.3752],[3.3581,51.3367],[3.3539,51.3119],[3.3532,51.2886],[3.3674,51.2635],[3.3917,51.2468],[3.3988,51.2447],[3.4219,51.238],[3.4539,51.2356],[3.5012,51.2403],[3.5041,51.2497],[3.5015,51.2624],[3.5034,51.274],[3.5143,51.281],[3.529,51.2833],[3.545,51.2839],[3.5848,51.2895],[3.6095,51.2904],[3.6351,51.2878],[3.7573,51.2623],[3.7762,51.2545],[3.7814,51.2414],[3.7797,51.2303],[3.7814,51.2199],[3.7963,51.2088],[3.8087,51.2053],[3.927,51.2063],[3.9495,51.2108],[3.995,51.2332],[4.119,51.2724],[4.1686,51.2969],[4.2079,51.3306],[4.2135,51.3405],[4.221,51.3638],[4.2215,51.368],[4.2222,51.3677],[4.2411,51.3566],[4.249,51.3467],[4.2561,51.3284],[4.2726,51.3158],[4.2908,51.3059],[4.303,51.2961],[4.3067,51.2897],[4.3081,51.2836],[4.3054,51.2766],[4.2987,51.2696],[4.2967,51.2676],[4.3084,51.2712],[4.3164,51.2768],[4.3308,51.2961],[4.2971,51.3052],[4.2893,51.3091],[4.2854,51.318],[4.2861,51.3397],[4.2831,51.3501],[4.2756,51.3581],[4.2611,51.3694],[4.2811,51.3689],[4.2901,51.3688],[4.3263,51.3564],[4.3456,51.3523],[4.3922,51.3504],[4.4112,51.3567],[4.4162,51.374],[4.4101,51.3838],[4.3877,51.4005],[4.3799,51.4095],[4.3806,51.4197],[4.3872,51.4275],[4.3892,51.4346],[4.3771,51.4429],[4.4294,51.462],[4.4831,51.4743],[4.5126,51.4774],[4.5252,51.4759],[4.5332,51.4676],[4.5318,51.4509],[4.5234,51.4384],[4.5215,51.4286],[4.5406,51.4201],[4.5539,51.4193],[4.5827,51.4226],[4.6146,51.4176],[4.6301,51.4182],[4.6436,51.4214],[4.6539,51.4262],[4.7312,51.4856],[4.7642,51.4962],[4.7787,51.4954],[4.7968,51.491],[4.8136,51.4841],[4.8239,51.4756],[4.8261,51.4606],[4.8199,51.4462],[4.8154,51.4311],[4.8227,51.4137],[4.7791,51.4264],[4.7678,51.4254],[4.7621,51.4134],[4.7833,51.4076],[4.8533,51.4061],[4.8717,51.403],[4.9103,51.3919],[4.9319,51.3956],[4.9571,51.411],[4.9802,51.4305],[4.9958,51.4467],[5.0027,51.459],[5.0061,51.4683],[5.0121,51.4743],[5.0275,51.4768],[5.0303,51.4744],[5.0603,51.462],[5.0799,51.4385],[5.0764,51.4219],[5.0653,51.4059],[5.0617,51.3843],[5.0681,51.3745],[5.1026,51.3507],[5.1078,51.342],[5.1181,51.3199],[5.1229,51.3134],[5.1402,51.3074],[5.1788,51.3095],[5.1973,51.3083],[5.2149,51.2943],[5.2154,51.2587],[5.233,51.2559],[5.2395,51.2569],[5.2707,51.2618],[5.3891,51.2587],[5.4099,51.2635],[5.4519,51.2821],[5.4716,51.2881],[5.4932,51.2865],[5.5167,51.2772],[5.5352,51.262],[5.5423,51.2427],[5.5455,51.2199],[5.5514,51.2168],[5.5684,51.2077],[5.625,51.1969],[5.6385,51.1909],[5.6482,51.184],[5.659,51.1791],[5.6762,51.1792],[5.718,51.1846],[5.7308,51.1838],[5.7472,51.1776],[5.7681,51.1595],[5.7814,51.1524],[5.8121,51.1573],[5.8291,51.1565],[5.838,51.1437],[5.8405,51.1389],[5.8264,51.1302],[5.8232,51.1187],[5.846,51.1034],[5.8368,51.0995],[5.8267,51.0969],[5.8159,51.0959],[5.8049,51.0966],[5.8074,51.0894],[5.809,51.0863],[5.8118,51.0823],[5.8043,51.0686],[5.7988,51.0615],[5.7913,51.055],[5.7796,51.0613],[5.7715,51.0581],[5.7664,51.0484],[5.764,51.0352],[5.7776,51.0236],[5.7617,50.9992],[5.7224,50.9594],[5.7447,50.9632],[5.7543,50.9631],[5.764,50.9594],[5.7525,50.9472],[5.7353,50.924],[5.7224,50.9117],[5.7176,50.9092],[5.706,50.9066],[5.6945,50.9037],[5.6223,50.8527],[5.6245,50.8303],[5.6407,50.815],[5.6574,50.8076],[5.6633,50.8051],[5.6849,50.7985],[5.7005,50.7956],[5.6987,50.7838],[5.6884,50.7608],[5.7066,50.7542],[5.7174,50.7528],[5.7278,50.7542],[5.7328,50.7589],[5.7436,50.7691],[5.7524,50.7734],[5.7625,50.771],[5.7829,50.7567],[5.7932,50.7521],[5.8799,50.7535],[5.8913,50.7512],[5.9022,50.749],[5.9748,50.7475],[5.9949,50.7499],[5.9933,50.7481],[5.9926,50.7463],[5.9927,50.7444],[5.9942,50.7426],[6.0108,50.7371],[6.0113,50.7274],[6.0076,50.7169],[6.0115,50.7085],[6.0248,50.7076],[6.0644,50.7145],[6.081,50.7135],[6.1002,50.7013],[6.1611,50.6422],[6.1478,50.6368],[6.1594,50.6224],[6.18,50.6155],[6.2491,50.6144],[6.2513,50.6084],[6.2443,50.5995],[6.2329,50.5908],[6.2329,50.5871],[6.2106,50.5787],[6.1791,50.562],[6.1607,50.5436],[6.1773,50.5302],[6.1695,50.5225],[6.1708,50.518],[6.1789,50.5158],[6.1906,50.5152],[6.1826,50.5066],[6.1907,50.5018],[6.1992,50.4904],[6.2072,50.4863],[6.2171,50.486],[6.2509,50.4927],[6.2531,50.4941],[6.2556,50.4946],[6.2578,50.4941],[6.2601,50.4927],[6.2754,50.488],[6.3187,50.4817],[6.3369,50.481],[6.3257,50.474],[6.3233,50.466],[6.3262,50.457],[6.3316,50.4469],[6.3402,50.4379],[6.3473,50.437],[6.3512,50.4336],[6.3504,50.4169],[6.3433,50.3933],[6.3364,50.3799],[6.3377,50.3681],[6.3725,50.3294],[6.3734,50.3231],[6.3745,50.3155],[6.362,50.307],[6.3355,50.3039],[6.322,50.3054],[6.3107,50.3082],[6.2995,50.3089],[6.286,50.3039],[6.276,50.2961],[6.2694,50.2865],[6.2673,50.2764],[6.2718,50.2674],[6.2534,50.2568],[6.2104,50.249],[6.1896,50.2427],[6.1798,50.233],[6.1572,50.2227],[6.1468,50.214],[6.1602,50.2045],[6.1658,50.1932],[6.1651,50.1819],[6.1591,50.1724],[6.1517,50.1693],[6.1317,50.1683],[6.1232,50.1649],[6.1213,50.1616],[6.118,50.1504],[6.1158,50.1455],[6.126,50.1402],[6.1295,50.134],[6.1266,50.1273],[6.1175,50.1205],[6.1026,50.1247],[6.1003,50.1327],[6.1015,50.1421],[6.0971,50.1513],[6.0842,50.1593],[6.0765,50.1586],[6.07,50.1542],[6.0614,50.1507],[6.0386,50.1484],[6.0274,50.1494],[6.023,50.1508],[6.0141,50.1536],[6.008,50.1609],[6.0047,50.1705],[5.9983,50.175],[5.9829,50.1671],[5.9616,50.1656],[5.9532,50.1564],[5.949,50.1427],[5.9411,50.1283],[5.9262,50.1183],[5.889,50.1066],[5.8724,50.0969],[5.8688,50.0905],[5.8669,50.0743],[5.8644,50.0675],[5.8583,50.0618],[5.8437,50.0536],[5.8377,50.0474],[5.8388,50.0359],[5.8388,50.0265],[5.8364,50.0185],[5.8291,50.0136],[5.8089,50.0078],[5.8027,50.0025],[5.8015,49.9887],[5.8086,49.9831],[5.8126,49.9776],[5.8016,49.9638],[5.7934,49.9588],[5.7786,49.9566],[5.7716,49.9535],[5.7637,49.9468],[5.76,49.9416],[5.7576,49.9365],[5.7536,49.9302],[5.719,49.8914],[5.7149,49.8819],[5.7267,49.8782],[5.7488,49.8673],[5.7581,49.8582],[5.7319,49.86],[5.732,49.8542],[5.7305,49.8512],[5.7287,49.8488],[5.7269,49.8452],[5.7365,49.8394],[5.7246,49.8343],[5.7202,49.8247],[5.7216,49.8128],[5.7277,49.8002],[5.7383,49.7888],[5.7484,49.7856],[5.7592,49.7845],[5.7719,49.7794],[5.7785,49.773],[5.8021,49.7429],[5.8036,49.7382],[5.8058,49.7242],[5.8054,49.7219],[5.8118,49.7185],[5.8257,49.7158],[5.8317,49.7136],[5.8373,49.7129],[5.8437,49.7143],[5.8502,49.714],[5.856,49.7081],[5.8564,49.7058],[5.8573,49.7004],[5.8536,49.6963],[5.8488,49.6927],[5.8472,49.6872],[5.8467,49.6807],[5.8437,49.6775],[5.8423,49.6739],[5.8458,49.6666],[5.8526,49.6632],[5.8726,49.6617],[5.8799,49.6577],[5.8855,49.6435],[5.8799,49.6349],[5.87,49.6289],[5.862,49.6228],[5.8492,49.5997],[5.8412,49.5897],[5.83,49.5828],[5.8469,49.5767],[5.8374,49.5611],[5.8145,49.5451],[5.7907,49.5378],[5.779,49.5396],[5.7571,49.5484],[5.7463,49.5494],[5.7356,49.5457],[5.7227,49.5346],[5.7103,49.5311],[5.6887,49.5335],[5.6672,49.5404],[5.6446,49.5438],[5.6197,49.5355],[5.6079,49.5249],[5.6056,49.5178],[5.6023,49.5137],[5.5875,49.5124],[5.5789,49.5139],[5.5476,49.5234],[5.5288,49.518],[5.5037,49.5051],[5.4777,49.4952],[5.4561,49.4989],[5.4499,49.5078],[5.451,49.5168],[5.4542,49.5262],[5.4544,49.5366],[5.4502,49.5458],[5.4021,49.6025],[5.3912,49.6088],[5.3835,49.6133],[5.3525,49.6207],[5.3411,49.6251],[5.3349,49.6258],[5.3312,49.6231],[5.3269,49.6176],[5.3217,49.6126],[5.3145,49.6111],[5.2979,49.6133],[5.293,49.6172],[5.2907,49.6264],[5.2938,49.6405],[5.3018,49.6439],[5.3064,49.6475],[5.2994,49.6625],[5.2801,49.6779],[5.2592,49.6913],[5.2376,49.691],[5.1925,49.6828],[5.1694,49.6872],[5.1512,49.696],[5.1364,49.7053],[5.0938,49.7453],[5.0819,49.7527],[5.0462,49.7594],[5.0263,49.7667],[4.9891,49.7906],[4.971,49.7971],[4.9684,49.797],[4.95,49.7964],[4.9066,49.7865],[4.8842,49.7841],[4.858,49.7866],[4.849,49.7942],[4.8492,49.8316],[4.8468,49.8375],[4.8369,49.848],[4.8349,49.853],[4.8367,49.8591],[4.8456,49.8658],[4.8489,49.8711],[4.8543,49.8833],[4.8594,49.8917],[4.862,49.9003],[4.8602,49.9133],[4.8446,49.9317],[4.7973,49.9443],[4.7839,49.9583],[4.7883,49.9743],[4.8267,50.036],[4.8276,50.0467],[4.8261,50.055],[4.8272,50.0641],[4.846,50.0907],[4.8521,50.0916],[4.8629,50.0841],[4.8652,50.1016],[4.8705,50.1223],[4.8719,50.1398],[4.8627,50.1476],[4.8314,50.1434],[4.8201,50.1464],[4.8156,50.1613],[4.7886,50.1534],[4.6819,50.0839],[4.6761,50.0761],[4.6734,50.0662],[4.6758,50.0602],[4.6795,50.0552],[4.6806,50.0483],[4.6729,50.0164],[4.6659,50.0005],[4.6567,49.9891],[4.6458,49.9845],[4.6042,49.9802],[4.4648,49.9356],[4.4351,49.9323],[4.4277,49.9336],[4.2776,49.9602],[4.216,49.9544],[4.2011,49.953],[4.1877,49.9555],[4.1317,49.975],[4.1324,49.9749],[4.1396,49.9745],[4.1384,49.9892],[4.1329,50.0045],[4.1282,50.0058],[4.1323,50.0176],[4.1373,50.0251],[4.1446,50.0308],[4.1629,50.0418],[4.186,50.0525],[4.21,50.0602],[4.2103,50.0667],[4.2034,50.0747],[4.1974,50.0841],[4.1806,50.1272],[4.1706,50.1305],[4.1599,50.1294],[4.1399,50.1236],[4.1258,50.1282],[4.1282,50.1462],[4.1474,50.1863],[4.1527,50.2045],[4.1573,50.2127],[4.1679,50.2225],[4.1915,50.2343],[4.2013,50.2415],[4.2037,50.252],[4.1976,50.2585],[4.1852,50.2655],[4.1718,50.2709],[4.1628,50.273],[4.1503,50.2695],[4.1498,50.2631],[4.151,50.2563],[4.1437,50.2516],[4.1253,50.2571],[4.0979,50.2948],[4.0772,50.3066],[4.0559,50.3146],[4.0227,50.3381],[4.0033,50.3441],[3.9821,50.3426],[3.9186,50.3255],[3.8959,50.3253],[3.878,50.3308],[3.8609,50.3385],[3.8402,50.3452],[3.7987,50.3485],[3.755,50.3463],[3.7415,50.3431],[3.7334,50.3372],[3.7155,50.3177],[3.7111,50.3093],[3.7084,50.3063],[3.7039,50.3043],[3.7022,50.3053],[3.7008,50.3047],[3.6969,50.2982],[3.6617,50.3193],[3.6529,50.3602],[3.6528,50.4068],[3.6444,50.4455],[3.6281,50.4644],[3.6083,50.4765],[3.5864,50.4835],[3.5637,50.4865],[3.4991,50.4868],[3.4867,50.4927],[3.4965,50.5038],[3.498,50.5119],[3.4915,50.5171],[3.4771,50.5199],[3.4629,50.5191],[3.4526,50.5149],[3.4427,50.5085],[3.4292,50.5018],[3.3854,50.4916],[3.3611,50.4898],[3.3436,50.4929],[3.2999,50.5075],[3.2868,50.5141],[3.271,50.5269],[3.2659,50.5383],[3.2643,50.5702],[3.2379,50.6265],[3.2298,50.6554],[3.2438,50.6721],[3.2324,50.6959],[3.2244,50.7052],[3.211,50.708],[3.1969,50.7092],[3.189,50.7151],[3.1767,50.7341],[3.1628,50.7499],[3.1462,50.7689],[3.1292,50.7791],[3.1033,50.7841],[3.0238,50.7683],[2.9714,50.7578],[2.9484,50.7487],[2.9302,50.7362],[2.9001,50.7031],[2.8869,50.6966],[2.8713,50.6988],[2.8667,50.7001],[2.7867,50.7234],[2.7682,50.7332],[2.763,50.7394],[2.7495,50.7596],[2.7438,50.7662],[2.7066,50.7888],[2.7,50.7963],[2.6969,50.803],[2.6919,50.8088],[2.6787,50.8132],[2.6692,50.8139],[2.6506,50.8122],[2.6425,50.8125],[2.6278,50.8144],[2.6204,50.8165],[2.6152,50.8222],[2.6066,50.8348],[2.602,50.8381],[2.5899,50.842],[2.5867,50.8454],[2.5878,50.85],[2.5955,50.8611],[2.5967,50.8676],[2.5769,50.9115],[2.5827,50.9207],[2.6058,50.9352],[2.6117,50.9412],[2.6084,50.9611],[2.5927,50.9761],[2.557,51.0012],[2.5471,51.0205],[2.537,51.0646],[2.5218,51.0875]]]}},{"type":"Feature","properties":{"layer":"country","iso":"ESP","name":"Espagne"},"geometry":{"type":"MultiPolygon","coordinates":[[[[-1.7941,43.386],[-1.7964,43.3744],[-1.7972,43.3533],[-1.7969,43.3411],[-1.7682,43.3309],[-1.7558,43.3185],[-1.7524,43.2991],[-1.7497,43.2948],[-1.7474,43.291],[-1.7366,43.2923],[-1.7248,43.2965],[-1.7033,43.2986],[-1.683,43.3049],[-1.6739,43.3042],[-1.6549,43.2975],[-1.645,43.2924],[-1.6452,43.2876],[-1.648,43.2815],[-1.6463,43.2728],[-1.639,43.2557],[-1.6341,43.2511],[-1.6219,43.247],[-1.6111,43.2458],[-1.5985,43.247],[-1.5876,43.2516],[-1.5819,43.2604],[-1.574,43.2774],[-1.559,43.2841],[-1.5392,43.2836],[-1.5081,43.2768],[-1.4664,43.2608],[-1.4553,43.2622],[-1.4442,43.2651],[-1.4322,43.265],[-1.4035,43.2433],[-1.3997,43.2067],[-1.4105,43.1669],[-1.4258,43.1353],[-1.4384,43.1228],[-1.4796,43.0903],[-1.4878,43.0818],[-1.4753,43.0601],[-1.4571,43.0451],[-1.435,43.0357],[-1.4105,43.0309],[-1.3831,43.0292],[-1.3661,43.0333],[-1.3576,43.0468],[-1.3552,43.073],[-1.3483,43.0931],[-1.3311,43.1073],[-1.3086,43.1136],[-1.286,43.1092],[-1.307,43.096],[-1.3151,43.0829],[-1.3106,43.0695],[-1.2937,43.0552],[-1.2749,43.0468],[-1.2169,43.0393],[-1.1825,43.0253],[-1.1499,43.0057],[-1.1124,43.0083],[-1.1037,43.0057],[-1.0872,42.998],[-1.0797,42.9934],[-1.0451,42.9902],[-1.0285,42.9867],[-1.0163,42.9762],[-0.9815,42.957],[-0.9432,42.9479],[-0.8635,42.9431],[-0.7864,42.9533],[-0.7597,42.9465],[-0.745,42.9187],[-0.7409,42.9109],[-0.7414,42.9039],[-0.7448,42.8993],[-0.7459,42.8939],[-0.7403,42.8848],[-0.7301,42.8775],[-0.7203,42.8766],[-0.7105,42.8777],[-0.7004,42.8764],[-0.6661,42.8607],[-0.6483,42.8498],[-0.6095,42.8114],[-0.608,42.8072],[-0.61,42.8028],[-0.6102,42.7991],[-0.6036,42.7968],[-0.5873,42.7968],[-0.5829,42.7958],[-0.5771,42.7898],[-0.5785,42.7833],[-0.5787,42.7773],[-0.569,42.7726],[-0.5612,42.7735],[-0.5444,42.782],[-0.5356,42.7842],[-0.5339,42.808],[-0.5084,42.8075],[-0.4545,42.7889],[-0.4239,42.7907],[-0.3997,42.8013],[-0.3517,42.8292],[-0.343,42.8227],[-0.3352,42.825],[-0.3282,42.8326],[-0.3228,42.8425],[-0.3074,42.8318],[-0.3051,42.8308],[-0.247,42.8048],[-0.2351,42.7862],[-0.2084,42.7839],[-0.1794,42.7897],[-0.1614,42.7953],[-0.1636,42.778],[-0.1578,42.7607],[-0.1457,42.7459],[-0.1292,42.7359],[-0.1231,42.7304],[-0.1218,42.7233],[-0.119,42.7169],[-0.1085,42.7134],[-0.0958,42.7107],[-0.0889,42.7061],[-0.0842,42.7011],[-0.0784,42.6967],[-0.0389,42.6851],[-0.0043,42.6875],[0.0728,42.7085],[0.1342,42.7152],[0.1529,42.7246],[0.1692,42.7265],[0.2224,42.7162],[0.2384,42.7104],[0.2598,42.6824],[0.2754,42.6687],[0.2902,42.6703],[0.3183,42.6995],[0.336,42.7127],[0.3542,42.7175],[0.3818,42.7001],[0.384,42.6969],[0.3837,42.6927],[0.3844,42.6886],[0.3893,42.6851],[0.4093,42.6823],[0.4288,42.683],[0.4669,42.6904],[0.4835,42.6853],[0.6082,42.688],[0.6436,42.6845],[0.6567,42.688],[0.6634,42.6962],[0.6654,42.6987],[0.6664,42.7148],[0.6596,42.7299],[0.6476,42.741],[0.6335,42.7448],[0.6396,42.7548],[0.6433,42.7591],[0.6507,42.7634],[0.6397,42.7747],[0.6537,42.8027],[0.6516,42.8241],[0.6563,42.8384],[0.6794,42.8451],[0.7068,42.8466],[0.7243,42.8453],[0.7588,42.8353],[0.7763,42.8325],[0.7957,42.8338],[0.8129,42.8316],[0.8561,42.8128],[0.8858,42.8042],[0.8944,42.7993],[0.9104,42.7877],[0.9211,42.7844],[0.9306,42.788],[0.94,42.7937],[0.9503,42.7961],[0.9587,42.7937],[0.9753,42.7837],[0.9829,42.7804],[1.0682,42.7761],[1.0891,42.7713],[1.1067,42.7596],[1.1166,42.7452],[1.1241,42.7297],[1.1343,42.716],[1.1515,42.7067],[1.1625,42.7057],[1.1959,42.7136],[1.3191,42.7134],[1.3426,42.7087],[1.3382,42.6944],[1.3433,42.6904],[1.3527,42.6901],[1.3611,42.6867],[1.3788,42.6632],[1.398,42.6436],[1.4148,42.6093],[1.4293,42.5954],[1.4249,42.5894],[1.4193,42.5793],[1.418,42.5698],[1.4264,42.5656],[1.4263,42.5618],[1.4098,42.5406],[1.4065,42.5292],[1.429,42.5315],[1.4466,42.5199],[1.45,42.5041],[1.4302,42.4936],[1.4245,42.4925],[1.4076,42.4868],[1.4364,42.4535],[1.4364,42.441],[1.4479,42.4346],[1.5085,42.4287],[1.5166,42.4295],[1.5282,42.4342],[1.5345,42.4399],[1.5389,42.4457],[1.5444,42.4504],[1.6075,42.4564],[1.6395,42.4664],[1.6504,42.4934],[1.654,42.4965],[1.657,42.4976],[1.6598,42.4968],[1.6624,42.4937],[1.6742,42.4905],[1.6863,42.4906],[1.6975,42.4945],[1.707,42.5028],[1.71,42.5013],[1.712,42.4993],[1.7127,42.4968],[1.7122,42.4937],[1.7306,42.4881],[1.7927,42.4817],[1.8137,42.4752],[1.8698,42.4468],[1.8932,42.4427],[1.912,42.442],[1.9275,42.4369],[1.9411,42.4201],[1.9542,42.3827],[1.9637,42.3672],[1.9834,42.3545],[1.9957,42.3487],[2.0092,42.3471],[2.0353,42.3493],[2.0517,42.3524],[2.0633,42.3579],[2.0801,42.3713],[2.104,42.3848],[2.1087,42.3906],[2.1163,42.4054],[2.121,42.4106],[2.137,42.4162],[2.1842,42.4118],[2.246,42.4261],[2.2774,42.4286],[2.3053,42.417],[2.3173,42.4096],[2.3755,42.3893],[2.4066,42.3843],[2.4225,42.3837],[2.4299,42.3675],[2.4456,42.352],[2.4649,42.3406],[2.4834,42.337],[2.5036,42.3285],[2.5148,42.3257],[2.5253,42.3259],[2.532,42.3308],[2.5403,42.347],[2.5481,42.3522],[2.5674,42.3526],[2.6134,42.341],[2.6354,42.3379],[2.6622,42.339],[2.6618,42.3434],[2.6494,42.3537],[2.6403,42.3728],[2.6482,42.3815],[2.6904,42.4062],[2.7081,42.4129],[2.7285,42.414],[2.7677,42.4096],[2.7886,42.412],[2.8046,42.4196],[2.8348,42.4413],[2.8508,42.4484],[2.8669,42.4496],[2.8841,42.4492],[2.9008,42.4513],[2.9337,42.4702],[2.9661,42.461],[2.9831,42.4693],[2.9937,42.4676],[3.023,42.467],[3.0296,42.4657],[3.036,42.4546],[3.0439,42.4453],[3.0536,42.4376],[3.0656,42.432],[3.0861,42.4272],[3.1117,42.425],[3.1378,42.4259],[3.181,42.4315],[3.1787,42.418],[3.1702,42.3966],[3.1745,42.3809],[3.1745,42.3638],[3.1873,42.3495],[3.2042,42.3396],[3.2265,42.3425],[3.2498,42.3432],[3.263,42.3292],[3.2699,42.3292],[3.2806,42.3369],[3.2937,42.335],[3.3177,42.323],[3.294,42.288],[3.2904,42.2781],[3.287,42.2629],[3.2794,42.2556],[3.2704,42.2501],[3.263,42.2399],[3.2472,42.2457],[3.2101,42.2397],[3.1787,42.2497],[3.1702,42.2597],[3.1516,42.2568],[3.1303,42.2397],[3.1188,42.2183],[3.1174,42.1828],[3.1165,42.1584],[3.1225,42.1405],[3.1386,42.1276],[3.1731,42.112],[3.1923,42.0929],[3.2145,42.0683],[3.213,42.056],[3.1999,42.0462],[3.1959,42.0331],[3.2016,42.0174],[3.207,41.9967],[3.2079,41.99],[3.2118,41.9846],[3.2306,41.973],[3.2357,41.9655],[3.2322,41.946],[3.2074,41.9139],[3.1949,41.8883],[3.1786,41.8752],[3.1502,41.8454],[3.1168,41.8476],[3.0786,41.8266],[3.0691,41.7991],[3.0403,41.7869],[2.9509,41.7343],[2.933,41.7125],[2.9009,41.7067],[2.8773,41.702],[2.8511,41.6972],[2.8402,41.6946],[2.8355,41.6926],[2.8202,41.682],[2.8171,41.6776],[2.8132,41.6703],[2.8037,41.6686],[2.792,41.669],[2.7785,41.6456],[2.6519,41.6053],[2.4495,41.5352],[2.429,41.5189],[2.3713,41.4892],[2.2967,41.4653],[2.2673,41.4486],[2.2404,41.421],[2.1919,41.3568],[2.1633,41.3266],[2.1305,41.3037],[2.0603,41.2746],[2.0197,41.2659],[1.9513,41.2607],[1.8841,41.2475],[1.8638,41.2381],[1.854,41.236],[1.8198,41.2371],[1.6244,41.1922],[1.5392,41.1874],[1.2881,41.1163],[1.2178,41.1047],[1.2101,41.0999],[1.1925,41.076],[1.1886,41.0683],[1.1836,41.0626],[1.1729,41.0587],[1.1491,41.0696],[1.1417,41.0717],[1.0977,41.0709],[1.0557,41.0649],[1.0174,41.0518],[0.9904,41.0397],[0.9376,41],[-6.5,41],[-6.5,41.2936],[-6.4959,41.2949],[-6.4631,41.3141],[-6.431,41.339],[-6.3996,41.3775],[-6.3955,41.3784],[-6.3832,41.3765],[-6.3792,41.3775],[-6.3767,41.383],[-6.3755,41.3908],[-6.3762,41.3969],[-6.3792,41.3973],[-6.3662,41.4052],[-6.3523,41.4093],[-6.3211,41.411],[-6.321,41.4196],[-6.2829,41.4656],[-6.2825,41.4723],[-6.2852,41.479],[-6.2859,41.4869],[-6.2795,41.497],[-6.2536,41.5175],[-6.2059,41.5703],[-6.2161,41.5801],[-6.2301,41.5949],[-6.2722,41.6282],[-6.3171,41.6501],[-6.3659,41.6636],[-6.4471,41.6762],[-6.4608,41.6766],[-6.4677,41.6721],[-6.4744,41.6659],[-6.488,41.6588],[-6.5,41.6542],[-6.5,43.5529],[-6.4997,43.5531],[-6.4883,43.5551],[-6.463,43.555],[-6.4648,43.5597],[-6.4673,43.5709],[-6.4691,43.5754],[-6.4553,43.5733],[-6.4318,43.5634],[-6.4176,43.5611],[-6.3661,43.5686],[-6.3146,43.5686],[-6.3,43.5706],[-6.2739,43.5796],[-6.25,43.5841],[-6.2439,43.5893],[-6.2364,43.5943],[-6.2228,43.5959],[-6.191,43.5786],[-6.178,43.5754],[-6.1004,43.5692],[-6.085,43.5754],[-6.0692,43.5697],[-6.0542,43.5746],[-6.0392,43.5831],[-6.0235,43.5884],[-5.9074,43.5884],[-5.9022,43.5975],[-5.9088,43.6049],[-5.9131,43.6129],[-5.9006,43.6232],[-5.9026,43.6265],[-5.9053,43.6338],[-5.9074,43.6368],[-5.8752,43.6368],[-5.8635,43.6414],[-5.859,43.6536],[-5.8522,43.663],[-5.8363,43.6622],[-5.8038,43.6505],[-5.7823,43.637],[-5.7274,43.5895],[-5.7089,43.5686],[-5.702,43.5686],[-5.6968,43.5828],[-5.6892,43.5786],[-5.6775,43.5611],[-5.6256,43.555],[-5.4242,43.5611],[-5.3939,43.5552],[-5.3907,43.5413],[-5.4036,43.5254],[-5.4208,43.5134],[-5.4139,43.5065],[-5.4037,43.5111],[-5.3826,43.5164],[-5.3724,43.5202],[-5.3651,43.5267],[-5.3622,43.5334],[-5.3568,43.5386],[-5.3419,43.5406],[-5.2999,43.5377],[-5.284,43.5335],[-5.2119,43.4984],[-5.1779,43.4894],[-5.0917,43.4863],[-5.0677,43.4814],[-5.057,43.4686],[-5.045,43.4743],[-4.9752,43.4588],[-4.9671,43.4609],[-4.9525,43.4701],[-4.941,43.4717],[-4.9302,43.4695],[-4.9076,43.4606],[-4.8365,43.4498],[-4.755,43.4217],[-4.7349,43.4171],[-4.5123,43.4027],[-4.5082,43.4025],[-4.4817,43.3836],[-4.4608,43.3987],[-4.4325,43.4026],[-4.4049,43.397],[-4.3856,43.3836],[-4.3793,43.3836],[-4.3688,43.3962],[-4.3594,43.3997],[-4.3128,43.3958],[-4.1886,43.4054],[-4.161,43.4212],[-4.0977,43.4356],[-4.074,43.4383],[-4.0292,43.4383],[-4.0234,43.4409],[-4.0226,43.4457],[-4.0209,43.4504],[-4.0128,43.4525],[-4.0057,43.4508],[-3.9814,43.4383],[-3.9765,43.4429],[-3.972,43.4442],[-3.9672,43.4442],[-3.961,43.4451],[-3.9654,43.4468],[-3.9746,43.4525],[-3.9746,43.4588],[-3.9401,43.4771],[-3.9227,43.4826],[-3.9063,43.4792],[-3.8938,43.4849],[-3.8909,43.4837],[-3.8859,43.4792],[-3.8568,43.4924],[-3.8267,43.497],[-3.797,43.4927],[-3.7692,43.4792],[-3.8127,43.4649],[-3.831,43.456],[-3.8443,43.4451],[-3.8339,43.4359],[-3.8293,43.4331],[-3.8238,43.4308],[-3.8273,43.43],[-3.83,43.4301],[-3.8315,43.4291],[-3.8313,43.4246],[-3.8202,43.4243],[-3.8112,43.4255],[-3.7965,43.4308],[-3.7895,43.4359],[-3.7762,43.4497],[-3.7723,43.4525],[-3.7635,43.4503],[-3.7541,43.4405],[-3.745,43.4383],[-3.7407,43.4423],[-3.743,43.4514],[-3.7489,43.4607],[-3.7555,43.4655],[-3.7555,43.4717],[-3.7415,43.4702],[-3.7357,43.4688],[-3.7289,43.4655],[-3.7272,43.4705],[-3.7258,43.4705],[-3.7214,43.4717],[-3.7289,43.4792],[-3.7179,43.4827],[-3.6884,43.4842],[-3.677,43.4894],[-3.6671,43.4966],[-3.6561,43.5007],[-3.5794,43.5183],[-3.5544,43.5169],[-3.5563,43.4997],[-3.5391,43.499],[-3.5256,43.4916],[-3.5147,43.4832],[-3.5054,43.4792],[-3.4366,43.4705],[-3.4315,43.4669],[-3.4283,43.4617],[-3.4272,43.4556],[-3.4286,43.4468],[-3.4326,43.4454],[-3.4389,43.4466],[-3.447,43.4451],[-3.4512,43.4477],[-3.4606,43.4522],[-3.47,43.4542],[-3.4744,43.4488],[-3.4778,43.4431],[-3.4858,43.4376],[-3.5017,43.4308],[-3.4818,43.428],[-3.4704,43.4168],[-3.4611,43.4125],[-3.447,43.4308],[-3.4362,43.419],[-3.4222,43.4181],[-3.3925,43.4246],[-3.378,43.4226],[-3.3303,43.4103],[-3.269,43.4041],[-3.2235,43.3916],[-3.2105,43.3898],[-3.2,43.3855],[-3.1769,43.3662],[-3.1509,43.3602],[-3.1315,43.3558],[-3.1124,43.3541],[-3.0895,43.3669],[-3.0579,43.3524],[-3.0082,43.3209],[-3.0082,43.3284],[-3.02,43.3526],[-3.0234,43.3649],[-3.0293,43.3721],[-3.0293,43.3762],[-3.0243,43.3809],[-3.011,43.3841],[-2.9994,43.3944],[-2.9559,43.4138],[-2.9399,43.4171],[-2.9399,43.4246],[-2.9467,43.4246],[-2.9467,43.4308],[-2.9301,43.4379],[-2.9053,43.4399],[-2.8542,43.4383],[-2.807,43.4417],[-2.786,43.4479],[-2.7686,43.4525],[-2.7558,43.4503],[-2.7349,43.4388],[-2.7152,43.4245],[-2.7065,43.4137],[-2.6949,43.3886],[-2.691,43.3675],[-2.687,43.3714],[-2.6793,43.3898],[-2.6785,43.3946],[-2.6788,43.4006],[-2.6778,43.4062],[-2.673,43.4103],[-2.6612,43.4119],[-2.6493,43.4095],[-2.6381,43.406],[-2.6069,43.4019],[-2.5489,43.3836],[-2.506,43.3771],[-2.4835,43.3706],[-2.4644,43.3492],[-2.3674,43.3157],[-2.3271,43.3068],[-2.2847,43.3035],[-2.2411,43.3072],[-2.2079,43.314],[-2.1963,43.3148],[-2.1904,43.3116],[-2.1835,43.3045],[-2.1745,43.2974],[-2.1622,43.2943],[-2.1596,43.2954],[-2.1563,43.2977],[-2.1515,43.3],[-2.1448,43.3011],[-2.14,43.2989],[-2.1378,43.2942],[-2.1348,43.2896],[-2.1278,43.2874],[-2.0989,43.3041],[-2.0864,43.3072],[-2.0655,43.3096],[-1.9946,43.3284],[-1.9718,43.3392],[-1.9604,43.3431],[-1.9456,43.3426],[-1.9337,43.3356],[-1.9266,43.3259],[-1.9187,43.321],[-1.9047,43.3284],[-1.9102,43.3314],[-1.9189,43.3386],[-1.9257,43.3426],[-1.8849,43.356],[-1.8474,43.3809],[-1.8113,43.3951],[-1.7941,43.386]]],[[[1.9834,42.4413],[1.9606,42.4437],[1.9475,42.4512],[1.9456,42.4638],[1.9566,42.4818],[1.968,42.4857],[1.9783,42.475],[1.9884,42.4582],[1.9995,42.4439],[1.9961,42.4428],[1.9862,42.4413],[1.9834,42.4413]]]]}},{"type":"Feature","properties":{"layer":"country","iso":"GBR","name":"Royaume-Uni"},"geometry":{"type":"MultiPolygon","coordinates":[[[[-2.6654,51.6173],[-2.6938,51.5962],[-2.7131,51.5866],[-2.7605,51.5798],[-2.7981,51.5635],[-2.8164,51.5556],[-2.8587,51.5461],[-2.9433,51.5425],[-2.9563,51.5457],[-2.9641,51.5528],[-2.9695,51.5599],[-2.9747,51.563],[-2.984,51.5585],[-3.0102,51.538],[-3.0157,51.5316],[-3.0737,51.5084],[-3.0765,51.5078],[-3.0889,51.5051],[-3.1056,51.4972],[-3.1317,51.4804],[-3.1351,51.4763],[-3.1409,51.4648],[-3.1454,51.4599],[-3.1524,51.4572],[-3.1667,51.456],[-3.1724,51.4533],[-3.1727,51.4531],[-3.1601,51.4318],[-3.1671,51.4105],[-3.1848,51.3976],[-3.204,51.4016],[-3.2189,51.4028],[-3.2894,51.3842],[-3.5392,51.3985],[-3.5574,51.4051],[-3.5753,51.4204],[-3.6047,51.4457],[-3.6632,51.4762],[-3.677,51.477],[-3.6954,51.4715],[-3.7179,51.4786],[-3.7376,51.4909],[-3.748,51.5009],[-3.7494,51.5054],[-3.7477,51.507],[-3.7445,51.5076],[-3.7419,51.5084],[-3.7493,51.5281],[-3.7519,51.5331],[-3.7589,51.5468],[-3.7701,51.5633],[-3.7822,51.5766],[-3.7903,51.582],[-3.8077,51.5892],[-3.817,51.5965],[-3.8327,51.6155],[-3.8416,51.6215],[-3.8549,51.6238],[-3.8868,51.6214],[-3.9624,51.6156],[-3.9766,51.6119],[-3.99,51.6065],[-3.9988,51.6003],[-3.9999,51.5909],[-3.9923,51.5811],[-3.9818,51.5716],[-3.9746,51.563],[-4.0162,51.563],[-4.0161,51.5604],[-4.0208,51.5559],[-4.0265,51.554],[-4.0292,51.5593],[-4.032,51.5631],[-4.0386,51.5662],[-4.0465,51.5684],[-4.0531,51.5692],[-4.0563,51.567],[-4.0656,51.5576],[-4.0702,51.5556],[-4.0768,51.557],[-4.0873,51.5619],[-4.1121,51.5656],[-4.1217,51.566],[-4.1322,51.563],[-4.1427,51.557],[-4.1568,51.5463],[-4.1664,51.5425],[-4.1765,51.5443],[-4.1877,51.5488],[-4.1968,51.5494],[-4.2006,51.5388],[-4.2134,51.5391],[-4.2725,51.5548],[-4.2899,51.5556],[-4.2933,51.5591],[-4.2952,51.562],[-4.2974,51.5692],[-4.2783,51.5782],[-4.2808,51.5888],[-4.2897,51.6015],[-4.2899,51.617],[-4.2558,51.6238],[-4.252,51.6271],[-4.2413,51.6394],[-4.2347,51.645],[-4.2285,51.6374],[-4.2347,51.6374],[-4.2347,51.6313],[-4.2279,51.6281],[-4.221,51.6238],[-4.1901,51.6303],[-4.139,51.6323],[-4.0913,51.6399],[-4.0702,51.6623],[-4.0698,51.6689],[-4.0704,51.6743],[-4.0705,51.676],[-4.0754,51.6778],[-4.0873,51.6688],[-4.0954,51.6651],[-4.1068,51.6643],[-4.1464,51.6671],[-4.2006,51.6859],[-4.215,51.6797],[-4.2937,51.6723],[-4.3153,51.6775],[-4.3424,51.6909],[-4.3664,51.7085],[-4.3793,51.7269],[-4.338,51.7233],[-4.32,51.7248],[-4.3105,51.7337],[-4.3287,51.733],[-4.3472,51.7358],[-4.3625,51.7429],[-4.3718,51.7548],[-4.3688,51.757],[-4.3629,51.7639],[-4.358,51.7731],[-4.3582,51.7821],[-4.3651,51.789],[-4.3715,51.786],[-4.3793,51.7753],[-4.3849,51.7719],[-4.393,51.7637],[-4.3992,51.7616],[-4.4093,51.7632],[-4.4179,51.7679],[-4.4265,51.7753],[-4.4458,51.7733],[-4.4493,51.7663],[-4.4414,51.7568],[-4.4265,51.7473],[-4.4608,51.7358],[-4.4989,51.7348],[-4.5742,51.7412],[-4.6034,51.7392],[-4.6392,51.7332],[-4.6454,51.7321],[-4.6782,51.7174],[-4.6803,51.6927],[-4.6894,51.6916],[-4.6916,51.6899],[-4.6916,51.686],[-4.694,51.6784],[-4.7123,51.6501],[-4.7214,51.652],[-4.7349,51.6592],[-4.7419,51.6561],[-4.7592,51.645],[-4.8483,51.6463],[-4.8635,51.6441],[-4.879,51.6374],[-4.8878,51.63],[-4.8957,51.6211],[-4.9048,51.6138],[-4.9237,51.6086],[-4.932,51.599],[-4.941,51.5965],[-4.946,51.5976],[-4.9565,51.6028],[-5.0216,51.616],[-5.0458,51.6269],[-5.0366,51.6374],[-5.0512,51.6569],[-5.1005,51.6647],[-5.1197,51.6784],[-5.1134,51.6853],[-5.0366,51.6784],[-5.0387,51.6818],[-5.0413,51.6894],[-5.0434,51.6927],[-5.0287,51.6929],[-5.0026,51.6874],[-4.9882,51.6859],[-4.9746,51.6879],[-4.941,51.7001],[-4.8926,51.7064],[-4.8683,51.7168],[-4.8581,51.7183],[-4.8448,51.7138],[-4.8448,51.72],[-4.8734,51.7377],[-4.879,51.762],[-4.8625,51.7824],[-4.8243,51.7883],[-4.8243,51.7957],[-4.836,51.7907],[-4.865,51.7833],[-4.9213,51.78],[-4.9336,51.7753],[-4.9172,51.7753],[-4.9052,51.7712],[-4.9005,51.7621],[-4.9062,51.7473],[-4.8921,51.7394],[-4.8957,51.7282],[-4.9106,51.7182],[-4.9882,51.7069],[-5.0099,51.7064],[-5.1492,51.7181],[-5.1669,51.7138],[-5.157,51.6976],[-5.1686,51.6889],[-5.1829,51.6893],[-5.1807,51.7001],[-5.1807,51.7064],[-5.2301,51.73],[-5.2495,51.7337],[-5.2281,51.734],[-5.2139,51.7357],[-5.2029,51.7408],[-5.1912,51.751],[-5.1768,51.7597],[-5.1432,51.7639],[-5.126,51.7685],[-5.1103,51.7785],[-5.1071,51.7881],[-5.1096,51.8],[1.1911,51.8],[1.1678,51.7902],[1.1354,51.7817],[1.0654,51.7753],[1.0466,51.777],[1.0373,51.7822],[1.0233,51.8],[0.9207,51.8],[0.8943,51.7846],[0.887,51.7821],[0.8864,51.7767],[0.8835,51.7647],[0.8789,51.7528],[0.8737,51.7473],[0.862,51.7456],[0.846,51.7368],[0.8357,51.7337],[0.8235,51.7338],[0.8014,51.7397],[0.7918,51.7412],[0.7671,51.7394],[0.7209,51.7282],[0.6986,51.72],[0.7142,51.7153],[0.7324,51.7138],[0.7493,51.7085],[0.7608,51.6927],[0.7891,51.7101],[0.853,51.7189],[0.8836,51.7269],[0.9124,51.7415],[0.93,51.7436],[0.9456,51.7337],[0.9474,51.7252],[0.9446,51.7155],[0.9404,51.708],[0.9382,51.7064],[0.9402,51.6984],[0.944,51.6906],[0.9518,51.6784],[0.9417,51.673],[0.938,51.6645],[0.9382,51.6413],[0.9347,51.6359],[0.9268,51.6309],[0.9115,51.6238],[0.9385,51.625],[0.9481,51.6215],[0.9518,51.617],[0.9245,51.5883],[0.8733,51.5595],[0.8283,51.5419],[0.8163,51.5372],[0.7713,51.5283],[0.6921,51.5363],[0.6644,51.5351],[0.6637,51.5355],[0.6506,51.5358],[0.6467,51.5353],[0.6441,51.5351],[0.6428,51.5335],[0.6234,51.522],[0.6087,51.519],[0.5952,51.5186],[0.5823,51.5165],[0.5689,51.5084],[0.5527,51.518],[0.5472,51.5177],[0.5254,51.5169],[0.4561,51.5056],[0.4509,51.4983],[0.448,51.4882],[0.4417,51.477],[0.4285,51.4671],[0.4141,51.4619],[0.3992,51.4584],[0.3845,51.4531],[0.4484,51.4599],[0.4568,51.4631],[0.4614,51.4702],[0.4649,51.4772],[0.4696,51.4804],[0.5348,51.4917],[0.6948,51.477],[0.7095,51.4705],[0.7219,51.4563],[0.7232,51.4467],[0.7131,51.4412],[0.6924,51.4395],[0.6565,51.4445],[0.641,51.4442],[0.6094,51.4251],[0.5728,51.4196],[0.5545,51.4122],[0.5623,51.4066],[0.5691,51.3996],[0.5765,51.3936],[0.5859,51.3911],[0.6719,51.3911],[0.7129,51.3842],[0.7049,51.396],[0.7004,51.4098],[0.7053,51.4195],[0.7264,51.419],[0.7284,51.4062],[0.7393,51.3879],[0.7534,51.3715],[0.7644,51.3644],[0.9772,51.3492],[1.1009,51.3732],[1.4238,51.3921],[1.4483,51.3829],[1.4391,51.3501],[1.4356,51.3437],[1.4308,51.3378],[1.4251,51.333],[1.4186,51.3297],[1.383,51.3298],[1.3776,51.3262],[1.3806,51.3048],[1.3879,51.2879],[1.4043,51.2614],[1.4131,51.2217],[1.4048,51.1835],[1.3845,51.1517],[1.3572,51.131],[1.2904,51.1165],[1.263,51.1033],[1.2516,51.1025],[1.23,51.1037],[1.2181,51.101],[1.2083,51.0947],[1.1997,51.0876],[1.1921,51.0826],[1.1722,51.0774],[1.1067,51.0764],[1.0872,51.073],[1.0669,51.0644],[1.0276,51.0417],[0.9764,50.9945],[0.9665,50.9827],[0.9691,50.9569],[0.9798,50.9182],[0.9452,50.9094],[0.8698,50.9251],[0.8023,50.9392],[0.7625,50.9309],[0.6644,50.8703],[0.6242,50.8587],[0.4075,50.8293],[0.3703,50.8188],[0.3652,50.819],[0.3543,50.8096],[0.3444,50.7991],[0.3423,50.7952],[0.3081,50.781],[0.271,50.7474],[0.2339,50.747],[0.2141,50.7489],[0.1683,50.7598],[0.1574,50.7611],[0.1221,50.7608],[0.113,50.7641],[0.0956,50.7751],[0.077,50.779],[0.0345,50.781],[0.0175,50.7849],[-0.1732,50.829],[-0.2061,50.831],[-0.2089,50.8301],[-0.2331,50.8219],[-0.2697,50.8313],[-0.3976,50.8021],[-0.569,50.8021],[-0.7327,50.7673],[-0.7416,50.7692],[-0.7499,50.7739],[-0.7582,50.7771],[-0.7676,50.7747],[-0.7731,50.766],[-0.7663,50.7471],[-0.771,50.7369],[-0.7899,50.73],[-0.8128,50.7348],[-0.9041,50.7719],[-0.9115,50.7778],[-0.9059,50.788],[-0.8925,50.7946],[-0.8636,50.8021],[-0.8636,50.8083],[-0.8736,50.8129],[-0.8931,50.8253],[-0.9047,50.8293],[-0.9095,50.826],[-0.9217,50.8216],[-0.9289,50.8228],[-0.919,50.8362],[-0.9298,50.84],[-0.9392,50.8432],[-0.9708,50.847],[-0.9949,50.8471],[-1.0019,50.8471],[-1.0207,50.8437],[-1.0336,50.8259],[-1.0426,50.8019],[-1.0562,50.783],[-1.0828,50.781],[-1.103,50.7955],[-1.0936,50.8129],[-1.0753,50.83],[-1.0692,50.8437],[-1.0873,50.8498],[-1.0881,50.8498],[-1.1498,50.8467],[-1.1647,50.8437],[-1.1297,50.8251],[-1.1238,50.8188],[-1.1212,50.7994],[-1.1249,50.7887],[-1.1381,50.781],[-1.1511,50.7814],[-1.1693,50.7859],[-1.1856,50.7924],[-1.1926,50.7987],[-1.1993,50.8079],[-1.2315,50.8189],[-1.2552,50.8319],[-1.2882,50.8392],[-1.3014,50.8437],[-1.3186,50.8569],[-1.3389,50.8727],[-1.4493,50.9121],[-1.4664,50.9182],[-1.4664,50.9119],[-1.4565,50.9088],[-1.438,50.9013],[-1.4256,50.9001],[-1.4011,50.8812],[-1.3231,50.8258],[-1.3143,50.8122],[-1.3173,50.8002],[-1.3398,50.7952],[-1.404,50.7916],[-1.4187,50.7884],[-1.4114,50.7849],[-1.4049,50.781],[-1.4049,50.7747],[-1.4505,50.7694],[-1.4762,50.7634],[-1.4875,50.7577],[-1.4919,50.7573],[-1.5247,50.7611],[-1.5572,50.7233],[-1.5594,50.7192],[-1.5612,50.719],[-1.5807,50.7226],[-1.6021,50.7318],[-1.6706,50.7401],[-1.6729,50.7401],[-1.693,50.7399],[-1.7151,50.7358],[-1.7535,50.7228],[-1.7717,50.7201],[-1.7974,50.7232],[-1.8351,50.7277],[-1.8574,50.727],[-1.8773,50.7228],[-1.8964,50.7163],[-1.8969,50.7161],[-1.9139,50.7074],[-1.9291,50.6959],[-1.94,50.6908],[-1.9443,50.6977],[-1.9461,50.7079],[-1.9493,50.7133],[-1.9877,50.7201],[-2.0139,50.7189],[-2.022,50.7201],[-2.0255,50.7239],[-2.0262,50.7251],[-2.0338,50.7371],[-2.039,50.7399],[-2.0481,50.7348],[-2.0827,50.699],[-2.0696,50.7001],[-2.0577,50.7028],[-2.0466,50.7073],[-2.0356,50.7133],[-2.0141,50.6888],[-2.0025,50.6813],[-1.9841,50.6785],[-1.9674,50.6787],[-1.9528,50.6766],[-1.9459,50.6688],[-1.953,50.6518],[-1.9382,50.6458],[-1.9325,50.6444],[-1.9673,50.6171],[-1.9652,50.6022],[-1.9837,50.5966],[-2.0652,50.5955],[-2.0822,50.5978],[-2.1573,50.6205],[-2.3426,50.6338],[-2.3771,50.6475],[-2.3983,50.6456],[-2.4359,50.6375],[-2.4476,50.6279],[-2.4601,50.6065],[-2.4656,50.5851],[-2.4565,50.5755],[-2.4312,50.5703],[-2.4287,50.5576],[-2.4393,50.5418],[-2.4534,50.5277],[-2.4595,50.5277],[-2.4604,50.5655],[-2.4835,50.5904],[-2.6929,50.6928],[-2.8648,50.7338],[-2.8873,50.7344],[-2.9455,50.7258],[-2.9628,50.7233],[-2.9982,50.7082],[-3.0218,50.7065],[-3.0597,50.7133],[-3.0714,50.711],[-3.0941,50.699],[-3.0992,50.6971],[-3.1158,50.688],[-3.1255,50.6853],[-3.1359,50.6859],[-3.1551,50.6914],[-3.1665,50.6928],[-3.1856,50.6907],[-3.2191,50.6808],[-3.2598,50.6745],[-3.2714,50.6645],[-3.2804,50.6512],[-3.2956,50.6375],[-3.3682,50.6171],[-3.3907,50.6178],[-3.4075,50.6213],[-3.421,50.6295],[-3.4333,50.6444],[-3.4464,50.6683],[-3.4504,50.6723],[-3.4533,50.6733],[-3.4554,50.6754],[-3.4586,50.6776],[-3.4644,50.6785],[-3.4678,50.6764],[-3.4689,50.6717],[-3.4678,50.667],[-3.4553,50.6579],[-3.442,50.6235],[-3.4333,50.6103],[-3.4512,50.5994],[-3.4673,50.5856],[-3.4818,50.5685],[-3.4949,50.5482],[-3.506,50.5208],[-3.505,50.5012],[-3.4875,50.4594],[-3.5098,50.4585],[-3.5321,50.4548],[-3.5494,50.4465],[-3.5563,50.4321],[-3.5493,50.4156],[-3.532,50.4102],[-3.4875,50.4116],[-3.4875,50.4048],[-3.4975,50.3874],[-3.4983,50.3837],[-3.5073,50.3828],[-3.515,50.38],[-3.5201,50.3748],[-3.5269,50.3498],[-3.5389,50.3444],[-3.5545,50.3476],[-3.5705,50.3564],[-3.5778,50.3341],[-3.5991,50.3258],[-3.6216,50.3219],[-3.632,50.3123],[-3.6374,50.2954],[-3.6476,50.2746],[-3.6533,50.251],[-3.6456,50.226],[-3.6606,50.221],[-3.7009,50.2135],[-3.718,50.2124],[-3.7404,50.2159],[-3.7586,50.2217],[-3.7742,50.223],[-3.789,50.2124],[-3.8263,50.2342],[-3.8842,50.2805],[-3.9499,50.319],[-3.961,50.3223],[-3.9702,50.3207],[-3.9958,50.3114],[-4.0056,50.3092],[-4.0113,50.307],[-4.0248,50.2972],[-4.0329,50.2949],[-4.0441,50.2965],[-4.0544,50.3004],[-4.0702,50.3092],[-4.0679,50.3128],[-4.064,50.3223],[-4.086,50.3262],[-4.1083,50.3366],[-4.1187,50.3519],[-4.105,50.3707],[-4.1418,50.369],[-4.1527,50.3707],[-4.1655,50.3764],[-4.1715,50.3828],[-4.1758,50.3909],[-4.1838,50.4011],[-4.1915,50.4176],[-4.1839,50.4317],[-4.1703,50.4451],[-4.1595,50.4594],[-4.1794,50.4531],[-4.1896,50.4537],[-4.2006,50.4594],[-4.2037,50.4514],[-4.2047,50.4487],[-4.2124,50.4415],[-4.2225,50.438],[-4.2347,50.4383],[-4.2347,50.4321],[-4.2202,50.4258],[-4.2161,50.4157],[-4.2197,50.4051],[-4.2285,50.3974],[-4.2414,50.3947],[-4.2899,50.3974],[-4.273,50.3819],[-4.2162,50.3878],[-4.1938,50.3769],[-4.2285,50.3707],[-4.2285,50.3638],[-4.2201,50.3653],[-4.2006,50.3638],[-4.208,50.3564],[-4.18,50.3564],[-4.18,50.3502],[-4.1913,50.3476],[-4.198,50.3422],[-4.1991,50.3354],[-4.1938,50.3284],[-4.1938,50.3223],[-4.215,50.3231],[-4.2257,50.3354],[-4.2351,50.3496],[-4.2523,50.3564],[-4.3377,50.3707],[-4.3837,50.3675],[-4.4562,50.3382],[-4.4954,50.3284],[-4.6598,50.3223],[-4.6596,50.3206],[-4.6627,50.3178],[-4.6678,50.3153],[-4.6735,50.3154],[-4.6872,50.3427],[-4.6943,50.3435],[-4.7002,50.3409],[-4.7056,50.3376],[-4.7113,50.3359],[-4.7316,50.3347],[-4.7521,50.3303],[-4.7633,50.3221],[-4.7554,50.3092],[-4.7554,50.3017],[-4.7624,50.298],[-4.7716,50.2916],[-4.7799,50.2843],[-4.7834,50.2779],[-4.7819,50.2718],[-4.7765,50.2651],[-4.7765,50.2608],[-4.7884,50.2421],[-4.7902,50.2366],[-4.8002,50.2296],[-4.8497,50.2346],[-4.8687,50.2294],[-4.8873,50.215],[-4.9048,50.2084],[-4.9473,50.1994],[-4.9607,50.1905],[-5.0024,50.1441],[-5.0146,50.1566],[-5.0204,50.192],[-5.0332,50.1994],[-5.053,50.1958],[-5.0536,50.1869],[-5.0519,50.1755],[-5.0646,50.1646],[-5.0646,50.1584],[-5.0585,50.1555],[-5.0434,50.1441],[-5.0519,50.1446],[-5.0585,50.1427],[-5.0708,50.1373],[-5.0803,50.1327],[-5.0816,50.1254],[-5.081,50.1172],[-5.085,50.1099],[-5.0939,50.1055],[-5.126,50.0963],[-5.1147,50.0966],[-5.1061,50.0951],[-5.0919,50.0895],[-5.0869,50.0891],[-5.0753,50.0905],[-5.0708,50.0895],[-5.0685,50.0851],[-5.0649,50.0718],[-5.0609,50.069],[-5.0565,50.0606],[-5.0695,50.0422],[-5.0981,50.0144],[-5.1073,50.013],[-5.1274,50.0154],[-5.1396,50.0144],[-5.1465,50.0106],[-5.1761,49.9879],[-5.1877,49.9645],[-5.1912,49.9591],[-5.2001,49.9614],[-5.2104,49.9667],[-5.2404,49.9883],[-5.2452,49.9931],[-5.2495,50.0001],[-5.253,50.0126],[-5.2523,50.0207],[-5.2527,50.0278],[-5.2598,50.0377],[-5.2884,50.0677],[-5.3044,50.0803],[-5.324,50.0895],[-5.3842,50.108],[-5.4247,50.1127],[-5.4581,50.1259],[-5.4748,50.1304],[-5.4957,50.1296],[-5.5218,50.1237],[-5.5409,50.1135],[-5.5406,50.0998],[-5.5347,50.0823],[-5.5456,50.0689],[-5.5635,50.0596],[-5.5784,50.0548],[-5.6195,50.0462],[-5.6674,50.0429],[-5.7051,50.0523],[-5.7156,50.0827],[-5.706,50.0835],[-5.6988,50.0854],[-5.6945,50.0895],[-5.6944,50.0958],[-5.6971,50.1005],[-5.7003,50.1032],[-5.702,50.1032],[-5.7074,50.122],[-5.7092,50.1326],[-5.7054,50.1373],[-5.7035,50.1406],[-5.6846,50.1615],[-5.6767,50.165],[-5.6474,50.1721],[-5.5836,50.1959],[-5.5494,50.2035],[-5.511,50.2195],[-5.4891,50.2198],[-5.4581,50.2008],[-5.438,50.1943],[-5.4174,50.2025],[-5.4029,50.2174],[-5.3959,50.2272],[-5.3929,50.2366],[-5.3876,50.2403],[-5.3519,50.2403],[-5.3148,50.2536],[-5.2003,50.3308],[-5.1636,50.3472],[-5.1499,50.3502],[-5.1465,50.3553],[-5.1457,50.3669],[-5.147,50.3794],[-5.1537,50.3995],[-5.1424,50.4045],[-5.1273,50.4052],[-5.1197,50.4048],[-5.0503,50.4287],[-5.0482,50.4344],[-5.0387,50.4479],[-5.0298,50.4868],[-5.0286,50.507],[-5.0253,50.5242],[-5.0156,50.538],[-4.9956,50.5482],[-4.9752,50.5482],[-4.9678,50.5516],[-4.9548,50.5612],[-4.9473,50.5624],[-4.9415,50.557],[-4.9371,50.5453],[-4.9344,50.5316],[-4.9336,50.5202],[-4.9269,50.5229],[-4.9243,50.5245],[-4.9205,50.5277],[-4.9024,50.5206],[-4.861,50.5192],[-4.8448,50.5141],[-4.8558,50.5274],[-4.8733,50.5341],[-4.9062,50.542],[-4.9219,50.5549],[-4.9202,50.5642],[-4.9152,50.5725],[-4.9205,50.583],[-4.9205,50.5892],[-4.8957,50.5859],[-4.8212,50.5892],[-4.7925,50.5952],[-4.7766,50.6098],[-4.765,50.628],[-4.7493,50.6444],[-4.7554,50.6594],[-4.7519,50.6701],[-4.7419,50.6749],[-4.7281,50.6723],[-4.6573,50.7111],[-4.6456,50.7235],[-4.6378,50.7412],[-4.619,50.7548],[-4.5773,50.7747],[-4.5501,50.8096],[-4.5549,50.8978],[-4.5438,50.9392],[-4.5369,50.9476],[-4.5227,50.9727],[-4.5267,50.9804],[-4.5304,50.9947],[-4.5313,51.0087],[-4.5264,51.015],[-4.4373,51.015],[-4.4264,51.0127],[-4.4058,51.0029],[-4.3957,51.0007],[-4.3377,50.9966],[-4.3173,51.0007],[-4.3023,51.0075],[-4.2347,51.0553],[-4.2292,51.0611],[-4.2247,51.0671],[-4.2185,51.0725],[-4.208,51.0764],[-4.2143,51.086],[-4.2263,51.1132],[-4.2285,51.1204],[-4.2319,51.1267],[-4.249,51.1429],[-4.2558,51.1515],[-4.2223,51.1497],[-4.2148,51.1515],[-4.2084,51.1623],[-4.2098,51.1728],[-4.2173,51.1814],[-4.2285,51.1862],[-4.2285,51.1925],[-4.1523,51.2116],[-3.9695,51.2224],[-3.932,51.2313],[-3.9132,51.2334],[-3.8409,51.2334],[-3.819,51.2361],[-3.7871,51.2468],[-3.7692,51.2477],[-3.6398,51.2264],[-3.5593,51.2281],[-3.4342,51.2098],[-3.4044,51.192],[-3.385,51.1862],[-3.2707,51.1894],[-3.1989,51.2036],[-3.1627,51.2067],[-3.0968,51.2045],[-3.0575,51.2082],[-3.0293,51.2204],[-3.0218,51.2136],[-3.0356,51.1993],[-3.0218,51.1925],[-3.0048,51.2131],[-3.0013,51.2204],[-2.9996,51.2332],[-3.0015,51.2397],[-3.005,51.2451],[-3.0082,51.2545],[-3.0076,51.292],[-3.0106,51.311],[-3.0218,51.3228],[-3.0024,51.3191],[-2.9922,51.3219],[-2.9921,51.322],[-2.9884,51.3311],[-2.9878,51.3467],[-2.9799,51.3559],[-2.966,51.3649],[-2.9596,51.3743],[-2.9747,51.3842],[-2.953,51.3985],[-2.921,51.3944],[-2.8842,51.417],[-2.8164,51.4736],[-2.7986,51.4826],[-2.7809,51.4891],[-2.7612,51.4929],[-2.7376,51.4941],[-2.7164,51.4996],[-2.6962,51.5126],[-2.6078,51.6074],[-2.5996,51.6114],[-2.5892,51.6142],[-2.5804,51.6186],[-2.5768,51.6275],[-2.5745,51.6357],[-2.569,51.645],[-2.5622,51.6534],[-2.5564,51.6592],[-2.4992,51.6968],[-2.465,51.7259],[-2.4477,51.7319],[-2.4049,51.7412],[-2.3885,51.7504],[-2.3808,51.7619],[-2.3834,51.7733],[-2.3981,51.7821],[-2.4024,51.7636],[-2.4204,51.7531],[-2.4434,51.7484],[-2.4633,51.7473],[-2.4821,51.7429],[-2.4958,51.732],[-2.508,51.7186],[-2.5221,51.7064],[-2.5817,51.6817],[-2.5911,51.6754],[-2.6002,51.6656],[-2.6654,51.6173]]],[[[-1.0828,50.7133],[-1.0623,50.6928],[-1.0623,50.6853],[-1.067,50.6852],[-1.0697,50.6835],[-1.0719,50.681],[-1.0753,50.6785],[-1.1127,50.6715],[-1.1287,50.6664],[-1.1564,50.6508],[-1.1622,50.646],[-1.1647,50.6409],[-1.1641,50.6194],[-1.165,50.6082],[-1.1684,50.6035],[-1.2792,50.5825],[-1.3155,50.5892],[-1.446,50.6481],[-1.4528,50.6543],[-1.486,50.6693],[-1.4974,50.6723],[-1.5351,50.6694],[-1.5515,50.6651],[-1.5695,50.658],[-1.5453,50.6861],[-1.5059,50.7077],[-1.4187,50.7338],[-1.4209,50.7305],[-1.4235,50.7237],[-1.4254,50.7201],[-1.4009,50.722],[-1.3776,50.7342],[-1.3435,50.7611],[-1.3185,50.7722],[-1.2958,50.7732],[-1.1443,50.7338],[-1.1195,50.7342],[-1.1091,50.7329],[-1.097,50.727],[-1.0964,50.7244],[-1.0976,50.716],[-1.097,50.7133],[-1.0942,50.7126],[-1.0856,50.714],[-1.0828,50.7133]]],[[[-0.9599,50.8083],[-0.9599,50.8021],[-0.9546,50.7988],[-0.9456,50.7918],[-0.9388,50.7884],[-0.9388,50.781],[-1.0207,50.7884],[-1.0207,50.7952],[-0.9987,50.801],[-0.9726,50.8298],[-0.9599,50.8293],[-0.9503,50.8238],[-0.9478,50.8178],[-0.9514,50.8124],[-0.9599,50.8083]]],[[[0.9115,51.4122],[0.9325,51.3977],[0.9421,51.383],[0.9364,51.371],[0.9115,51.3644],[0.7948,51.3706],[0.7751,51.3753],[0.7576,51.3864],[0.7435,51.4001],[0.7339,51.4122],[0.7468,51.4396],[0.7539,51.4457],[0.7669,51.4479],[0.8908,51.421],[0.9006,51.4175],[0.9115,51.4122]]],[[[-6.2988,49.9355],[-6.2922,49.9321],[-6.2842,49.9228],[-6.2875,49.914],[-6.2973,49.9096],[-6.3092,49.9136],[-6.3074,49.9274],[-6.2988,49.9355]]],[[[-6.3336,49.9597],[-6.328,49.9566],[-6.3265,49.9492],[-6.3325,49.9417],[-6.3412,49.9448],[-6.3481,49.9562],[-6.3489,49.9643],[-6.3418,49.9636],[-6.3368,49.9609],[-6.3336,49.9597]]],[[[-4.6654,51.1836],[-4.664,51.1771],[-4.6635,51.1649],[-4.6705,51.1601],[-4.6785,51.1671],[-4.6798,51.1806],[-4.6764,51.1931],[-4.6712,51.1951],[-4.667,51.1877],[-4.6654,51.1836]]]]}},{"type":"Feature","properties":{"layer":"country","iso":"AUT","name":"Autriche"},"geometry":{"type":"Polygon","coordinates":[[[10.5,46.8453],[10.4863,46.8464],[10.4538,46.8644],[10.4514,46.8858],[10.4638,46.9197],[10.4585,46.9366],[10.4496,46.9439],[10.4156,46.9624],[10.3947,46.9854],[10.3844,46.993],[10.3844,46.9932],[10.3843,46.9932],[10.379,46.9955],[10.3734,46.9963],[10.3679,46.9955],[10.3389,46.9841],[10.3137,46.9643],[10.2962,46.9414],[10.2957,46.9227],[10.2708,46.9219],[10.2513,46.9254],[10.2351,46.9233],[10.2199,46.9058],[10.2152,46.8931],[10.2143,46.8847],[10.2117,46.877],[10.2014,46.8668],[10.1578,46.8516],[10.132,46.8466],[10.1252,46.8468],[10.1113,46.8471],[10.0681,46.8566],[10.0456,46.8656],[10.0069,46.8908],[9.8999,46.9144],[9.8751,46.9274],[9.8624,46.9398],[9.8608,46.9492],[9.864,46.9599],[9.8665,46.9834],[9.8706,46.9929],[9.8706,46.9988],[9.8668,47.0019],[9.8606,47.0016],[9.8563,47.0041],[9.858,47.0155],[9.6691,47.0562],[9.6523,47.0579],[9.5999,47.0535],[9.5812,47.0569],[9.6088,47.0808],[9.6157,47.1068],[9.6056,47.1323],[9.5818,47.1549],[9.5521,47.1669],[9.552,47.1756],[9.5619,47.1906],[9.5629,47.1977],[9.5543,47.2116],[9.5448,47.2203],[9.5404,47.2291],[9.5471,47.243],[9.5303,47.2537],[9.5212,47.2628],[9.5533,47.2999],[9.5874,47.3278],[9.5912,47.3347],[9.5964,47.3523],[9.601,47.3613],[9.6398,47.3945],[9.6495,47.4097],[9.6503,47.4521],[9.6217,47.4692],[9.5845,47.4807],[9.555,47.5109],[9.5531,47.5169],[9.5475,47.5345],[9.5499,47.5335],[9.5541,47.5327],[9.6126,47.5219],[9.6767,47.5226],[9.704,47.5314],[9.7185,47.5467],[9.7309,47.5649],[9.7527,47.5821],[9.7671,47.5873],[9.7821,47.5884],[9.7963,47.585],[9.808,47.5763],[9.8113,47.5645],[9.8093,47.5523],[9.8131,47.5418],[9.8335,47.5346],[9.8415,47.535],[9.8538,47.5404],[9.8589,47.5413],[9.889,47.5338],[9.9188,47.5322],[9.9338,47.5342],[9.9459,47.5408],[9.9487,47.5242],[9.9592,47.5149],[9.9717,47.5064],[9.9808,47.4929],[9.9808,47.4899],[9.9811,47.4869],[9.9826,47.481],[9.9936,47.4766],[10.0024,47.4792],[10.0113,47.4844],[10.0226,47.488],[10.0718,47.4391],[10.0806,47.4274],[10.076,47.4169],[10.0532,47.4049],[10.0642,47.3962],[10.0669,47.3858],[10.0678,47.375],[10.0732,47.3655],[10.0829,47.3591],[10.0896,47.3593],[10.0972,47.3631],[10.1104,47.3674],[10.1153,47.367],[10.1257,47.3627],[10.1308,47.3627],[10.1351,47.3649],[10.147,47.3738],[10.1909,47.3792],[10.2093,47.3725],[10.2086,47.3545],[10.1905,47.3175],[10.1927,47.3109],[10.1933,47.3049],[10.1908,47.2983],[10.1859,47.295],[10.1727,47.2923],[10.1687,47.2904],[10.1595,47.2791],[10.1554,47.2729],[10.1599,47.2711],[10.175,47.2724],[10.2394,47.2777],[10.2612,47.2835],[10.3059,47.3022],[10.3254,47.3143],[10.3434,47.3308],[10.3657,47.3611],[10.3716,47.3674],[10.382,47.3721],[10.4031,47.3771],[10.4116,47.381],[10.4283,47.396],[10.4429,47.4163],[10.452,47.4388],[10.4517,47.4602],[10.4476,47.4726],[10.4422,47.4814],[10.4337,47.4879],[10.4196,47.493],[10.4297,47.5329],[10.431,47.5422],[10.4244,47.5534],[10.4157,47.5644],[10.4142,47.573],[10.4292,47.577],[10.446,47.5791],[10.4536,47.5811],[10.4571,47.5792],[10.4616,47.5699],[10.4603,47.566],[10.4555,47.5612],[10.4517,47.5548],[10.4535,47.5462],[10.4588,47.5416],[10.4669,47.5377],[10.4825,47.5329],[10.5,47.5311],[10.5,46.8453]]]}},{"type":"Feature","properties":{"layer":"country","iso":"ITA","name":"Italie"},"geometry":{"type":"MultiPolygon","coordinates":[[[[7.0221,45.9253],[7.0669,45.8902],[7.0902,45.8805],[7.1209,45.8761],[7.1535,45.8765],[7.1837,45.8805],[7.2454,45.8981],[7.2735,45.9103],[7.2867,45.9134],[7.3618,45.9078],[7.3938,45.9157],[7.453,45.9459],[7.4827,45.9549],[7.5037,45.9567],[7.5147,45.9667],[7.5244,45.9781],[7.5411,45.9841],[7.643,45.9663],[7.6587,45.96],[7.6737,45.9503],[7.6925,45.9312],[7.694,45.9287],[7.7063,45.9257],[7.7146,45.9271],[7.7222,45.9296],[7.732,45.9304],[7.7801,45.9181],[7.8076,45.9185],[7.8254,45.9147],[7.8312,45.9145],[7.8437,45.9192],[7.8461,45.9226],[7.8453,45.9278],[7.8484,45.9381],[7.8496,45.9397],[7.8702,45.9404],[7.8729,45.9594],[7.8838,45.9739],[7.8982,45.9819],[7.9691,45.9931],[7.9787,45.9952],[7.9858,45.9993],[7.9984,46.0106],[7.9991,46.0128],[8.0088,46.0277],[8.0107,46.0297],[8.0159,46.0582],[8.016,46.0694],[8.0182,46.0809],[8.0253,46.0911],[8.0354,46.0965],[8.056,46.0981],[8.0669,46.1006],[8.1106,46.127],[8.1323,46.1594],[8.1295,46.196],[8.0999,46.2356],[8.0766,46.2497],[8.0731,46.2536],[8.0773,46.262],[8.0873,46.2718],[8.1069,46.2855],[8.1285,46.2925],[8.1719,46.2992],[8.1926,46.3092],[8.2417,46.3541],[8.2701,46.364],[8.2815,46.3701],[8.2915,46.3784],[8.2975,46.3875],[8.297,46.3976],[8.2904,46.4011],[8.2866,46.4054],[8.295,46.418],[8.3163,46.4337],[8.3434,46.4439],[8.3859,46.4502],[8.3992,46.4522],[8.4279,46.4487],[8.4416,46.4349],[8.4458,46.4124],[8.4463,46.3822],[8.4429,46.3534],[8.4266,46.3016],[8.4232,46.2758],[8.4272,46.2514],[8.4381,46.2354],[8.4565,46.2248],[8.4827,46.2175],[8.5103,46.2079],[8.5387,46.1876],[8.6018,46.1228],[8.6115,46.1194],[8.6309,46.1147],[8.6775,46.0958],[8.6951,46.0952],[8.7022,46.098],[8.7177,46.1075],[8.7239,46.1095],[8.729,46.1082],[8.7322,46.1074],[8.7395,46.0981],[8.7471,46.0944],[8.7632,46.0929],[8.7939,46.0934],[8.8089,46.0897],[8.8344,46.0664],[8.8196,46.0429],[8.791,46.0187],[8.7734,45.9906],[8.7696,45.9858],[8.7679,45.9831],[8.7851,45.9823],[8.8004,45.9785],[8.8577,45.9571],[8.8645,45.9534],[8.871,45.9471],[8.8808,45.9311],[8.8981,45.9096],[8.9065,45.8965],[8.9121,45.8834],[8.9138,45.8661],[8.9097,45.8537],[8.9037,45.8418],[8.9,45.8264],[8.9396,45.8348],[8.9724,45.8246],[9.0024,45.8207],[9.0344,45.8481],[9.0593,45.882],[9.0631,45.899],[9.0517,45.9155],[9.0423,45.9197],[9.0205,45.9228],[9.0108,45.9267],[9.0017,45.9361],[8.9934,45.9543],[8.9827,45.9618],[8.9805,45.9644],[8.9798,45.9669],[8.9805,45.9695],[8.9827,45.972],[9.0156,45.9931],[8.9978,46.0279],[9.0021,46.0393],[9.0277,46.0531],[9.0497,46.0579],[9.0592,46.0618],[9.0671,46.0711],[9.0703,46.0834],[9.0682,46.106],[9.0721,46.1189],[9.0906,46.1382],[9.1632,46.1723],[9.1638,46.173],[9.1711,46.1826],[9.1758,46.1941],[9.1813,46.2041],[9.1922,46.2096],[9.2042,46.2136],[9.2157,46.2211],[9.2248,46.2312],[9.2397,46.267],[9.269,46.3094],[9.2752,46.3314],[9.2738,46.3443],[9.2604,46.3797],[9.2603,46.394],[9.2629,46.4066],[9.2609,46.4167],[9.2476,46.423],[9.238,46.4365],[9.2458,46.461],[9.2632,46.4851],[9.2823,46.4974],[9.331,46.5015],[9.3508,46.4979],[9.3516,46.4855],[9.3771,46.4687],[9.3846,46.4664],[9.3955,46.4694],[9.4003,46.4754],[9.4038,46.4825],[9.4107,46.4889],[9.4268,46.4971],[9.4346,46.4983],[9.4379,46.492],[9.4438,46.3961],[9.4424,46.3809],[9.4444,46.3753],[9.4516,46.3704],[9.4737,46.3619],[9.4826,46.3568],[9.5026,46.3207],[9.5153,46.3086],[9.5365,46.2986],[9.5597,46.2927],[9.6743,46.2918],[9.6931,46.2971],[9.7084,46.3117],[9.7088,46.3196],[9.7073,46.331],[9.7093,46.3424],[9.7201,46.3509],[9.7309,46.3507],[9.7552,46.3405],[9.7681,46.3386],[9.7888,46.3433],[9.8554,46.367],[9.899,46.3722],[9.9184,46.3712],[9.939,46.3675],[9.964,46.3561],[9.9706,46.3398],[9.971,46.32],[9.9776,46.2981],[9.9922,46.2844],[10.0317,46.2601],[10.0418,46.2431],[10.0427,46.2205],[10.0757,46.22],[10.1179,46.2311],[10.1458,46.2433],[10.1589,46.2624],[10.1461,46.2803],[10.1049,46.3094],[10.0958,46.3205],[10.0918,46.329],[10.0924,46.3381],[10.0975,46.3516],[10.105,46.3614],[10.126,46.3744],[10.1332,46.3811],[10.1408,46.4029],[10.1334,46.414],[10.1162,46.4188],[10.0714,46.4248],[10.0421,46.4327],[10.0263,46.4463],[10.044,46.467],[10.0353,46.4711],[10.0305,46.4767],[10.0281,46.4839],[10.0269,46.4932],[10.0312,46.5038],[10.0314,46.5258],[10.0328,46.533],[10.0413,46.5419],[10.0629,46.5567],[10.0712,46.5644],[10.0835,46.597],[10.0878,46.6044],[10.0975,46.608],[10.1921,46.6268],[10.2179,46.627],[10.2338,46.618],[10.2357,46.6067],[10.2303,46.5862],[10.2347,46.5753],[10.2759,46.5655],[10.2838,46.5607],[10.2891,46.5557],[10.2954,46.5511],[10.3066,46.5475],[10.3195,46.546],[10.3543,46.5483],[10.4259,46.5353],[10.444,46.5377],[10.4518,46.5467],[10.4579,46.5537],[10.4659,46.5785],[10.4666,46.6043],[10.4591,46.6236],[10.4382,46.6357],[10.3956,46.6388],[10.3775,46.6533],[10.3692,46.6724],[10.3739,46.6819],[10.3848,46.689],[10.3944,46.7008],[10.3966,46.715],[10.3956,46.7264],[10.3997,46.7355],[10.4166,46.743],[10.4287,46.7556],[10.4262,46.7694],[10.4191,46.784],[10.4172,46.7989],[10.439,46.8169],[10.4449,46.8232],[10.4485,46.8322],[10.4538,46.8644],[10.4863,46.8464],[10.5,46.8453],[10.5,42.9401],[10.4995,42.9405],[10.4776,42.9901],[10.5,43.0039],[10.5,43.2926],[10.437,43.3886],[10.3734,43.4532],[10.3591,43.4653],[10.3263,43.4769],[10.3172,43.4926],[10.2948,43.5685],[10.264,43.8094],[10.2516,43.8466],[10.2101,43.9202],[10.1807,43.9553],[10.1365,43.9787],[10.1058,44.0168],[10.0906,44.0254],[10.072,44.0295],[10.0353,44.0478],[10.0148,44.0521],[9.9985,44.0581],[9.9885,44.0598],[9.9841,44.0555],[9.9807,44.0499],[9.9727,44.0457],[9.9627,44.0447],[9.9536,44.0487],[9.9378,44.0604],[9.9043,44.0799],[9.888,44.093],[9.8768,44.0878],[9.8447,44.1086],[9.8264,44.1072],[9.8333,44.0998],[9.8286,44.0981],[9.824,44.0951],[9.8196,44.093],[9.8245,44.0849],[9.8306,44.0788],[9.8381,44.0748],[9.8475,44.0725],[9.8475,44.0663],[9.8416,44.0634],[9.8389,44.0604],[9.8333,44.0521],[9.8464,44.0463],[9.8425,44.0412],[9.8323,44.0423],[9.8264,44.0555],[9.8198,44.0634],[9.7718,44.0794],[9.7209,44.1135],[9.7097,44.1177],[9.6826,44.1365],[9.6725,44.1408],[9.6432,44.1423],[9.631,44.1446],[9.6211,44.1483],[9.5862,44.1777],[9.5799,44.1789],[9.573,44.1916],[9.5565,44.2001],[9.5112,44.2152],[9.499,44.2218],[9.4898,44.2309],[9.4844,44.2438],[9.4725,44.2398],[9.4539,44.2377],[9.4368,44.2395],[9.4292,44.2473],[9.4224,44.2568],[9.3745,44.2718],[9.3677,44.2944],[9.2627,44.3364],[9.2306,44.3537],[9.221,44.3441],[9.2137,44.3334],[9.2098,44.3209],[9.2107,44.3053],[9.1651,44.3183],[9.1467,44.3286],[9.1486,44.34],[9.1301,44.3633],[9.1021,44.374],[9.0012,44.3873],[8.9529,44.3998],[8.9237,44.4116],[8.9146,44.4089],[8.8684,44.4097],[8.8454,44.4135],[8.8377,44.4172],[8.827,44.4285],[8.7624,44.4321],[8.7372,44.4288],[8.7248,44.424],[8.6958,44.4067],[8.6853,44.3981],[8.6786,44.3947],[8.6709,44.3947],[8.6628,44.3956],[8.6551,44.3947],[8.5938,44.3627],[8.5767,44.3605],[8.5648,44.3572],[8.5403,44.34],[8.4661,44.3043],[8.4445,44.2839],[8.4497,44.2644],[8.4395,44.2532],[8.4365,44.2475],[8.4354,44.2404],[8.4324,44.238],[8.4172,44.2307],[8.4119,44.227],[8.4065,44.215],[8.4085,44.2041],[8.4082,44.1935],[8.3945,44.1824],[8.3694,44.1735],[8.3135,44.1605],[8.2847,44.1483],[8.2695,44.1387],[8.2565,44.1284],[8.2332,44.1036],[8.23,44.0963],[8.2312,44.0803],[8.23,44.0725],[8.2238,44.0572],[8.2163,44.0452],[8.1691,44.0067],[8.1527,43.9832],[8.168,43.9626],[8.168,43.9565],[8.1447,43.9526],[8.1152,43.9277],[8.0892,43.9199],[8.0816,43.9152],[8.0755,43.9097],[8.073,43.9046],[8.0677,43.8967],[8.0557,43.8921],[8.0314,43.8875],[7.9597,43.8529],[7.7858,43.822],[7.7366,43.7982],[7.695,43.7912],[7.572,43.7913],[7.5441,43.7845],[7.5311,43.7845],[7.5232,43.789],[7.5129,43.7921],[7.5023,43.7922],[7.4827,43.8402],[7.4779,43.8655],[7.4935,43.8862],[7.5368,43.9208],[7.5569,43.9441],[7.6086,43.9756],[7.6309,43.9935],[7.6387,44.0051],[7.647,44.0275],[7.6534,44.0397],[7.6643,44.0486],[7.6788,44.0566],[7.6899,44.0673],[7.6919,44.0846],[7.6879,44.0908],[7.6762,44.109],[7.6541,44.125],[7.6419,44.1436],[7.6556,44.1761],[7.6247,44.1801],[7.5836,44.1607],[7.5548,44.1591],[7.3808,44.1229],[7.3406,44.1237],[7.331,44.1253],[7.3216,44.1319],[7.3162,44.1402],[7.3093,44.1475],[7.2962,44.1512],[7.2701,44.1543],[7.2513,44.16],[7.145,44.2072],[7.1049,44.2178],[7.0461,44.2403],[7.0335,44.2429],[7.02,44.2421],[7.008,44.2392],[6.9961,44.2378],[6.9828,44.2417],[6.9734,44.2494],[6.9689,44.2582],[6.9655,44.2675],[6.9592,44.2773],[6.95,44.2851],[6.9302,44.2954],[6.9212,44.3022],[6.9156,44.3097],[6.9038,44.33],[6.896,44.3398],[6.874,44.3584],[6.8698,44.3629],[6.8661,44.3721],[6.8663,44.3772],[6.8688,44.3832],[6.8772,44.4144],[6.8842,44.423],[6.9178,44.4363],[6.8917,44.452],[6.8613,44.4749],[6.8388,44.5029],[6.8357,44.534],[6.8464,44.5475],[6.8973,44.5754],[6.9316,44.618],[6.9456,44.6254],[6.9343,44.6467],[6.9415,44.667],[6.9599,44.6832],[6.9828,44.6922],[7.0012,44.6923],[7.0373,44.6846],[7.0552,44.6849],[7.0494,44.6979],[7.019,44.7389],[7.0152,44.7474],[7.0098,44.7721],[6.9984,44.7938],[6.9991,44.795],[7.0041,44.8108],[7.006,44.8115],[7.0059,44.8163],[7.0068,44.819],[7.0071,44.8221],[7.0049,44.828],[7.0008,44.833],[6.9828,44.847],[6.9327,44.8617],[6.9153,44.8627],[6.866,44.8557],[6.8471,44.8591],[6.7782,44.8876],[6.7454,44.9078],[6.7279,44.9287],[6.7299,44.9847],[6.7235,45.0134],[6.6972,45.0269],[6.6622,45.0292],[6.6517,45.0356],[6.6397,45.0504],[6.637,45.0594],[6.6381,45.0674],[6.6366,45.0745],[6.6203,45.0844],[6.6027,45.1035],[6.6146,45.1148],[6.6294,45.1235],[6.6327,45.1255],[6.6674,45.1396],[6.6763,45.1408],[6.6944,45.1403],[6.7022,45.1412],[6.7109,45.1447],[6.7289,45.1546],[6.7364,45.1573],[6.7715,45.1532],[6.8081,45.1391],[6.8441,45.1301],[6.8767,45.1412],[6.8786,45.1474],[6.8728,45.152],[6.8682,45.1575],[6.8735,45.1659],[6.8813,45.1684],[6.9047,45.1686],[6.9138,45.1702],[6.9284,45.1796],[6.9458,45.2011],[6.9587,45.2098],[6.9945,45.2213],[7.0297,45.2282],[7.0377,45.2258],[7.0502,45.215],[7.0555,45.2137],[7.0622,45.2185],[7.0812,45.2431],[7.1084,45.2592],[7.1084,45.2749],[7.0976,45.295],[7.0926,45.324],[7.0977,45.3298],[7.1301,45.3571],[7.1508,45.3832],[7.1596,45.3985],[7.1607,45.4109],[7.1529,45.4151],[7.1101,45.4283],[7.0968,45.4354],[7.0887,45.4466],[7.0818,45.4591],[7.0754,45.4663],[7.072,45.47],[7.0285,45.4931],[6.9828,45.5111],[6.9753,45.5256],[6.9698,45.567],[6.9659,45.5744],[6.9549,45.5862],[6.9529,45.5943],[6.9556,45.6026],[6.9671,45.6202],[6.9695,45.6258],[6.9634,45.6407],[6.9511,45.6468],[6.9186,45.6526],[6.9053,45.6597],[6.8826,45.6755],[6.8692,45.679],[6.8431,45.6827],[6.8161,45.6968],[6.7959,45.7181],[6.7847,45.7596],[6.782,45.7775],[6.7827,45.7953],[6.7881,45.8117],[6.8008,45.8265],[6.8162,45.8329],[6.8434,45.8386],[6.852,45.8362],[6.8586,45.8335],[6.8644,45.8269],[6.8707,45.8283],[6.8717,45.8328],[6.8727,45.8397],[6.8735,45.8448],[6.8804,45.8455],[6.9051,45.8454],[6.9264,45.8498],[6.949,45.8578],[6.9692,45.8698],[6.9828,45.8858],[6.9891,45.8993],[6.9972,45.9113],[7.0077,45.9205],[7.0221,45.9253]]],[[[8.2747,41.0573],[8.2512,41.0438],[8.251,41.0161],[8.2477,41],[8.2133,41],[8.2176,41.005],[8.2217,41.0144],[8.2232,41.024],[8.2232,41.0336],[8.2289,41.0417],[8.2414,41.0521],[8.2608,41.0646],[8.2756,41.0698],[8.2778,41.0817],[8.2756,41.0954],[8.2778,41.1057],[8.2844,41.1069],[8.3021,41.105],[8.3058,41.1091],[8.308,41.1138],[8.3133,41.1186],[8.3262,41.1261],[8.3259,41.1184],[8.328,41.1125],[8.3324,41.1057],[8.342,41.0978],[8.3447,41.0862],[8.3413,41.0741],[8.3324,41.0646],[8.2747,41.0573]]],[[[8.8691,41],[8.8753,41.0081],[8.888,41.0163],[8.8859,41.0201],[8.8859,41.0212],[8.8853,41.0218],[8.8811,41.0237],[8.9131,41.0327],[8.9227,41.0368],[8.9295,41.0436],[8.9401,41.0612],[8.9463,41.0646],[8.9588,41.07],[8.9758,41.0827],[8.9907,41.0974],[9.0055,41.1219],[9.0247,41.1289],[9.093,41.1352],[9.1078,41.1395],[9.1356,41.1603],[9.1419,41.1528],[9.1576,41.1689],[9.1634,41.1841],[9.1629,41.2254],[9.1711,41.2429],[9.19,41.2511],[9.2124,41.2558],[9.2306,41.2626],[9.2327,41.2536],[9.2383,41.2488],[9.2469,41.2477],[9.2578,41.2497],[9.2681,41.2366],[9.2674,41.202],[9.2783,41.195],[9.2747,41.1995],[9.2736,41.2051],[9.2749,41.2124],[9.2783,41.2217],[9.2853,41.2217],[9.2893,41.2087],[9.2883,41.2058],[9.2853,41.2012],[9.2853,41.195],[9.2996,41.1965],[9.3054,41.1979],[9.3125,41.2012],[9.3166,41.1965],[9.333,41.1876],[9.3352,41.2117],[9.3521,41.2073],[9.3882,41.1807],[9.3882,41.1876],[9.3967,41.1839],[9.4041,41.1817],[9.4123,41.1807],[9.4224,41.1807],[9.4224,41.1745],[9.417,41.1715],[9.4143,41.1682],[9.4121,41.1645],[9.4087,41.1603],[9.4202,41.1564],[9.4266,41.1492],[9.4328,41.1408],[9.4429,41.133],[9.437,41.1254],[9.4368,41.1154],[9.4429,41.092],[9.4541,41.112],[9.4605,41.1205],[9.4701,41.1261],[9.4668,41.1307],[9.4651,41.1344],[9.4624,41.1376],[9.4566,41.1404],[9.4691,41.1462],[9.4815,41.1456],[9.4944,41.1423],[9.5081,41.1404],[9.5139,41.1435],[9.5184,41.1487],[9.5239,41.1497],[9.5322,41.1404],[9.5247,41.133],[9.5344,41.1281],[9.5408,41.1229],[9.5462,41.1209],[9.5527,41.1261],[9.5596,41.1261],[9.5612,41.1218],[9.5618,41.1211],[9.563,41.1212],[9.5664,41.1193],[9.5651,41.1071],[9.5623,41.0971],[9.5564,41.0878],[9.5459,41.0777],[9.5438,41.0825],[9.5408,41.0873],[9.5391,41.092],[9.5213,41.0317],[9.5119,41.0163],[9.5322,41.0163],[9.5247,41.0305],[9.5431,41.0369],[9.5542,41.0346],[9.5576,41.0251],[9.5527,41.0095],[9.5578,41.0094],[9.5586,41.0111],[9.5583,41.0136],[9.5596,41.0163],[9.5657,41.0109],[9.5686,41.0095],[9.5733,41.0095],[9.5881,41.0207],[9.6157,41.0196],[9.6443,41.0117],[9.6626,41.0026],[9.66,41],[9.6147,41],[9.6043,41.0026],[9.5978,41],[8.8691,41]]],[[[10.4434,42.8454],[10.436,42.8381],[10.4312,42.8279],[10.4307,42.8161],[10.4367,42.8044],[10.43,42.7876],[10.4203,42.7764],[10.4069,42.769],[10.3888,42.7635],[10.408,42.7573],[10.4251,42.7408],[10.4307,42.7221],[10.4155,42.7089],[10.411,42.718],[10.4033,42.7189],[10.3932,42.7182],[10.3814,42.7226],[10.3773,42.728],[10.3672,42.746],[10.3643,42.7498],[10.3512,42.7557],[10.3379,42.7648],[10.325,42.7648],[10.3137,42.743],[10.3045,42.7598],[10.2654,42.7446],[10.2454,42.7573],[10.24,42.7419],[10.2352,42.7359],[10.2297,42.7354],[10.1472,42.7373],[10.1248,42.7431],[10.1068,42.7574],[10.1014,42.784],[10.1117,42.8013],[10.133,42.8119],[10.1582,42.8173],[10.1795,42.8188],[10.19,42.8169],[10.2122,42.8078],[10.2244,42.8044],[10.2422,42.8032],[10.2659,42.8044],[10.2649,42.8094],[10.2643,42.8105],[10.2627,42.8102],[10.259,42.8119],[10.2721,42.8188],[10.2721,42.8262],[10.2721,42.8273],[10.2893,42.8256],[10.3268,42.8262],[10.3221,42.8117],[10.3328,42.806],[10.3473,42.8059],[10.3547,42.8082],[10.3581,42.8175],[10.366,42.8229],[10.3748,42.8271],[10.3814,42.8324],[10.3921,42.858],[10.3999,42.8688],[10.4124,42.8734],[10.422,42.8708],[10.431,42.8644],[10.4385,42.8555],[10.4434,42.8454]]],[[[9.8401,43.0652],[9.8418,43.0634],[9.8439,43.0607],[9.8475,43.0586],[9.8548,43.0443],[9.8421,43.025],[9.823,43.0085],[9.8015,43.0078],[9.7846,43.0284],[9.8069,43.0664],[9.8258,43.0746],[9.8401,43.0652]]],[[[9.4748,41.2361],[9.4784,41.2285],[9.4795,41.2242],[9.4793,41.2169],[9.471,41.1896],[9.4744,41.1843],[9.4749,41.1793],[9.4704,41.1721],[9.4644,41.1727],[9.4564,41.1806],[9.4487,41.1855],[9.4417,41.1831],[9.437,41.1859],[9.4478,41.2051],[9.4435,41.2115],[9.4465,41.2204],[9.4539,41.234],[9.46,41.2424],[9.468,41.2411],[9.4748,41.2361]]],[[[9.4309,41.2248],[9.4343,41.2206],[9.4353,41.217],[9.3953,41.2106],[9.377,41.2133],[9.3731,41.2219],[9.3731,41.2299],[9.3776,41.2338],[9.3849,41.2365],[9.3919,41.2407],[9.3963,41.2477],[9.398,41.256],[9.4022,41.2575],[9.408,41.2581],[9.4142,41.2624],[9.4219,41.2609],[9.4274,41.2541],[9.4305,41.2463],[9.4304,41.2378],[9.429,41.2294],[9.4309,41.2248]]],[[[10.297,42.3449],[10.3064,42.3515],[10.3159,42.3408],[10.3132,42.3239],[10.2944,42.328],[10.297,42.3449]]],[[[10.0916,42.5958],[10.096,42.5907],[10.0979,42.588],[10.0979,42.5839],[10.0954,42.577],[10.0858,42.5725],[10.0718,42.5727],[10.0586,42.576],[10.0503,42.5819],[10.0526,42.589],[10.0628,42.592],[10.0726,42.6004],[10.0794,42.6139],[10.0843,42.6147],[10.0877,42.604],[10.0916,42.5958]]]]}},{"type":"Feature","properties":{"layer":"country","iso":"CHE","name":"Suisse"},"geometry":{"type":"Polygon","coordinates":[[[10.4538,46.8644],[10.4485,46.8322],[10.4449,46.8232],[10.439,46.8169],[10.4172,46.7989],[10.4191,46.784],[10.4262,46.7694],[10.4287,46.7556],[10.4166,46.743],[10.3997,46.7355],[10.3956,46.7264],[10.3966,46.715],[10.3944,46.7008],[10.3848,46.689],[10.3739,46.6819],[10.3692,46.6724],[10.3775,46.6533],[10.3956,46.6388],[10.4382,46.6357],[10.4591,46.6236],[10.4666,46.6043],[10.4659,46.5785],[10.4579,46.5537],[10.4518,46.5467],[10.444,46.5377],[10.4259,46.5353],[10.3543,46.5483],[10.3195,46.546],[10.3066,46.5475],[10.2954,46.5511],[10.2891,46.5557],[10.2838,46.5607],[10.2759,46.5655],[10.2347,46.5753],[10.2303,46.5862],[10.2357,46.6067],[10.2338,46.618],[10.2179,46.627],[10.1921,46.6268],[10.0975,46.608],[10.0878,46.6044],[10.0835,46.597],[10.0712,46.5644],[10.0629,46.5567],[10.0413,46.5419],[10.0328,46.533],[10.0314,46.5258],[10.0312,46.5038],[10.0269,46.4932],[10.0281,46.4839],[10.0305,46.4767],[10.0353,46.4711],[10.044,46.467],[10.0263,46.4463],[10.0421,46.4327],[10.0714,46.4248],[10.1162,46.4188],[10.1334,46.414],[10.1408,46.4029],[10.1332,46.3811],[10.126,46.3744],[10.105,46.3614],[10.0975,46.3516],[10.0924,46.3381],[10.0918,46.329],[10.0958,46.3205],[10.1049,46.3094],[10.1461,46.2803],[10.1589,46.2624],[10.1458,46.2433],[10.1179,46.2311],[10.0757,46.22],[10.0427,46.2205],[10.0418,46.2431],[10.0317,46.2601],[9.9922,46.2844],[9.9776,46.2981],[9.971,46.32],[9.9706,46.3398],[9.964,46.3561],[9.939,46.3675],[9.9184,46.3712],[9.899,46.3722],[9.8554,46.367],[9.7888,46.3433],[9.7681,46.3386],[9.7552,46.3405],[9.7309,46.3507],[9.7201,46.3509],[9.7093,46.3424],[9.7073,46.331],[9.7088,46.3196],[9.7084,46.3117],[9.6931,46.2971],[9.6743,46.2918],[9.5597,46.2927],[9.5365,46.2986],[9.5153,46.3086],[9.5026,46.3207],[9.4826,46.3568],[9.4737,46.3619],[9.4516,46.3704],[9.4444,46.3753],[9.4424,46.3809],[9.4438,46.3961],[9.4379,46.492],[9.4346,46.4983],[9.4268,46.4971],[9.4107,46.4889],[9.4038,46.4825],[9.4003,46.4754],[9.3955,46.4694],[9.3846,46.4664],[9.3771,46.4687],[9.3516,46.4855],[9.3508,46.4979],[9.331,46.5015],[9.2823,46.4974],[9.2632,46.4851],[9.2458,46.461],[9.238,46.4365],[9.2476,46.423],[9.2609,46.4167],[9.2629,46.4066],[9.2603,46.394],[9.2604,46.3797],[9.2738,46.3443],[9.2752,46.3314],[9.269,46.3094],[9.2397,46.267],[9.2248,46.2312],[9.2157,46.2211],[9.2042,46.2136],[9.1922,46.2096],[9.1813,46.2041],[9.1758,46.1941],[9.1711,46.1826],[9.1638,46.173],[9.1632,46.1723],[9.0906,46.1382],[9.0721,46.1189],[9.0682,46.106],[9.0703,46.0834],[9.0671,46.0711],[9.0592,46.0618],[9.0497,46.0579],[9.0277,46.0531],[9.0021,46.0393],[8.9978,46.0279],[9.0156,45.9931],[8.9827,45.972],[8.9805,45.9695],[8.9798,45.9669],[8.9805,45.9644],[8.9827,45.9618],[8.9934,45.9543],[9.0017,45.9361],[9.0108,45.9267],[9.0205,45.9228],[9.0423,45.9197],[9.0517,45.9155],[9.0631,45.899],[9.0593,45.882],[9.0344,45.8481],[9.0024,45.8207],[8.9724,45.8246],[8.9396,45.8348],[8.9,45.8264],[8.9037,45.8418],[8.9097,45.8537],[8.9138,45.8661],[8.9121,45.8834],[8.9065,45.8965],[8.8981,45.9096],[8.8808,45.9311],[8.871,45.9471],[8.8645,45.9534],[8.8577,45.9571],[8.8004,45.9785],[8.7851,45.9823],[8.7679,45.9831],[8.7696,45.9858],[8.7734,45.9906],[8.791,46.0187],[8.8196,46.0429],[8.8344,46.0664],[8.8089,46.0897],[8.7939,46.0934],[8.7632,46.0929],[8.7471,46.0944],[8.7395,46.0981],[8.7322,46.1074],[8.729,46.1082],[8.7239,46.1095],[8.7177,46.1075],[8.7022,46.098],[8.6951,46.0952],[8.6775,46.0958],[8.6309,46.1147],[8.6115,46.1194],[8.6018,46.1228],[8.5387,46.1876],[8.5103,46.2079],[8.4827,46.2175],[8.4565,46.2248],[8.4381,46.2354],[8.4272,46.2514],[8.4232,46.2758],[8.4266,46.3016],[8.4429,46.3534],[8.4463,46.3822],[8.4458,46.4124],[8.4416,46.4349],[8.4279,46.4487],[8.3992,46.4522],[8.3859,46.4502],[8.3434,46.4439],[8.3163,46.4337],[8.295,46.418],[8.2866,46.4054],[8.2904,46.4011],[8.297,46.3976],[8.2975,46.3875],[8.2915,46.3784],[8.2815,46.3701],[8.2701,46.364],[8.2417,46.3541],[8.1926,46.3092],[8.1719,46.2992],[8.1285,46.2925],[8.1069,46.2855],[8.0873,46.2718],[8.0773,46.262],[8.0731,46.2536],[8.0766,46.2497],[8.0999,46.2356],[8.1295,46.196],[8.1323,46.1594],[8.1106,46.127],[8.0669,46.1006],[8.056,46.0981],[8.0354,46.0965],[8.0253,46.0911],[8.0182,46.0809],[8.016,46.0694],[8.0159,46.0582],[8.0107,46.0297],[8.0088,46.0277],[7.9991,46.0128],[7.9984,46.0106],[7.9858,45.9993],[7.9787,45.9952],[7.9691,45.9931],[7.8982,45.9819],[7.8838,45.9739],[7.8729,45.9594],[7.8702,45.9404],[7.8496,45.9397],[7.8484,45.9381],[7.8453,45.9278],[7.8461,45.9226],[7.8437,45.9192],[7.8312,45.9145],[7.8254,45.9147],[7.8076,45.9185],[7.7801,45.9181],[7.732,45.9304],[7.7222,45.9296],[7.7146,45.9271],[7.7063,45.9257],[7.694,45.9287],[7.6925,45.9312],[7.6737,45.9503],[7.6587,45.96],[7.643,45.9663],[7.5411,45.9841],[7.5244,45.9781],[7.5147,45.9667],[7.5037,45.9567],[7.4827,45.9549],[7.453,45.9459],[7.3938,45.9157],[7.3618,45.9078],[7.2867,45.9134],[7.2735,45.9103],[7.2454,45.8981],[7.1837,45.8805],[7.1535,45.8765],[7.1209,45.8761],[7.0902,45.8805],[7.0669,45.8902],[7.0221,45.9253],[7.0152,45.9333],[7.0098,45.9434],[7.0028,45.9617],[6.9913,45.9825],[6.9877,45.9931],[6.9828,45.9954],[6.9151,46.0486],[6.8924,46.0556],[6.884,46.0532],[6.8769,46.0481],[6.8692,46.0441],[6.8597,46.045],[6.8509,46.0496],[6.8503,46.0527],[6.8524,46.0569],[6.852,46.0647],[6.8534,46.0657],[6.8531,46.0761],[6.8513,46.086],[6.8486,46.085],[6.8531,46.0902],[6.8612,46.097],[6.8682,46.1047],[6.8692,46.1123],[6.8539,46.1226],[6.7743,46.1348],[6.7657,46.1516],[6.7749,46.1859],[6.7922,46.2217],[6.8277,46.2695],[6.8049,46.2966],[6.7695,46.3227],[6.7504,46.3455],[6.7557,46.3571],[6.7821,46.3785],[6.7892,46.3952],[6.7881,46.405],[6.7871,46.4142],[6.7777,46.4241],[6.7627,46.4293],[6.6137,46.4559],[6.547,46.4574],[6.4829,46.4486],[6.3977,46.4082],[6.3652,46.4024],[6.3324,46.4014],[6.3016,46.3945],[6.2691,46.375],[6.2406,46.349],[6.2195,46.3291],[6.2141,46.3155],[6.2183,46.3055],[6.2275,46.2885],[6.228,46.2845],[6.2376,46.2679],[6.2418,46.2637],[6.2523,46.2599],[6.269,46.2652],[6.276,46.2631],[6.2812,46.2401],[6.2554,46.2211],[6.1914,46.1917],[6.1403,46.1502],[6.1079,46.1386],[6.0739,46.1492],[6.0283,46.1479],[5.9829,46.1404],[5.9588,46.1305],[5.9722,46.1522],[5.9798,46.1622],[5.9829,46.1708],[5.9652,46.1862],[5.9548,46.1999],[5.9585,46.212],[5.9829,46.2227],[6.0429,46.2431],[6.0445,46.2434],[6.0462,46.2435],[6.048,46.2434],[6.0559,46.2417],[6.0619,46.2412],[6.0677,46.2416],[6.0897,46.2464],[6.094,46.253],[6.0931,46.2623],[6.0936,46.2731],[6.1007,46.3014],[6.1041,46.3092],[6.1186,46.3318],[6.1364,46.3593],[6.1351,46.3704],[6.1229,46.3855],[6.1082,46.3965],[6.059,46.4174],[6.0542,46.4194],[6.0657,46.427],[6.0676,46.4336],[6.0655,46.4404],[6.0655,46.448],[6.0648,46.4511],[6.0624,46.4552],[6.0602,46.4599],[6.0602,46.465],[6.0642,46.4711],[6.0755,46.4796],[6.1104,46.5208],[6.1457,46.5516],[6.1215,46.5703],[6.1184,46.5835],[6.1319,46.5956],[6.2663,46.6804],[6.3379,46.7074],[6.3479,46.7132],[6.3742,46.7336],[6.4074,46.7457],[6.4179,46.7511],[6.4292,46.7608],[6.433,46.7691],[6.4326,46.786],[6.4252,46.7916],[6.4199,46.7965],[6.4171,46.8022],[6.4186,46.807],[6.4343,46.8395],[6.4412,46.8481],[6.4431,46.8515],[6.4468,46.8577],[6.4484,46.8716],[6.4452,46.8826],[6.4319,46.9],[6.4278,46.9091],[6.4426,46.9442],[6.4911,46.9634],[6.5987,46.9865],[6.6654,47.0213],[6.6883,47.0438],[6.6763,47.0624],[6.6897,47.0783],[6.6991,47.0846],[6.7242,47.0908],[6.7279,47.0971],[6.7317,47.0989],[6.746,47.1039],[6.7448,47.1211],[6.7748,47.1282],[6.8381,47.1681],[6.8403,47.1695],[6.8593,47.1909],[6.8883,47.2113],[6.9562,47.2452],[6.9522,47.27],[6.9586,47.2906],[6.9774,47.3037],[6.9865,47.3045],[6.9919,47.306],[7.0065,47.3194],[7.0169,47.3235],[7.0271,47.3254],[7.0366,47.3295],[7.0443,47.3405],[7.0339,47.3507],[7.0189,47.3599],[7.004,47.3681],[6.9856,47.3621],[6.8666,47.3542],[6.8716,47.367],[6.884,47.3826],[6.8988,47.3957],[6.9245,47.406],[6.9261,47.4249],[6.9523,47.4288],[6.9685,47.4352],[6.9834,47.4438],[6.991,47.4522],[6.9861,47.4641],[6.9758,47.478],[6.9733,47.4891],[6.9919,47.4929],[7.0008,47.4977],[7.0098,47.4992],[7.0189,47.4977],[7.028,47.4929],[7.0539,47.4904],[7.1037,47.4963],[7.1273,47.4929],[7.1403,47.4879],[7.1422,47.4877],[7.1537,47.4864],[7.1808,47.4883],[7.1626,47.4599],[7.1683,47.4436],[7.19,47.4347],[7.2194,47.4285],[7.2235,47.4262],[7.2263,47.4226],[7.2303,47.419],[7.2381,47.4168],[7.2448,47.4177],[7.2826,47.4289],[7.3091,47.4327],[7.3369,47.4319],[7.3785,47.4306],[7.3882,47.4333],[7.4063,47.4382],[7.4206,47.4509],[7.4261,47.4558],[7.4293,47.4651],[7.4276,47.4707],[7.4228,47.4754],[7.4195,47.4779],[7.4144,47.484],[7.4143,47.4902],[7.426,47.4925],[7.4415,47.4888],[7.446,47.4869],[7.4545,47.4832],[7.4674,47.4819],[7.4827,47.4913],[7.4845,47.4929],[7.4858,47.4958],[7.4859,47.4984],[7.4858,47.4988],[7.4849,47.5009],[7.4778,47.5077],[7.4756,47.5117],[7.4769,47.5149],[7.4827,47.517],[7.4931,47.5155],[7.5011,47.5173],[7.5055,47.523],[7.5052,47.533],[7.5017,47.533],[7.4851,47.5416],[7.4827,47.5423],[7.5209,47.5634],[7.5263,47.5665],[7.5503,47.5755],[7.5855,47.5845],[7.586,47.5846],[7.637,47.595],[7.6597,47.5966],[7.6465,47.5715],[7.6359,47.5646],[7.6123,47.5647],[7.6097,47.5647],[7.6469,47.5514],[7.6614,47.5462],[7.6834,47.5443],[7.7273,47.5504],[7.7667,47.556],[7.7855,47.5632],[7.8015,47.5761],[7.8197,47.5953],[7.8337,47.5905],[7.8982,47.5878],[7.9043,47.5836],[7.9075,47.5742],[7.9095,47.5648],[7.9122,47.5606],[8.0423,47.5606],[8.0872,47.5674],[8.097,47.5719],[8.1014,47.5762],[8.1054,47.5813],[8.1139,47.5878],[8.1221,47.5921],[8.1438,47.6001],[8.1621,47.6038],[8.1689,47.6086],[8.1738,47.6135],[8.179,47.6158],[8.233,47.622],[8.2511,47.622],[8.277,47.6166],[8.2886,47.6158],[8.2939,47.6115],[8.2993,47.6018],[8.3063,47.5922],[8.3162,47.5878],[8.3541,47.581],[8.4181,47.5808],[8.4211,47.5811],[8.4489,47.5843],[8.4501,47.589],[8.4618,47.6061],[8.4924,47.6198],[8.5224,47.6219],[8.5378,47.6121],[8.5496,47.5986],[8.5517,47.5969],[8.5607,47.5894],[8.5741,47.5924],[8.5763,47.595],[8.5806,47.6002],[8.5818,47.6077],[8.5813,47.6148],[8.5825,47.6216],[8.5821,47.625],[8.5797,47.6289],[8.5781,47.6335],[8.5803,47.639],[8.584,47.6411],[8.5892,47.6425],[8.5936,47.6426],[8.5945,47.641],[8.5951,47.6348],[8.6016,47.6326],[8.6073,47.6563],[8.5982,47.6569],[8.5936,47.6582],[8.5822,47.6613],[8.5682,47.6629],[8.5197,47.6574],[8.5047,47.6523],[8.4908,47.6456],[8.4761,47.6404],[8.4583,47.6399],[8.4376,47.6478],[8.412,47.661],[8.407,47.6616],[8.3913,47.6655],[8.3977,47.6763],[8.3952,47.6848],[8.391,47.6921],[8.3921,47.6995],[8.4019,47.7071],[8.4273,47.7165],[8.4379,47.7232],[8.4455,47.7432],[8.4501,47.7505],[8.4636,47.7639],[8.4715,47.7671],[8.4827,47.7669],[8.5365,47.7741],[8.5516,47.7793],[8.5423,47.795],[8.5582,47.8012],[8.5831,47.8002],[8.6016,47.7946],[8.6032,47.7873],[8.6041,47.7744],[8.6076,47.7623],[8.6174,47.7573],[8.6298,47.7628],[8.635,47.7846],[8.6441,47.791],[8.657,47.7881],[8.6666,47.7783],[8.6745,47.7667],[8.6819,47.7587],[8.6923,47.7572],[8.7033,47.7587],[8.7131,47.7574],[8.7198,47.7473],[8.7171,47.7435],[8.7037,47.73],[8.7004,47.7235],[8.7047,47.7153],[8.7126,47.7087],[8.7151,47.7011],[8.7171,47.6946],[8.7699,47.6951],[8.7617,47.7013],[8.7707,47.7209],[8.7976,47.72],[8.8302,47.7072],[8.8561,47.6907],[8.8377,47.6878],[8.8378,47.6808],[8.8519,47.6713],[8.8527,47.6708],[8.8817,47.6561],[8.9062,47.6518],[8.9454,47.6543],[8.9818,47.6622],[8.9977,47.6738],[9.0166,47.6789],[9.1281,47.6704],[9.1834,47.6704],[9.1969,47.6561],[9.2344,47.6562],[9.2732,47.6501],[9.5475,47.5345],[9.5531,47.5169],[9.555,47.5109],[9.5845,47.4807],[9.6217,47.4692],[9.6503,47.4521],[9.6495,47.4097],[9.6398,47.3945],[9.601,47.3613],[9.5964,47.3523],[9.5912,47.3347],[9.5874,47.3278],[9.5533,47.2999],[9.5212,47.2628],[9.5046,47.2437],[9.4874,47.21],[9.485,47.1763],[9.4926,47.1598],[9.5035,47.1454],[9.5119,47.1294],[9.5124,47.108],[9.5029,47.0947],[9.4876,47.0839],[9.4759,47.0732],[9.477,47.0639],[9.4996,47.0594],[9.5606,47.0524],[9.5812,47.0569],[9.5999,47.0535],[9.6523,47.0579],[9.6691,47.0562],[9.858,47.0155],[9.8563,47.0041],[9.8606,47.0016],[9.8668,47.0019],[9.8706,46.9988],[9.8706,46.9929],[9.8665,46.9834],[9.864,46.9599],[9.8608,46.9492],[9.8624,46.9398],[9.8751,46.9274],[9.8999,46.9144],[10.0069,46.8908],[10.0456,46.8656],[10.0681,46.8566],[10.1113,46.8471],[10.1252,46.8468],[10.132,46.8466],[10.1578,46.8516],[10.2014,46.8668],[10.2117,46.877],[10.2143,46.8847],[10.2152,46.8931],[10.2199,46.9058],[10.2351,46.9233],[10.2513,46.9254],[10.2708,46.9219],[10.2957,46.9227],[10.2962,46.9414],[10.3137,46.9643],[10.3389,46.9841],[10.3679,46.9955],[10.3734,46.9963],[10.379,46.9955],[10.3843,46.9932],[10.3844,46.9932],[10.3844,46.993],[10.3947,46.9854],[10.4156,46.9624],[10.4496,46.9439],[10.4585,46.9366],[10.4638,46.9197],[10.4514,46.8858],[10.4538,46.8644]]]}},{"type":"Feature","properties":{"layer":"country","iso":"NLD","name":"Pays-Bas"},"geometry":{"type":"MultiPolygon","coordinates":[[[[5.9422,51.8],[5.9508,51.7959],[5.9641,51.7766],[5.9624,51.7564],[5.9461,51.7463],[5.9401,51.7426],[5.9393,51.7319],[5.9492,51.7294],[5.9783,51.7298],[5.9897,51.7264],[6.0121,51.7159],[6.022,51.7095],[6.0086,51.6812],[6.0315,51.663],[6.0992,51.6445],[6.0875,51.6221],[6.0821,51.6078],[6.0865,51.5955],[6.153,51.5384],[6.1933,51.5093],[6.2005,51.4766],[6.2053,51.4584],[6.2017,51.4386],[6.1941,51.4174],[6.1927,51.399],[6.2078,51.3877],[6.202,51.3789],[6.1989,51.357],[6.1936,51.3445],[6.1836,51.3357],[6.1582,51.3246],[6.1478,51.3182],[6.0965,51.2588],[6.0754,51.2427],[6.0652,51.2316],[6.0566,51.2117],[6.0537,51.1894],[6.0608,51.1709],[6.0843,51.1627],[6.1341,51.1842],[6.1571,51.1793],[6.1491,51.1763],[6.1263,51.1646],[6.1473,51.1523],[6.1324,51.1398],[6.0754,51.1204],[5.9829,51.0747],[5.9695,51.0649],[5.9503,51.0395],[5.938,51.0309],[5.9196,51.0297],[5.9062,51.0374],[5.8943,51.0471],[5.8805,51.0521],[5.8525,51.0428],[5.8582,51.0193],[5.8736,50.9906],[5.8746,50.9654],[5.8883,50.9671],[5.9142,50.9752],[5.9277,50.9777],[5.9416,50.9765],[5.9678,50.971],[6.0037,50.9737],[6.0058,50.9685],[5.9997,50.9601],[5.9958,50.9518],[5.9973,50.9374],[5.9999,50.9294],[6.0075,50.9241],[6.0311,50.9147],[6.0637,50.9075],[6.0618,50.9035],[6.0565,50.8981],[6.0546,50.8915],[6.0631,50.8709],[6.0628,50.8629],[6.0567,50.8527],[6.0456,50.8442],[6.023,50.8454],[6.0093,50.8405],[6.0005,50.8304],[6.0014,50.8218],[6.0036,50.8126],[5.9983,50.8007],[5.984,50.7922],[5.9688,50.7946],[5.973,50.7818],[5.9806,50.7734],[5.9906,50.769],[5.9971,50.7629],[5.9949,50.7499],[5.9748,50.7475],[5.9022,50.749],[5.8913,50.7512],[5.8799,50.7535],[5.7932,50.7521],[5.7829,50.7567],[5.7625,50.771],[5.7524,50.7734],[5.7436,50.7691],[5.7328,50.7589],[5.7278,50.7542],[5.7174,50.7528],[5.7066,50.7542],[5.6884,50.7608],[5.6987,50.7838],[5.7005,50.7956],[5.6849,50.7985],[5.6633,50.8051],[5.6574,50.8076],[5.6407,50.815],[5.6245,50.8303],[5.6223,50.8527],[5.6945,50.9037],[5.706,50.9066],[5.7176,50.9092],[5.7224,50.9117],[5.7353,50.924],[5.7525,50.9472],[5.764,50.9594],[5.7543,50.9631],[5.7447,50.9632],[5.7224,50.9594],[5.7617,50.9992],[5.7776,51.0236],[5.764,51.0352],[5.7664,51.0484],[5.7715,51.0581],[5.7796,51.0613],[5.7913,51.055],[5.7988,51.0615],[5.8043,51.0686],[5.8118,51.0823],[5.809,51.0863],[5.8074,51.0894],[5.8049,51.0966],[5.8159,51.0959],[5.8267,51.0969],[5.8368,51.0995],[5.846,51.1034],[5.8232,51.1187],[5.8264,51.1302],[5.8405,51.1389],[5.838,51.1437],[5.8291,51.1565],[5.8121,51.1573],[5.7814,51.1524],[5.7681,51.1595],[5.7472,51.1776],[5.7308,51.1838],[5.718,51.1846],[5.6762,51.1792],[5.659,51.1791],[5.6482,51.184],[5.6385,51.1909],[5.625,51.1969],[5.5684,51.2077],[5.5514,51.2168],[5.5455,51.2199],[5.5423,51.2427],[5.5352,51.262],[5.5167,51.2772],[5.4932,51.2865],[5.4716,51.2881],[5.4519,51.2821],[5.4099,51.2635],[5.3891,51.2587],[5.2707,51.2618],[5.2395,51.2569],[5.233,51.2559],[5.2154,51.2587],[5.2149,51.2943],[5.1973,51.3083],[5.1788,51.3095],[5.1402,51.3074],[5.1229,51.3134],[5.1181,51.3199],[5.1078,51.342],[5.1026,51.3507],[5.0681,51.3745],[5.0617,51.3843],[5.0653,51.4059],[5.0764,51.4219],[5.0799,51.4385],[5.0603,51.462],[5.0303,51.4744],[5.0275,51.4768],[5.0121,51.4743],[5.0061,51.4683],[5.0027,51.459],[4.9958,51.4467],[4.9802,51.4305],[4.9571,51.411],[4.9319,51.3956],[4.9103,51.3919],[4.8717,51.403],[4.8533,51.4061],[4.7833,51.4076],[4.7621,51.4134],[4.7678,51.4254],[4.7791,51.4264],[4.8227,51.4137],[4.8154,51.4311],[4.8199,51.4462],[4.8261,51.4606],[4.8239,51.4756],[4.8136,51.4841],[4.7968,51.491],[4.7787,51.4954],[4.7642,51.4962],[4.7312,51.4856],[4.6539,51.4262],[4.6436,51.4214],[4.6301,51.4182],[4.6146,51.4176],[4.5827,51.4226],[4.5539,51.4193],[4.5406,51.4201],[4.5215,51.4286],[4.5234,51.4384],[4.5318,51.4509],[4.5332,51.4676],[4.5252,51.4759],[4.5126,51.4774],[4.4831,51.4743],[4.4294,51.462],[4.3771,51.4429],[4.3892,51.4346],[4.3872,51.4275],[4.3806,51.4197],[4.3799,51.4095],[4.3877,51.4005],[4.4101,51.3838],[4.4162,51.374],[4.4112,51.3567],[4.3922,51.3504],[4.3456,51.3523],[4.3263,51.3564],[4.2901,51.3688],[4.2811,51.3689],[4.2611,51.3694],[4.2571,51.3725],[4.249,51.3842],[4.2463,51.3964],[4.2468,51.4067],[4.2449,51.4145],[4.2347,51.419],[4.223,51.4095],[4.201,51.4053],[4.1111,51.407],[4.0903,51.4113],[4.0702,51.419],[4.0151,51.4489],[3.9988,51.4531],[3.957,51.4558],[3.9431,51.4504],[3.9134,51.4153],[3.9021,51.4049],[3.8867,51.3998],[3.8508,51.3974],[3.8379,51.3922],[3.8272,51.3911],[3.8164,51.3941],[3.7891,51.4122],[3.7288,51.4308],[3.6897,51.4543],[3.674,51.4554],[3.6326,51.4457],[3.61,51.4451],[3.5534,51.4531],[3.5354,51.4592],[3.5202,51.4734],[3.5068,51.4893],[3.4948,51.5009],[3.4619,51.519],[3.451,51.5297],[3.447,51.546],[3.4575,51.5551],[3.5604,51.5946],[3.8289,51.6127],[3.8511,51.6108],[3.8661,51.6054],[3.8822,51.5961],[3.8965,51.5838],[3.9058,51.5692],[3.8953,51.5666],[3.8783,51.5594],[3.8716,51.5556],[3.8716,51.5494],[3.9673,51.5431],[4.0159,51.5308],[4.0571,51.5084],[4.0703,51.4927],[4.09,51.4582],[4.1048,51.4457],[4.1288,51.4414],[4.1808,51.4459],[4.2005,51.4395],[4.2202,51.4435],[4.2528,51.4425],[4.2638,51.4444],[4.2832,51.4477],[4.2967,51.4705],[4.2886,51.4921],[4.2678,51.5083],[4.2398,51.5185],[4.2305,51.5196],[4.1947,51.5236],[4.1533,51.5351],[4.138,51.5359],[4.1063,51.5335],[4.0913,51.5351],[4.0672,51.544],[3.9881,51.5903],[4.0412,51.606],[4.0677,51.6107],[4.1572,51.6079],[4.1834,51.6029],[4.2069,51.5905],[4.2073,51.5903],[4.2026,51.6091],[4.19,51.6167],[4.1861,51.6168],[4.1467,51.6179],[4.136,51.6204],[4.126,51.6247],[4.118,51.6307],[4.113,51.6394],[4.1099,51.6509],[4.1096,51.6623],[4.1126,51.6708],[4.1257,51.6796],[4.1429,51.6841],[4.1769,51.6859],[4.1664,51.6927],[4.1411,51.7039],[4.0715,51.7172],[4.0571,51.7303],[4.0508,51.7635],[4.0339,51.7842],[4.0098,51.7979],[4.0049,51.8],[3.9563,51.8],[3.9372,51.7963],[3.9114,51.7964],[3.8919,51.793],[3.8882,51.7889],[3.8811,51.7881],[3.8716,51.7883],[3.8677,51.8],[5.9422,51.8]]],[[[3.3494,51.3752],[3.5109,51.4079],[3.5257,51.4156],[3.5414,51.4167],[3.6047,51.3911],[3.7022,51.3736],[3.7342,51.3558],[3.7555,51.3501],[3.7959,51.3501],[3.834,51.3432],[3.8582,51.3454],[3.9558,51.3718],[3.9692,51.3817],[3.9746,51.4016],[3.9841,51.4105],[4.0057,51.4098],[4.0291,51.4042],[4.0435,51.3985],[4.0501,51.3922],[4.0613,51.3767],[4.0702,51.3706],[4.0813,51.3681],[4.1055,51.3661],[4.1155,51.361],[4.1219,51.3594],[4.1565,51.3576],[4.1737,51.3737],[4.18,51.3774],[4.1996,51.376],[4.2215,51.368],[4.221,51.3638],[4.2135,51.3405],[4.2079,51.3306],[4.1686,51.2969],[4.119,51.2724],[3.995,51.2332],[3.9495,51.2108],[3.927,51.2063],[3.8087,51.2053],[3.7963,51.2088],[3.7814,51.2199],[3.7797,51.2303],[3.7814,51.2414],[3.7762,51.2545],[3.7573,51.2623],[3.6351,51.2878],[3.6095,51.2904],[3.5848,51.2895],[3.545,51.2839],[3.529,51.2833],[3.5143,51.281],[3.5034,51.274],[3.5015,51.2624],[3.5041,51.2497],[3.5012,51.2403],[3.4539,51.2356],[3.4219,51.238],[3.3988,51.2447],[3.3917,51.2468],[3.3674,51.2635],[3.3532,51.2886],[3.3539,51.3119],[3.3581,51.3367],[3.3494,51.3752]]],[[[4.0366,51.6859],[4.0784,51.6786],[4.0973,51.6702],[4.0994,51.6541],[4.089,51.644],[4.0726,51.6369],[4.0549,51.6326],[3.978,51.6233],[3.9603,51.6238],[3.9231,51.6325],[3.9015,51.642],[3.8919,51.6555],[3.8856,51.6684],[3.8698,51.6761],[3.8306,51.6859],[3.8239,51.6899],[3.8176,51.6953],[3.8093,51.6995],[3.7959,51.7001],[3.7713,51.6818],[3.7654,51.6784],[3.7206,51.6768],[3.7,51.6806],[3.6867,51.6927],[3.6895,51.725],[3.7258,51.7397],[3.8101,51.7473],[3.8142,51.7482],[3.8306,51.7473],[3.8438,51.7428],[3.9396,51.7412],[3.9618,51.7381],[3.978,51.7303],[4.0154,51.7017],[4.0203,51.6965],[4.0266,51.6911],[4.0366,51.6859]]]]}},{"type":"Feature","properties":{"layer":"country","iso":"LIE","name":"Liechtenstein"},"geometry":{"type":"Polygon","coordinates":[[[9.5212,47.2628],[9.5303,47.2537],[9.5471,47.243],[9.5404,47.2291],[9.5448,47.2203],[9.5543,47.2116],[9.5629,47.1977],[9.5619,47.1906],[9.552,47.1756],[9.5521,47.1669],[9.5818,47.1549],[9.6056,47.1323],[9.6157,47.1068],[9.6088,47.0808],[9.5812,47.0569],[9.5606,47.0524],[9.4996,47.0594],[9.477,47.0639],[9.4759,47.0732],[9.4876,47.0839],[9.5029,47.0947],[9.5124,47.108],[9.5119,47.1294],[9.5035,47.1454],[9.4926,47.1598],[9.485,47.1763],[9.4874,47.21],[9.5046,47.2437],[9.5212,47.2628]]]}},{"type":"Feature","properties":{"layer":"country","iso":"MCO","name":"Monaco"},"geometry":{"type":"Polygon","coordinates":[[[7.4375,43.7434],[7.4328,43.7399],[7.418,43.7309],[7.4043,43.718],[7.3807,43.7193],[7.3658,43.7227],[7.3673,43.7341],[7.3727,43.7458],[7.3875,43.7579],[7.407,43.7635],[7.4262,43.7555],[7.4375,43.7434]]]}},{"type":"Feature","properties":{"layer":"country","iso":"AND","name":"Andorre"},"geometry":{"type":"Polygon","coordinates":[[[1.707,42.5028],[1.6975,42.4945],[1.6863,42.4906],[1.6742,42.4905],[1.6624,42.4937],[1.6598,42.4968],[1.657,42.4976],[1.654,42.4965],[1.6504,42.4934],[1.6395,42.4664],[1.6075,42.4564],[1.5444,42.4504],[1.5389,42.4457],[1.5345,42.4399],[1.5282,42.4342],[1.5166,42.4295],[1.5085,42.4287],[1.4479,42.4346],[1.4364,42.441],[1.4364,42.4535],[1.4076,42.4868],[1.4245,42.4925],[1.4302,42.4936],[1.45,42.5041],[1.4466,42.5199],[1.429,42.5315],[1.4065,42.5292],[1.4098,42.5406],[1.4263,42.5618],[1.4264,42.5656],[1.418,42.5698],[1.4193,42.5793],[1.4249,42.5894],[1.4293,42.5954],[1.4514,42.6021],[1.4668,42.6415],[1.4984,42.6402],[1.5278,42.6485],[1.5431,42.6494],[1.5973,42.6219],[1.6083,42.6181],[1.722,42.6099],[1.7133,42.5895],[1.7294,42.582],[1.7527,42.5767],[1.7611,42.5676],[1.7651,42.5634],[1.74,42.5616],[1.7217,42.5485],[1.7106,42.5277],[1.707,42.5028]]]}},{"type":"Feature","properties":{"layer":"country","iso":"PRT","name":"Portugal"},"geometry":{"type":"Polygon","coordinates":[[[-6.5,41.6542],[-6.488,41.6588],[-6.4744,41.6659],[-6.4677,41.6721],[-6.4608,41.6766],[-6.4471,41.6762],[-6.3659,41.6636],[-6.3171,41.6501],[-6.2722,41.6282],[-6.2301,41.5949],[-6.2161,41.5801],[-6.2059,41.5703],[-6.2536,41.5175],[-6.2795,41.497],[-6.2859,41.4869],[-6.2852,41.479],[-6.2825,41.4723],[-6.2829,41.4656],[-6.321,41.4196],[-6.3211,41.411],[-6.3523,41.4093],[-6.3662,41.4052],[-6.3792,41.3973],[-6.3762,41.3969],[-6.3755,41.3908],[-6.3767,41.383],[-6.3792,41.3775],[-6.3832,41.3765],[-6.3955,41.3784],[-6.3996,41.3775],[-6.431,41.339],[-6.4631,41.3141],[-6.4959,41.2949],[-6.5,41.2936],[-6.5,41.6542]]]}},{"type":"Feature","properties":{"layer":"country","iso":"JEY","name":"Jersey"},"geometry":{"type":"Polygon","coordinates":[[[-2.0827,49.2602],[-2.0679,49.2507],[-2.0207,49.2353],[-2.022,49.2255],[-2.0173,49.2214],[-2.0119,49.2153],[-2.0083,49.2125],[-2.017,49.2072],[-2.021,49.2008],[-2.022,49.1925],[-2.022,49.1814],[-2.0245,49.1713],[-2.0312,49.1715],[-2.04,49.1757],[-2.0492,49.1783],[-2.08,49.1787],[-2.097,49.1837],[-2.1202,49.1992],[-2.1289,49.2031],[-2.1379,49.2056],[-2.1448,49.2056],[-2.1529,49.1999],[-2.1606,49.1907],[-2.1687,49.1783],[-2.1772,49.1802],[-2.1897,49.1891],[-2.2001,49.192],[-2.203,49.1904],[-2.2234,49.1847],[-2.2336,49.1845],[-2.2265,49.206],[-2.2332,49.2285],[-2.242,49.248],[-2.2411,49.2602],[-2.2294,49.263],[-2.2152,49.2602],[-2.1963,49.2534],[-2.1827,49.2541],[-2.1724,49.2563],[-2.1627,49.2604],[-2.1517,49.267],[-2.1438,49.2619],[-2.122,49.2583],[-2.1107,49.2534],[-2.1039,49.2582],[-2.0976,49.2597],[-2.0827,49.2602]]]}},{"type":"Feature","properties":{"layer":"country","iso":"GGY","name":"Guernesey"},"geometry":{"type":"MultiPolygon","coordinates":[[[[-2.5802,49.4936],[-2.5596,49.4993],[-2.5382,49.5098],[-2.5182,49.5155],[-2.5017,49.5067],[-2.5058,49.498],[-2.5221,49.48],[-2.5267,49.4585],[-2.5329,49.4429],[-2.5328,49.4389],[-2.5341,49.4362],[-2.542,49.4309],[-2.5521,49.4267],[-2.5587,49.4272],[-2.5648,49.4295],[-2.5731,49.4309],[-2.6693,49.4309],[-2.6735,49.4335],[-2.6708,49.4388],[-2.663,49.4438],[-2.6518,49.4452],[-2.6566,49.4594],[-2.6503,49.4637],[-2.6379,49.4639],[-2.6246,49.4657],[-2.5802,49.4936]]],[[[-2.3638,49.4468],[-2.3564,49.4404],[-2.3544,49.4278],[-2.3647,49.4179],[-2.3735,49.4116],[-2.3781,49.4127],[-2.3748,49.4192],[-2.3731,49.4243],[-2.3759,49.4304],[-2.3755,49.4355],[-2.3726,49.4381],[-2.3699,49.4421],[-2.3661,49.4457],[-2.3638,49.4468]]],[[[-2.1745,49.7314],[-2.1703,49.7287],[-2.1703,49.7232],[-2.1879,49.7106],[-2.2008,49.7057],[-2.2169,49.703],[-2.2262,49.7078],[-2.2185,49.7187],[-2.2047,49.7241],[-2.1948,49.7248],[-2.1786,49.7309],[-2.1745,49.7314]]],[[[-2.4537,49.4819],[-2.4478,49.484],[-2.4452,49.4746],[-2.4534,49.4621],[-2.4545,49.4661],[-2.4551,49.475],[-2.4537,49.4819]]]]}},{"type":"Feature","properties":{"layer":"admin1"},"geometry":{"type":"LineString","coordinates":[[-1.2538,44.4676],[-1.2513,44.4682]]}},{"type":"Feature","properties":{"layer":"admin1"},"geometry":{"type":"LineString","coordinates":[[5.6719,43.1793],[5.6722,43.1804]]}},{"type":"Feature","properties":{"layer":"admin1"},"geometry":{"type":"LineString","coordinates":[[6.9332,43.4803],[6.9338,43.4801]]}},{"type":"Feature","properties":{"layer":"admin1"},"geometry":{"type":"LineString","coordinates":[[1.3731,50.0657],[1.373,50.0657]]}},{"type":"Feature","properties":{"layer":"admin1"},"geometry":{"type":"MultiLineString","coordinates":[[[-0.0345,43.6118],[-0.0059,43.6087],[0.0039,43.572],[0.0245,43.5356],[0.041,43.5335],[0.0919,43.5103],[0.1044,43.5085]],[[-0.1097,43.5748],[-0.0892,43.5914],[-0.0632,43.6049],[-0.0345,43.6118]],[[0.1151,43.5095],[0.1236,43.5049],[0.1327,43.4772],[0.1456,43.4635],[0.1496,43.4564],[0.1492,43.4467],[0.1408,43.429],[0.1402,43.4192],[0.144,43.4123],[0.1637,43.4027],[0.1693,43.3976],[0.1822,43.3811],[0.1957,43.3716],[0.2107,43.3677]],[[0.1044,43.5085],[0.1151,43.5095]],[[0.2928,43.3798],[0.3087,43.3776],[0.3169,43.3736],[0.3306,43.3573],[0.3412,43.3502],[0.3511,43.3478]],[[0.2107,43.3677],[0.2267,43.3679],[0.2928,43.3798]],[[0.3875,43.3628],[0.3939,43.3577],[0.4015,43.3473],[0.4044,43.3398],[0.4093,43.3348],[0.4228,43.3318]],[[0.3511,43.3478],[0.3621,43.3495],[0.3758,43.3545],[0.3812,43.3584],[0.3842,43.3621],[0.3875,43.3628]],[[0.4685,43.3345],[0.6067,43.3109]],[[0.4228,43.3318],[0.4685,43.3345]]]}},{"type":"Feature","properties":{"layer":"admin1"},"geometry":{"type":"MultiLineString","coordinates":[[[-0.4604,43.5921],[-0.4469,43.5885],[-0.4471,43.5813],[-0.4516,43.5714],[-0.4508,43.5597],[-0.434,43.553]],[[-0.5623,43.5431],[-0.548,43.5458],[-0.4723,43.5898],[-0.4604,43.5921]],[[-0.434,43.553],[-0.3229,43.5638],[-0.2673,43.5821],[-0.2363,43.5871]],[[-0.7802,43.5693],[-0.7607,43.5665],[-0.7153,43.5475]],[[-0.8595,43.5444],[-0.8,43.5674],[-0.7802,43.5693]],[[-1.2041,43.5643],[-1.173,43.5511],[-1.1667,43.5372],[-1.1717,43.5052],[-1.154,43.49]],[[-1.4407,43.4991],[-1.4183,43.5038],[-1.3845,43.5076],[-1.3166,43.5087],[-1.2843,43.5143],[-1.2429,43.5309],[-1.2101,43.5537],[-1.2041,43.5643]],[[-0.672,43.5573],[-0.5623,43.5431]],[[-0.7153,43.5475],[-0.7049,43.5483],[-0.672,43.5573]],[[-0.9028,43.5474],[-0.8595,43.5444]],[[-0.9238,43.5337],[-0.9236,43.5346],[-0.9134,43.5444],[-0.9028,43.5474]],[[-0.9838,43.5452],[-0.9429,43.5402],[-0.9238,43.5337]],[[-1.0237,43.5018],[-1.0053,43.5053],[-0.9912,43.5113],[-0.9833,43.5234],[-0.9838,43.5452]],[[-1.514,43.5387],[-1.4709,43.5095],[-1.4407,43.4991]],[[-1.0811,43.5229],[-1.0382,43.504],[-1.0237,43.5018]],[[-1.154,43.49],[-1.1315,43.4974],[-1.1064,43.5132],[-1.0811,43.5229]]]}},{"type":"Feature","properties":{"layer":"admin1"},"geometry":{"type":"MultiLineString","coordinates":[[[1.8936,45.6962],[1.9094,45.6817],[1.873,45.6684],[1.8644,45.6676]],[[1.8336,45.6665],[1.8255,45.6673],[1.8142,45.6768],[1.8062,45.68]],[[1.8062,45.68],[1.7893,45.678],[1.7778,45.6692],[1.7665,45.6571],[1.7502,45.6456],[1.6991,45.6311],[1.5664,45.5598],[1.5078,45.5557]],[[1.8644,45.6676],[1.8561,45.6693],[1.8492,45.6694]],[[1.8492,45.6694],[1.8336,45.6665]],[[1.5078,45.5557],[1.4444,45.5843]],[[1.4444,45.5843],[1.4204,45.5421],[1.4072,45.5276],[1.3708,45.507],[1.3491,45.5008],[1.3294,45.4995],[1.3075,45.494],[1.2811,45.4778],[1.2603,45.4567],[1.2553,45.4465]]]}},{"type":"Feature","properties":{"layer":"admin1"},"geometry":{"type":"MultiLineString","coordinates":[[[1.9774,44.1706],[1.9678,44.1624]],[[1.9678,44.1624],[1.9264,44.1642]],[[1.9264,44.1642],[1.8992,44.1457],[1.8726,44.1452]],[[1.8726,44.1452],[1.8538,44.1468]],[[1.8538,44.1468],[1.8121,44.1282],[1.8025,44.122],[1.7868,44.1024],[1.778,44.0969]],[[1.778,44.0969],[1.6861,44.1246]],[[1.6861,44.1246],[1.6586,44.1166],[1.6519,44.0973],[1.6655,44.0807],[1.6858,44.0659],[1.6992,44.0518],[1.6976,44.0312],[1.6812,44.0155],[1.6409,43.9922],[1.6172,43.9665],[1.6069,43.962]],[[1.6069,43.962],[1.5633,43.9638]],[[1.5633,43.9638],[1.5518,43.959],[1.5484,43.9498],[1.5551,43.9276],[1.5557,43.9183]]]}},{"type":"Feature","properties":{"layer":"admin1"},"geometry":{"type":"MultiLineString","coordinates":[[[5.0299,45.3177],[5.0206,45.3193],[5.012,45.3269],[5.009,45.3345],[5.0041,45.3407],[4.9901,45.3439]],[[4.9901,45.3439],[4.9675,45.3405],[4.8778,45.3009],[4.8114,45.2963]],[[5.1222,45.2455],[5.1307,45.2836],[5.0852,45.2843],[5.0708,45.2928],[5.0561,45.3134],[5.0489,45.3191]],[[5.0489,45.3191],[5.0299,45.3177]],[[5.1775,45.0812],[5.1707,45.0996],[5.1903,45.1499],[5.1757,45.2052],[5.1733,45.2378],[5.1604,45.2574]],[[5.1604,45.2574],[5.1222,45.2455]],[[5.2617,45.06],[5.2452,45.0636],[5.2331,45.0857],[5.1908,45.0871]],[[5.1908,45.0871],[5.1775,45.0812]],[[5.5488,44.7706],[5.4758,44.7871],[5.4602,44.8],[5.4599,44.8182],[5.4818,44.9225],[5.4817,44.959],[5.4917,44.9843],[5.4932,44.9954],[5.4844,45.0204],[5.4736,45.0381],[5.471,45.0558],[5.4864,45.0808]],[[5.4864,45.0808],[5.4577,45.0799],[5.3908,45.0467]],[[5.3094,45.0571],[5.2802,45.0628]],[[5.2802,45.0628],[5.2617,45.06]],[[5.3908,45.0467],[5.3507,45.0473],[5.3463,45.0506],[5.3428,45.0596],[5.3406,45.062],[5.3302,45.0623]],[[5.3302,45.0623],[5.3094,45.0571]],[[5.7733,44.709],[5.6547,44.7239],[5.6429,44.7288],[5.6205,44.751],[5.5907,44.7663],[5.5663,44.7867],[5.5483,44.7931]],[[5.5483,44.7931],[5.5488,44.7706]],[[5.812,44.7121],[5.7733,44.709]]]}},{"type":"Feature","properties":{"layer":"admin1"},"geometry":{"type":"MultiLineString","coordinates":[[[2.1414,44.5814],[2.18,44.5893],[2.204,44.5994],[2.2053,44.6223]],[[2.063,44.5866],[2.1414,44.5814]],[[1.8821,44.34],[1.9022,44.35],[1.9023,44.3617],[1.8761,44.3889],[1.8612,44.4115],[1.834,44.4883],[1.8892,44.5056],[1.9282,44.5207],[1.988,44.5557],[2.0271,44.5696],[2.0444,44.5793],[2.063,44.5866]]]}},{"type":"Feature","properties":{"layer":"admin1"},"geometry":{"type":"MultiLineString","coordinates":[[[2.6381,43.2956],[2.6114,43.3069],[2.5831,43.3246],[2.5585,43.3472],[2.5552,43.369],[2.5683,43.3903],[2.593,43.4116],[2.5675,43.4228]],[[2.949,43.3129],[2.9326,43.3161],[2.9216,43.3227],[2.8811,43.3812],[2.8702,43.3867]],[[2.8702,43.3867],[2.856,43.3841],[2.8513,43.3734],[2.8519,43.3448],[2.8395,43.3162],[2.7556,43.258]],[[2.7556,43.258],[2.732,43.2657],[2.7111,43.2751],[2.7038,43.2886],[2.6996,43.3049],[2.6877,43.3231]],[[2.6877,43.3231],[2.6634,43.2984],[2.6381,43.2956]],[[3.0265,43.2783],[3.011,43.2826],[3.0032,43.2953],[3.0044,43.3197]],[[3.0044,43.3197],[2.9962,43.3169],[2.949,43.3129]],[[3.2443,43.2194],[3.2168,43.2357],[3.1895,43.2461],[3.1533,43.2526],[3.1096,43.2536],[3.1103,43.254],[3.0944,43.2591],[3.0619,43.2764],[3.0483,43.2793]],[[3.0483,43.2793],[3.0265,43.2783]]]}},{"type":"Feature","properties":{"layer":"admin1"},"geometry":{"type":"MultiLineString","coordinates":[[[1.3267,47.1863],[1.3436,47.1715],[1.3569,47.1519],[1.3624,47.13],[1.3556,47.1084],[1.3487,47.1053],[1.3259,47.1048],[1.3175,47.1028],[1.311,47.0794],[1.307,47.0716]],[[1.307,47.0716],[1.3029,47.0722],[1.2985,47.0747]],[[1.2985,47.0747],[1.2937,47.0723],[1.2698,47.0415],[1.2368,47.017]],[[1.2368,47.017],[1.2225,47.0176],[1.1764,47.0333],[1.1543,47.0344]],[[1.1543,47.0344],[1.101,47.0241],[1.0743,47.014],[1.0564,46.9965],[1.0546,46.986],[1.0584,46.9609],[1.058,46.9496],[1.0373,46.942],[1.0357,46.9336],[1.0354,46.9157],[1.0058,46.8036],[0.9798,46.7553],[0.9407,46.7432]],[[0.9407,46.7432],[0.9165,46.7663]],[[0.9165,46.7663],[0.8808,46.7505]]]}},{"type":"Feature","properties":{"layer":"admin1"},"geometry":{"type":"MultiLineString","coordinates":[[[1.839,47.2192],[1.7244,47.2892]],[[1.7244,47.2892],[1.6727,47.2727]],[[1.6727,47.2727],[1.658,47.2746],[1.6384,47.2809],[1.6039,47.2847]],[[1.6039,47.2847],[1.6021,47.2788],[1.5946,47.2634],[1.5929,47.2576]],[[1.5929,47.2576],[1.5707,47.2609]],[[1.5707,47.2609],[1.5482,47.2578],[1.5311,47.2467],[1.5247,47.2257]],[[1.5247,47.2257],[1.4717,47.2358]],[[1.4717,47.2358],[1.4237,47.2264],[1.3267,47.1863]]]}},{"type":"Feature","properties":{"layer":"admin1"},"geometry":{"type":"LineString","coordinates":[[1.8936,45.6962],[1.9201,45.6955]]}},{"type":"Feature","properties":{"layer":"admin1"},"geometry":{"type":"MultiLineString","coordinates":[[[1.4144,46.3509],[1.44,46.336],[1.4382,46.3128],[1.3851,46.2373],[1.3866,46.2091],[1.4043,46.1873],[1.4515,46.1746],[1.4649,46.1681],[1.4877,46.1473],[1.495,46.1329],[1.4932,46.1208],[1.4887,46.1089],[1.4876,46.0948],[1.4934,46.0843],[1.5264,46.0695],[1.5364,46.0487],[1.5412,46.0202],[1.5515,45.9974],[1.5781,45.9939],[1.5607,45.9728],[1.5425,45.9612],[1.5174,45.9521],[1.5187,45.9504],[1.5159,45.9312],[1.5275,45.9224],[1.5949,45.9209],[1.6092,45.9156],[1.6188,45.9051],[1.6198,45.8916],[1.6119,45.8634],[1.6165,45.8504],[1.6251,45.8451],[1.637,45.8426],[1.6597,45.8419]],[[1.7319,45.8572],[1.7558,45.8565],[1.765,45.8525],[1.7708,45.8466],[1.7811,45.8314],[1.7867,45.8261],[1.7999,45.8183],[1.8683,45.7932],[1.8853,45.773],[1.8827,45.7372],[1.871,45.7099],[1.8936,45.6962]],[[1.6597,45.8419],[1.7319,45.8572]]]}},{"type":"Feature","properties":{"layer":"admin1"},"geometry":{"type":"LineString","coordinates":[[-0.3816,47.8004],[-0.3839,47.7812],[-0.3992,47.7702],[-0.4198,47.7618]]}},{"type":"Feature","properties":{"layer":"admin1"},"geometry":{"type":"MultiLineString","coordinates":[[[2.3014,45.6739],[2.289,45.6752],[2.1737,45.7262],[2.1029,45.7349],[2.0927,45.7402],[2.0725,45.7554],[2.0651,45.7591],[2.057,45.7609]],[[2.057,45.7609],[2.0406,45.7603],[2.0228,45.7533],[2.005,45.7392],[1.9899,45.7216],[1.9802,45.7037],[1.9201,45.6955]],[[2.4899,45.7361],[2.4577,45.7162],[2.4347,45.7085]],[[2.4347,45.7085],[2.3637,45.7125]],[[2.3637,45.7125],[2.3575,45.71],[2.3392,45.6869],[2.3281,45.6798],[2.3154,45.6756],[2.3014,45.6739]]]}},{"type":"Feature","properties":{"layer":"admin1"},"geometry":{"type":"MultiLineString","coordinates":[[[6.9383,44.658],[6.919,44.6609]],[[6.919,44.6609],[6.9036,44.6537],[6.8739,44.6292],[6.7919,44.5995],[6.7137,44.5434],[6.684,44.5406],[6.6787,44.535],[6.6734,44.5134],[6.669,44.5036],[6.6462,44.4819],[6.6304,44.4524],[6.6129,44.4468]],[[6.6129,44.4468],[6.5128,44.4492],[6.4674,44.4589],[6.4326,44.4785],[6.3652,44.5347]],[[6.3652,44.5347],[6.3247,44.4936],[6.297,44.4767],[6.2587,44.4678],[6.2677,44.4459],[6.2697,44.4222],[6.2606,44.4006],[6.236,44.3847]],[[6.236,44.3847],[6.2171,44.3893],[6.1835,44.428],[6.1625,44.4344],[6.1574,44.4428],[6.1394,44.4636],[6.1349,44.4721],[6.1348,44.4722],[6.1345,44.4722],[6.1342,44.4722],[6.1338,44.4722],[6.1333,44.4722],[6.1328,44.4722],[6.1322,44.4722],[6.1315,44.4723],[6.1307,44.4723],[6.1299,44.4723],[6.1291,44.4724],[6.1281,44.4724],[6.1272,44.4724],[6.1262,44.4725],[6.1251,44.4725],[6.1241,44.4725],[6.123,44.4726],[6.1218,44.4726],[6.1207,44.4726],[6.1195,44.4727],[6.1183,44.4727],[6.1171,44.4728],[6.1159,44.4728],[6.1147,44.4729],[6.1135,44.4729],[6.1122,44.4729],[6.111,44.473],[6.1098,44.473],[6.1087,44.4731],[6.1075,44.4731],[6.1064,44.4731],[6.1053,44.4732],[6.1042,44.4732],[6.1031,44.4733],[6.1021,44.4733],[6.1012,44.4733],[6.1003,44.4734],[6.0994,44.4734],[6.0986,44.4734],[6.0979,44.4734],[6.0972,44.4735],[6.0965,44.4735],[6.096,44.4735],[6.0955,44.4735],[6.0951,44.4735],[6.0948,44.4736],[6.0946,44.4736],[6.0944,44.4736]],[[6.0944,44.4736],[6.0735,44.4676],[6.032,44.4344],[6.0163,44.4257],[5.9817,44.4141],[5.9661,44.4057],[5.9558,44.3955],[5.9373,44.3624],[5.928,44.3536],[5.9176,44.3458],[5.9086,44.337],[5.9038,44.3254],[5.9065,44.3165],[5.9142,44.3125],[5.9196,44.306],[5.9162,44.2895],[5.9143,44.2685]],[[5.9143,44.2685],[5.8639,44.2965],[5.8353,44.3005]],[[5.8353,44.3005],[5.8231,44.2765],[5.8281,44.2632],[5.8524,44.2489],[5.8914,44.2137],[5.9008,44.1999],[5.89,44.1914]],[[5.89,44.1914],[5.8688,44.1925],[5.8262,44.2072],[5.8051,44.2107]],[[5.8051,44.2107],[5.7063,44.1887]],[[5.7063,44.1887],[5.6789,44.1907]]]}},{"type":"Feature","properties":{"layer":"admin1"},"geometry":{"type":"MultiLineString","coordinates":[[[6.6169,43.8065],[6.6364,43.7889]],[[6.5498,43.791],[6.5727,43.7949],[6.5954,43.8043],[6.6169,43.8065]],[[6.5157,43.8024],[6.5239,43.8023],[6.5306,43.8001],[6.543,43.7931],[6.5498,43.791]],[[6.4765,43.7934],[6.493,43.795],[6.5157,43.8024]],[[6.2436,43.8011],[6.2653,43.7924],[6.3267,43.7484],[6.3545,43.7364]],[[6.0282,43.6716],[6.0366,43.6756],[6.0517,43.6986],[6.0734,43.7156],[6.1407,43.7375],[6.2132,43.7915],[6.2436,43.8011]],[[6.4436,43.7962],[6.4765,43.7934]],[[6.3545,43.7364],[6.386,43.741],[6.4007,43.7586],[6.4106,43.7794],[6.4273,43.7938],[6.4436,43.7962]],[[5.7786,43.7582],[5.8553,43.7255],[5.8824,43.7251]],[[5.7538,43.7321],[5.759,43.7361],[5.7786,43.7582]],[[5.9295,43.7495],[5.9412,43.744],[5.9607,43.7235],[5.9761,43.7163],[5.9891,43.7066],[6.0104,43.6757],[6.0282,43.6716]],[[5.8824,43.7251],[5.8962,43.732],[5.9023,43.7413],[5.9103,43.7486],[5.9295,43.7495]]]}},{"type":"Feature","properties":{"layer":"admin1"},"geometry":{"type":"LineString","coordinates":[[5.7537,43.732],[5.7538,43.7321]]}},{"type":"Feature","properties":{"layer":"admin1"},"geometry":{"type":"MultiLineString","coordinates":[[[5.1926,43.7491],[5.0872,43.7868],[5.0659,43.7985],[4.9685,43.8667],[4.9059,43.8955],[4.7728,43.9328]],[[5.5825,43.666],[5.5309,43.6693],[5.4136,43.6952],[5.3952,43.7019],[5.3779,43.7113],[5.3473,43.7344],[5.3366,43.7398],[5.3249,43.7416],[5.3082,43.7421],[5.2546,43.7493]],[[5.2546,43.7493],[5.1926,43.7491]],[[5.7537,43.732],[5.7356,43.7179],[5.7109,43.7061],[5.6444,43.6949],[5.6223,43.6807],[5.5825,43.666]]]}},{"type":"Feature","properties":{"layer":"admin1"},"geometry":{"type":"MultiLineString","coordinates":[[[1.9648,43.479],[1.95,43.482],[1.9231,43.5011],[1.8915,43.5165],[1.882,43.5233],[1.8388,43.5679],[1.8211,43.5786],[1.7903,43.5856],[1.6878,43.6308],[1.6951,43.6419],[1.7044,43.65],[1.7157,43.6552],[1.7289,43.6575],[1.7263,43.6732],[1.7183,43.6832],[1.694,43.6986],[1.6815,43.7102],[1.6458,43.7822],[1.6438,43.7924],[1.6117,43.801],[1.5803,43.8143],[1.5797,43.8388],[1.5489,43.8841],[1.5557,43.9183]],[[2.0317,43.4226],[2.0254,43.4393],[2.0269,43.4553],[2.0344,43.4685],[2.0465,43.4767],[2.0531,43.4861],[2.0438,43.4983],[2.027,43.5083],[2.0113,43.511]],[[2.0113,43.511],[2.0013,43.5067],[1.9829,43.4858],[1.9648,43.479]]]}},{"type":"Feature","properties":{"layer":"admin1"},"geometry":{"type":"MultiLineString","coordinates":[[[4.867,48.6933],[4.9921,48.6929]],[[4.7734,48.644],[4.8021,48.6784],[4.867,48.6933]],[[4.8544,48.6128],[4.8374,48.6446],[4.7952,48.6458]],[[4.7952,48.6458],[4.7734,48.644]],[[4.8437,48.6129],[4.8544,48.6128]],[[4.6702,48.5318],[4.7729,48.5351],[4.7852,48.5383],[4.7862,48.5478],[4.7688,48.5755],[4.7689,48.5856],[4.7757,48.5951],[4.7865,48.6006],[4.8437,48.6129]]]}},{"type":"Feature","properties":{"layer":"admin1"},"geometry":{"type":"MultiLineString","coordinates":[[[0.0315,45.1201],[0.0486,45.1089],[0.0636,45.0819],[0.0659,45.0635],[0.0384,45.0186],[0.0364,45.0105],[0.0394,44.9963],[0.0343,44.9902],[0.0232,44.9825],[0.0137,44.9725],[0.0072,44.9604],[0.0051,44.9463],[0.0107,44.9374],[0.0308,44.9198],[0.0306,44.9108],[-0.0127,44.8613]],[[-0.0336,45.1201],[0.0315,45.1201]],[[0.233,44.8813],[0.2511,44.8792],[0.3048,44.8676],[0.3102,44.8657],[0.3153,44.8611],[0.3222,44.8566],[0.3113,44.844],[0.2965,44.8337],[0.2799,44.8273],[0.2638,44.8265],[0.2745,44.7901],[0.2831,44.7746],[0.2974,44.7623]],[[0.1745,44.8267],[0.1931,44.8319],[0.2238,44.8576],[0.2399,44.8676],[0.233,44.8813]],[[0.0006,44.863],[0.0065,44.858],[0.0105,44.8563],[0.028,44.8434],[0.0311,44.8403],[0.1745,44.8267]],[[-0.0127,44.8613],[0.0006,44.863]]]}},{"type":"Feature","properties":{"layer":"admin1"},"geometry":{"type":"MultiLineString","coordinates":[[[4.7978,46.1718],[4.7946,46.1514],[4.7902,46.1419],[4.7742,46.1181],[4.769,46.1078],[4.7588,46.077],[4.749,46.0594],[4.7497,46.0405],[4.7539,46.02],[4.7554,45.9979],[4.7467,45.9666],[4.7485,45.9569],[4.7573,45.9514],[4.7844,45.9448],[4.7902,45.9402],[4.7943,45.9312],[4.8127,45.9227],[4.8201,45.9066]],[[4.8459,45.9097],[4.8671,45.8986],[4.887,45.8834],[4.9091,45.8742],[4.9037,45.8582],[4.9147,45.8306],[4.9169,45.8113]],[[4.8201,45.9066],[4.8459,45.9097]],[[4.9922,45.8266],[5.0503,45.8198]],[[4.9169,45.8113],[4.9469,45.8156],[4.9756,45.8246],[4.9922,45.8266]],[[5.0503,45.8198],[5.0674,45.8207],[5.1024,45.8262]]]}},{"type":"Feature","properties":{"layer":"admin1"},"geometry":{"type":"MultiLineString","coordinates":[[[6.8874,48.4194],[6.9152,48.4323],[6.9682,48.4724],[7.0547,48.5184],[7.0887,48.5234]],[[5.842,48.502],[5.8659,48.4993],[5.8959,48.4876],[5.8999,48.4845],[5.902,48.4803],[5.9031,48.4736],[5.902,48.4599],[5.8967,48.4481],[5.8885,48.4379],[5.8784,48.4288],[5.8721,48.4205],[5.874,48.4142],[5.8813,48.4096],[5.955,48.3874],[5.9487,48.3653],[5.9769,48.3575]],[[5.7795,48.4862],[5.7912,48.4874],[5.818,48.4997],[5.842,48.502]],[[5.7652,48.4966],[5.7795,48.4862]],[[6.6355,48.4706],[6.6437,48.4602],[6.6452,48.4465],[6.6489,48.433],[6.6639,48.4231],[6.7364,48.4163],[6.8072,48.396]],[[6.3874,48.3921],[6.4026,48.3938],[6.433,48.4105],[6.5018,48.4145],[6.6062,48.4693],[6.6355,48.4706]],[[6.2842,48.4378],[6.3042,48.4169],[6.331,48.4063],[6.3608,48.404]],[[6.1736,48.3994],[6.2568,48.4037],[6.2568,48.4099],[6.2647,48.4152],[6.2756,48.4296],[6.2842,48.4378]],[[6.8645,48.4356],[6.8874,48.4194]],[[6.8072,48.396],[6.8179,48.4009],[6.8645,48.4356]],[[6.3899,48.4078],[6.3874,48.3921]],[[6.3608,48.404],[6.3899,48.4078]],[[6.1474,48.4078],[6.1736,48.3994]],[[5.9769,48.3575],[6.1172,48.3613],[6.1492,48.3715],[6.1474,48.4078]]]}},{"type":"Feature","properties":{"layer":"admin1"},"geometry":{"type":"MultiLineString","coordinates":[[[4.8114,45.2963],[4.8107,45.2791]],[[4.8169,45.2791],[4.8125,45.2602],[4.8115,45.2287],[4.8141,45.1974],[4.8273,45.1579],[4.8224,45.1328],[4.8228,45.1112],[4.8447,45.101],[4.8411,45.0883],[4.8459,45.0808],[4.8534,45.0745],[4.8584,45.0656],[4.8585,45.0538],[4.8525,45.0333],[4.851,45.0215],[4.8574,45.0023],[4.8859,44.9667],[4.8926,44.9495],[4.8886,44.9322],[4.8686,44.8848],[4.8618,44.8751],[4.8581,44.8711],[4.8358,44.8541],[4.8306,44.8509],[4.8283,44.837],[4.8223,44.8308],[4.8136,44.8269],[4.8032,44.8205],[4.7882,44.8076],[4.7776,44.7954],[4.7712,44.7794],[4.769,44.7547],[4.773,44.7415],[4.7912,44.7128],[4.7964,44.6964],[4.7895,44.6585],[4.7666,44.6315],[4.74,44.6063],[4.7213,44.5734],[4.7034,44.4747],[4.6996,44.4655],[4.677,44.4372],[4.6721,44.4285],[4.6703,44.4209],[4.6735,44.4152],[4.666,44.3917],[4.6575,44.3268]],[[4.8107,45.2791],[4.8169,45.2791]]]}},{"type":"Feature","properties":{"layer":"admin1"},"geometry":{"type":"LineString","coordinates":[[4.8115,45.2993],[4.8114,45.2963]]}},{"type":"Feature","properties":{"layer":"admin1"},"geometry":{"type":"MultiLineString","coordinates":[[[5.9588,46.1305],[5.9546,46.1282],[5.9448,46.1271]],[[5.9448,46.1271],[5.9233,46.1296]],[[5.9233,46.1296],[5.9137,46.1282],[5.9055,46.1226],[5.893,46.1059],[5.8862,46.0993],[5.8716,46.0933]],[[5.8716,46.0933],[5.8637,46.0972],[5.8569,46.105],[5.8459,46.111]],[[5.8459,46.111],[5.8252,46.0953],[5.8242,46.0502],[5.8391,45.9706],[5.8404,45.9388]]]}},{"type":"Feature","properties":{"layer":"admin1"},"geometry":{"type":"LineString","coordinates":[[5.8404,45.9388],[5.8406,45.9329]]}},{"type":"Feature","properties":{"layer":"admin1"},"geometry":{"type":"MultiLineString","coordinates":[[[5.8406,45.9329],[5.8319,45.8982],[5.7996,45.8319],[5.792,45.8111],[5.7841,45.7973],[5.7839,45.7951],[5.7836,45.7928],[5.7833,45.7904],[5.7831,45.788],[5.7827,45.7855],[5.7824,45.783],[5.782,45.7804],[5.7817,45.7779],[5.7813,45.7753],[5.7808,45.7726],[5.7804,45.77],[5.7798,45.7673],[5.7793,45.7647],[5.7787,45.762],[5.7781,45.7594],[5.7774,45.7568],[5.7767,45.7541],[5.776,45.7516],[5.7752,45.749],[5.7743,45.7465],[5.7734,45.744],[5.7724,45.7415],[5.7714,45.7391],[5.7703,45.7368],[5.7692,45.7345],[5.7679,45.7323],[5.7667,45.7302],[5.7653,45.7281],[5.7639,45.7261],[5.7624,45.7242],[5.7608,45.7224],[5.7591,45.7207],[5.7574,45.7191],[5.7556,45.7177],[5.7537,45.7163],[5.7517,45.715],[5.7496,45.7139],[5.7474,45.7129],[5.7452,45.7121],[5.7428,45.7113],[5.7403,45.7108],[5.7378,45.7104],[5.7351,45.7101],[5.7323,45.71],[5.7129,45.7001],[5.6941,45.6871],[5.6605,45.6571],[5.6409,45.6458],[5.6199,45.6437]],[[5.6199,45.6437],[5.6005,45.6556]]]}},{"type":"Feature","properties":{"layer":"admin1"},"geometry":{"type":"MultiLineString","coordinates":[[[5.6005,45.6556],[5.5659,45.7014],[5.547,45.7196],[5.4777,45.7641],[5.4502,45.793],[5.433,45.8311],[5.4343,45.832],[5.4375,45.8328],[5.439,45.8337],[5.435,45.8392],[5.4302,45.8443],[5.3849,45.8739],[5.369,45.88]],[[5.369,45.88],[5.362,45.8792],[5.3571,45.8759],[5.3471,45.8739],[5.3335,45.868],[5.3188,45.854],[5.2729,45.7998],[5.2573,45.7897],[5.2392,45.7857]],[[5.2392,45.7857],[5.2199,45.7888],[5.1911,45.8029],[5.1669,45.809],[5.1338,45.8227],[5.1184,45.8266]],[[5.1184,45.8266],[5.1024,45.8262]]]}},{"type":"Feature","properties":{"layer":"admin1"},"geometry":{"type":"MultiLineString","coordinates":[[[5.1024,45.8262],[5.0976,45.8121],[5.0713,45.778],[5.0715,45.7623],[5.0826,45.7504],[5.1458,45.725],[5.1569,45.715],[5.1545,45.7003]],[[5.1545,45.7003],[5.1305,45.7003]],[[5.1305,45.7003],[5.1031,45.6901],[5.057,45.6602],[5.0491,45.6511],[5.0348,45.6221],[5.0143,45.6124],[4.8197,45.6004],[4.8062,45.5927]],[[4.8062,45.5927],[4.8024,45.593]],[[4.8024,45.593],[4.8393,45.5729],[4.87,45.5497],[4.8547,45.515],[4.7864,45.4731],[4.76,45.4445]]]}},{"type":"Feature","properties":{"layer":"admin1"},"geometry":{"type":"LineString","coordinates":[[4.7698,45.3657],[4.7734,45.3566]]}},{"type":"Feature","properties":{"layer":"admin1"},"geometry":{"type":"LineString","coordinates":[[4.76,45.4445],[4.7554,45.4021],[4.7698,45.3657]]}},{"type":"Feature","properties":{"layer":"admin1"},"geometry":{"type":"LineString","coordinates":[[4.7734,45.3566],[4.7759,45.3372],[4.7835,45.3249],[4.799,45.3134],[4.8115,45.2993]]}},{"type":"Feature","properties":{"layer":"admin1"},"geometry":{"type":"MultiLineString","coordinates":[[[2.8718,46.2627],[2.8903,46.2609],[2.9096,46.2526],[2.9167,46.2408],[2.9145,46.2073],[2.9238,46.1744],[2.9501,46.1418],[2.9842,46.1157],[3.017,46.1025]],[[2.7986,46.1975],[2.8156,46.2013],[2.8187,46.2142],[2.8169,46.2298],[2.8191,46.2418],[2.8339,46.253],[2.8522,46.26],[2.8718,46.2627]],[[2.7326,46.2234],[2.7443,46.2214],[2.7986,46.1975]],[[2.6211,46.122],[2.6509,46.1258],[2.678,46.1389],[2.7136,46.1692],[2.7213,46.1803],[2.7234,46.1915],[2.7233,46.2037],[2.725,46.215],[2.7326,46.2234]],[[2.5667,46.1359],[2.5917,46.1278],[2.6211,46.122]],[[3.0758,46.1119],[3.091,46.1117],[3.1156,46.0805],[3.1278,46.0715],[3.1463,46.067]],[[3.017,46.1025],[3.0351,46.1032],[3.0758,46.1119]],[[3.2334,46.0732],[3.313,46.0577],[3.3321,46.0442]],[[3.1463,46.067],[3.2334,46.0732]],[[3.4381,46.0718],[3.4579,46.02],[3.457,46.0032]],[[3.3321,46.0442],[3.4381,46.0718]],[[3.52,46.0148],[3.5844,46.0048],[3.6093,45.9949],[3.6547,45.965],[3.6795,45.957]],[[3.457,46.0032],[3.4876,46.0134],[3.52,46.0148]]]}},{"type":"Feature","properties":{"layer":"admin1"},"geometry":{"type":"LineString","coordinates":[[1.5197,47.9855],[1.515,47.985]]}},{"type":"Feature","properties":{"layer":"admin1"},"geometry":{"type":"MultiLineString","coordinates":[[[1.5991,47.7353],[1.5478,47.7694],[1.5539,47.7756],[1.5641,47.7908],[1.5703,47.7968],[1.5335,47.8264],[1.55,47.8446],[1.5789,47.8655],[1.5792,47.9036],[1.5663,47.9134],[1.5487,47.9195],[1.5369,47.9261],[1.5415,47.9374],[1.5632,47.955],[1.568,47.966],[1.5616,47.9805],[1.5518,47.9869],[1.5399,47.9878]],[[1.5399,47.9878],[1.5197,47.9855]],[[1.789,47.6412],[1.7569,47.6546],[1.7331,47.6764],[1.7178,47.7251],[1.7061,47.7337],[1.6663,47.7451],[1.6289,47.7639]],[[1.6289,47.7639],[1.6172,47.7427],[1.6118,47.7386],[1.5991,47.7353]],[[1.9704,47.6641],[1.9409,47.6671],[1.8887,47.6928],[1.8609,47.7]],[[1.8609,47.7],[1.8489,47.6978],[1.8435,47.6906],[1.8394,47.6693],[1.8197,47.6437],[1.789,47.6412]],[[2.2391,47.621],[2.2238,47.663],[2.1717,47.6772]],[[2.1717,47.6772],[1.9704,47.6641]]]}},{"type":"Feature","properties":{"layer":"admin1"},"geometry":{"type":"MultiLineString","coordinates":[[[-1.0583,47.5641],[-1.0321,47.5698],[-1.0082,47.5878],[-1.0313,47.6014],[-1.1581,47.6315],[-1.1701,47.6411],[-1.1761,47.6552],[-1.1752,47.6855],[-1.1793,47.6995],[-1.1857,47.7068],[-1.194,47.7127],[-1.2123,47.7202],[-1.2344,47.7211],[-1.2405,47.7229],[-1.248,47.734],[-1.2467,47.7657],[-1.251,47.7804]],[[-1.1617,47.5713],[-1.0583,47.5641]],[[-1.2245,47.2431],[-1.2506,47.2464],[-1.3015,47.2971],[-1.3393,47.3009],[-1.3347,47.3239],[-1.3346,47.3239],[-1.3344,47.324],[-1.3342,47.3242],[-1.3339,47.3243],[-1.3335,47.3245],[-1.3331,47.3248],[-1.3326,47.325],[-1.3321,47.3253],[-1.3316,47.3256],[-1.3309,47.326],[-1.3303,47.3263],[-1.3296,47.3267],[-1.3289,47.3271],[-1.3281,47.3275],[-1.3274,47.328],[-1.3265,47.3284],[-1.3257,47.3289],[-1.3249,47.3294],[-1.324,47.3299],[-1.3231,47.3304],[-1.3222,47.3309],[-1.3213,47.3314],[-1.3204,47.3319],[-1.3195,47.3324],[-1.3186,47.3329],[-1.3177,47.3334],[-1.3168,47.3339],[-1.3159,47.3344],[-1.315,47.3349],[-1.3141,47.3354],[-1.3133,47.3359],[-1.3124,47.3364],[-1.3116,47.3368],[-1.3108,47.3372],[-1.3101,47.3377],[-1.3094,47.3381],[-1.3087,47.3385],[-1.308,47.3388],[-1.3074,47.3392],[-1.3069,47.3395],[-1.3063,47.3398],[-1.3059,47.34],[-1.3055,47.3403],[-1.3051,47.3405],[-1.3048,47.3406],[-1.3046,47.3408],[-1.3044,47.3409],[-1.3042,47.3409],[-1.2862,47.3458],[-1.2439,47.3479],[-1.2232,47.3511],[-1.1648,47.3758],[-1.1288,47.3815],[-1.0009,47.3832],[-1.0008,47.3833],[-1.0005,47.3833],[-1.0001,47.3834],[-0.9995,47.3834],[-0.9987,47.3836],[-0.9978,47.3837],[-0.9968,47.3838],[-0.9956,47.384],[-0.9943,47.3842],[-0.9929,47.3844],[-0.9914,47.3846],[-0.9897,47.3848],[-0.988,47.3851],[-0.9862,47.3854],[-0.9842,47.3856],[-0.9823,47.3859],[-0.9802,47.3862],[-0.9781,47.3865],[-0.976,47.3868],[-0.9738,47.3871],[-0.9715,47.3874],[-0.9693,47.3878],[-0.967,47.3881],[-0.9647,47.3884],[-0.9623,47.3888],[-0.96,47.3891],[-0.9577,47.3894],[-0.9554,47.3897],[-0.9532,47.3901],[-0.9509,47.3904],[-0.9487,47.3907],[-0.9466,47.391],[-0.9445,47.3913],[-0.9424,47.3916],[-0.9404,47.3919],[-0.9385,47.3922],[-0.9367,47.3924],[-0.935,47.3927],[-0.9333,47.3929],[-0.9318,47.3931],[-0.9304,47.3933],[-0.9291,47.3935],[-0.9279,47.3937],[-0.9268,47.3938],[-0.9259,47.3939],[-0.9252,47.3941],[-0.9246,47.3941],[-0.9241,47.3942],[-0.9238,47.3943],[-0.9416,47.4123],[-0.9559,47.4388],[-0.9645,47.4675],[-0.9656,47.4918],[-1.129,47.505],[-1.1531,47.5169],[-1.1747,47.542],[-1.1789,47.5638],[-1.1617,47.5713]],[[-1.1486,47.0295],[-1.1184,47.041],[-1.1294,47.0626],[-1.1605,47.0841],[-1.2301,47.1094],[-1.2193,47.1318],[-1.1619,47.1858],[-1.1761,47.2065],[-1.1839,47.2316],[-1.1964,47.2482]],[[-1.1964,47.2482],[-1.2245,47.2431]]]}},{"type":"Feature","properties":{"layer":"admin1"},"geometry":{"type":"MultiLineString","coordinates":[[[4.5261,48.5289],[4.3282,48.6112],[4.3227,48.6168],[4.3208,48.6237],[4.3296,48.6538],[4.3318,48.6754],[4.3303,48.6857],[4.3251,48.6965],[4.3172,48.7027],[4.3072,48.7057],[4.196,48.7107]],[[4.196,48.7107],[4.116,48.6928]],[[4.116,48.6928],[4.0979,48.6959]],[[4.0979,48.6959],[4.0786,48.6945],[4.0573,48.6673],[4.0376,48.6615],[4.0216,48.6612],[4.0096,48.6579],[3.8885,48.5776],[3.8692,48.5703],[3.8603,48.5614],[3.8548,48.5502],[3.8484,48.5258]],[[3.6002,48.5782],[3.5656,48.6148]],[[3.5656,48.6148],[3.5378,48.6134]],[[3.6356,48.5413],[3.6342,48.5503],[3.6239,48.5791]],[[3.6239,48.5791],[3.6002,48.5782]],[[3.8484,48.5258],[3.831,48.5288],[3.7873,48.5313],[3.7481,48.5402],[3.7433,48.5444],[3.731,48.5607],[3.7266,48.5629],[3.7209,48.5668],[3.716,48.5687]],[[3.716,48.5687],[3.7139,48.5645],[3.7118,48.5621],[3.7069,48.5587],[3.7012,48.5558],[3.6969,48.5545],[3.6765,48.5532],[3.655,48.5488],[3.6356,48.5413]],[[4.6702,48.5318],[4.5994,48.5499]],[[4.5994,48.5499],[4.5762,48.5465],[4.5388,48.5303],[4.5261,48.5289]]]}},{"type":"Feature","properties":{"layer":"admin1"},"geometry":{"type":"MultiLineString","coordinates":[[[2.2354,48.8338],[2.2268,48.8528],[2.2332,48.8691],[2.2484,48.8863],[2.2666,48.9011]],[[2.2548,48.8385],[2.2354,48.8338]]]}},{"type":"Feature","properties":{"layer":"admin1"},"geometry":{"type":"LineString","coordinates":[[2.2666,48.9011],[2.282,48.9108],[2.3191,48.9235],[2.3273,48.9307],[2.3298,48.9483],[2.3188,48.9581]]}},{"type":"Feature","properties":{"layer":"admin1"},"geometry":{"type":"LineString","coordinates":[[2.3188,48.9581],[2.2947,48.9567],[2.2546,48.9449],[2.2292,48.9283],[2.2139,48.9208],[2.1963,48.9177],[2.1837,48.9129],[2.1628,48.8905],[2.1516,48.8829]]}},{"type":"Feature","properties":{"layer":"admin1"},"geometry":{"type":"MultiLineString","coordinates":[[[1.7241,49.0466],[1.705,49.0471],[1.6972,49.0654],[1.6991,49.069],[1.6747,49.0764],[1.6535,49.0782],[1.6199,49.0826]],[[1.8812,48.9984],[1.8666,49.0183],[1.8547,49.0558],[1.8505,49.0618],[1.8414,49.0675],[1.8232,49.0725],[1.8026,49.0727]],[[1.8026,49.0727],[1.7821,49.0691],[1.7241,49.0466]],[[2.0244,48.9428],[2.0083,48.9466],[2.0002,48.9598],[2.0077,48.9791],[1.99,49.0014],[1.9779,49.0095],[1.9599,49.0139]],[[1.9599,49.0139],[1.9411,49.0136],[1.8812,48.9984]],[[2.1516,48.8829],[2.1249,48.8862],[2.1217,48.9107],[2.1362,48.9385],[2.1665,48.9541],[2.1723,48.96],[2.177,48.9678],[2.1789,48.9757],[2.1774,48.985],[2.1731,48.9886],[2.1666,48.9901],[2.1453,48.9972],[2.0933,49.0002]],[[2.0933,49.0002],[2.0728,48.9952],[2.0609,48.983],[2.0417,48.9518],[2.0244,48.9428]]]}},{"type":"Feature","properties":{"layer":"admin1"},"geometry":{"type":"MultiLineString","coordinates":[[[0.5924,49.4383],[0.5729,49.444],[0.5402,49.4732],[0.5204,49.4862],[0.5081,49.4921],[0.5019,49.4936]],[[0.5019,49.4936],[0.4932,49.4936]],[[0.6338,49.4446],[0.6159,49.4399],[0.5924,49.4383]]]}},{"type":"Feature","properties":{"layer":"admin1"},"geometry":{"type":"MultiLineString","coordinates":[[[0.6067,43.3109],[0.6153,43.2913],[0.6043,43.278],[0.5668,43.2524],[0.5645,43.2421],[0.5679,43.2315],[0.5693,43.2215],[0.5611,43.2133],[0.5333,43.2066],[0.5247,43.2027],[0.519,43.1977],[0.5049,43.179],[0.4416,43.1311],[0.5629,43.0738],[0.5572,43.0583],[0.5366,43.0312],[0.529,43.0161],[0.5311,43.0035]],[[0.6059,43.0315],[0.6239,43.0013],[0.6386,42.9683],[0.6449,42.9569],[0.5808,42.8862],[0.5499,42.8671]],[[0.5311,43.0035],[0.5453,43.0067],[0.5738,43.0228],[0.6059,43.0315]],[[0.5499,42.8671],[0.4973,42.8723]],[[0.4973,42.8723],[0.477,42.869],[0.4645,42.8505],[0.4578,42.8263],[0.4558,42.7653],[0.4682,42.7053],[0.4669,42.6904]]]}},{"type":"Feature","properties":{"layer":"admin1"},"geometry":{"type":"MultiLineString","coordinates":[[[6.9088,43.8921],[6.9423,43.8972],[6.9155,43.9212],[6.8582,43.9555],[6.8186,44.0067],[6.7848,44.0202],[6.7576,44.0373],[6.7547,44.0738],[6.7454,44.0998],[6.7175,44.1249],[6.695,44.1531],[6.7023,44.1885],[6.7308,44.2459],[6.7433,44.2631],[6.7708,44.2829],[6.799,44.3184],[6.8187,44.3301],[6.8589,44.3429],[6.8784,44.3546]],[[6.8283,43.9152],[6.8437,43.9127],[6.893,43.8925],[6.9088,43.8921]],[[6.6364,43.7889],[6.647,43.7946],[6.6694,43.8011],[6.6949,43.804],[6.7012,43.8062],[6.7049,43.8111],[6.7037,43.8184],[6.694,43.836],[6.6923,43.8452],[6.6949,43.8549],[6.7,43.8639],[6.7074,43.871],[6.7164,43.8751],[6.7598,43.8776],[6.7745,43.8854],[6.7993,43.9078],[6.8094,43.9124],[6.8283,43.9152]]]}},{"type":"Feature","properties":{"layer":"admin1"},"geometry":{"type":"MultiLineString","coordinates":[[[-0.103,45.9697],[-0.0868,45.9493],[-0.1007,45.936],[-0.1278,45.9289],[-0.1512,45.9266],[-0.1523,45.9212],[-0.1249,45.8612],[-0.1236,45.8473],[-0.1281,45.832],[-0.1442,45.8131],[-0.1731,45.7904],[-0.204,45.776]],[[-0.204,45.776],[-0.226,45.7826],[-0.2466,45.8001],[-0.2721,45.804]],[[-0.2721,45.804],[-0.3565,45.7856],[-0.4132,45.7832],[-0.4355,45.7779],[-0.452,45.7647],[-0.4593,45.7402]],[[-0.4158,45.7416],[-0.4172,45.7226],[-0.4117,45.6664],[-0.4215,45.6326],[-0.4205,45.6202],[-0.3866,45.6132],[-0.2965,45.5644],[-0.3033,45.5578],[-0.3148,45.5416],[-0.3216,45.535],[-0.2445,45.5032],[-0.2645,45.4782],[-0.2671,45.4715],[-0.2483,45.435],[-0.2564,45.4155],[-0.2715,45.3991],[-0.3106,45.3767],[-0.2861,45.3604],[-0.2803,45.3512],[-0.2804,45.3471],[-0.2835,45.3429],[-0.2862,45.3338],[-0.285,45.3188],[-0.2779,45.3099],[-0.2657,45.3075]],[[-0.4593,45.7402],[-0.4158,45.7416]],[[-0.2135,45.3161],[-0.1439,45.2901],[-0.1088,45.2896],[-0.1153,45.2482],[-0.0365,45.2423],[-0.0055,45.226],[0.0003,45.192]],[[-0.2657,45.3075],[-0.2495,45.3121],[-0.2135,45.3161]]]}},{"type":"Feature","properties":{"layer":"admin1"},"geometry":{"type":"MultiLineString","coordinates":[[[-3.6385,48.6878],[-3.6382,48.6268],[-3.6318,48.6113],[-3.6226,48.5997],[-3.5784,48.5628],[-3.5716,48.5525],[-3.568,48.5407],[-3.5679,48.5274],[-3.5746,48.5145],[-3.5967,48.4872],[-3.5972,48.4737],[-3.5902,48.4673],[-3.5701,48.4643],[-3.5613,48.4605],[-3.5551,48.4512],[-3.5548,48.4406],[-3.5593,48.4307],[-3.5675,48.4235],[-3.578,48.4207]],[[-3.578,48.4207],[-3.5996,48.4212]],[[-3.5996,48.4212],[-3.6091,48.4179],[-3.613,48.4131],[-3.6145,48.4067],[-3.6136,48.3924],[-3.6089,48.3901],[-3.582,48.3828],[-3.5735,48.3787],[-3.5668,48.3736],[-3.5623,48.367],[-3.5563,48.337],[-3.5519,48.328],[-3.5256,48.2921],[-3.523,48.2817],[-3.5299,48.2591],[-3.545,48.2414],[-3.5542,48.2218],[-3.5432,48.1936],[-3.5649,48.1857]]]}},{"type":"Feature","properties":{"layer":"admin1"},"geometry":{"type":"MultiLineString","coordinates":[[[8.8199,42.3203],[8.7094,42.3422],[8.627,42.3742],[8.5864,42.3764],[8.5705,42.3818]],[[9.0168,42.2079],[8.9934,42.2128],[8.8871,42.2677],[8.8796,42.2821],[8.8681,42.3214],[8.8563,42.3275]],[[8.8563,42.3275],[8.8199,42.3203]],[[9.1689,42.0255],[9.1557,42.0309],[9.142,42.0488],[9.1365,42.0799],[9.1286,42.098],[9.0627,42.1573],[9.0574,42.1666],[9.0493,42.1967],[9.0427,42.2049],[9.0353,42.2079]],[[9.0353,42.2079],[9.0168,42.2079]],[[9.3128,41.8341],[9.2986,41.835],[9.2274,41.8555],[9.2432,41.8895],[9.2447,41.9068],[9.2388,41.9251],[9.2206,41.9593],[9.218,42.0148],[9.2211,42.0275]],[[9.2211,42.0275],[9.1689,42.0255]],[[9.3958,41.8604],[9.379,41.8636]],[[9.379,41.8636],[9.3563,41.8577],[9.3128,41.8341]]]}},{"type":"Feature","properties":{"layer":"admin1"},"geometry":{"type":"MultiLineString","coordinates":[[[1.4409,43.213],[1.4171,43.2264],[1.4166,43.2329],[1.4236,43.2522],[1.4198,43.2614],[1.3738,43.2965],[1.3518,43.3059],[1.3258,43.3084]],[[1.3258,43.3084],[1.3057,43.299],[1.3013,43.2728],[1.3155,43.2598],[1.3695,43.2436],[1.3823,43.2313],[1.3729,43.2163],[1.3494,43.2043],[1.3048,43.1913],[1.2579,43.1893],[1.2366,43.1848],[1.2205,43.1696],[1.2247,43.1573],[1.2731,43.1406],[1.2901,43.1235],[1.2427,43.0888]],[[1.5742,43.2631],[1.5544,43.2712],[1.5152,43.2967]],[[1.5152,43.2967],[1.4963,43.2928],[1.4885,43.2798],[1.4932,43.2681],[1.5014,43.2579],[1.5046,43.2495],[1.49,43.2266],[1.467,43.2138],[1.4409,43.213]],[[1.7026,43.2667],[1.6753,43.2745]],[[1.6753,43.2745],[1.6596,43.263],[1.6473,43.2479],[1.6305,43.2449]],[[1.6305,43.2449],[1.6251,43.2491],[1.618,43.2608],[1.6089,43.2653],[1.6006,43.2661]],[[1.6006,43.2661],[1.5742,43.2631]],[[1.2427,43.0888],[1.2258,43.0907],[1.2155,43.1005],[1.2064,43.1142],[1.1929,43.128],[1.137,43.154],[1.1306,43.1552]],[[1.1306,43.1552],[1.1217,43.1548],[1.0887,43.144]],[[1.0887,43.144],[1.0702,43.1447]],[[1.0702,43.1447],[1.0651,43.1441],[1.0544,43.137],[1.0457,43.1175],[1.0384,43.1095],[1.0231,43.1034],[1.0088,43.1003],[0.9966,43.0947],[0.9878,43.081],[0.9871,43.0585],[0.9979,43.0098],[0.9922,42.9903],[0.9761,42.9764],[0.9564,42.9671],[0.9139,42.9588]],[[0.9139,42.9588],[0.8866,42.959]],[[0.8866,42.959],[0.8788,42.9542],[0.8749,42.9476],[0.8721,42.9323],[0.8692,42.925],[0.8616,42.9185],[0.8446,42.9135],[0.8376,42.9073],[0.8325,42.8841],[0.8561,42.8128]]]}},{"type":"Feature","properties":{"layer":"admin1"},"geometry":{"type":"MultiLineString","coordinates":[[[0.9539,43.7873],[0.9584,43.7754],[0.973,43.7541],[1.0167,43.7181],[1.0444,43.7052],[1.0506,43.701],[1.055,43.694],[1.0594,43.6785],[1.0626,43.6739],[1.0674,43.67],[1.1452,43.6344],[1.1923,43.5988],[1.1773,43.5617],[1.1327,43.5365]],[[1.1327,43.5365],[1.0715,43.5371]],[[1.0715,43.5371],[1.0549,43.5204],[1.0352,43.4755],[1.0334,43.4102],[1.0253,43.3775],[0.9996,43.3591]],[[0.9996,43.3591],[0.9797,43.3639],[0.9339,43.3969],[0.9119,43.4073],[0.7889,43.4137]],[[0.7889,43.4137],[0.7821,43.4124],[0.7727,43.4074],[0.7478,43.387],[0.7138,43.3733],[0.6633,43.3239],[0.6383,43.3125],[0.6067,43.3109]]]}},{"type":"Feature","properties":{"layer":"admin1"},"geometry":{"type":"MultiLineString","coordinates":[[[3.7216,43.9707],[3.7832,43.9651],[3.8237,43.936],[3.7995,43.8907],[3.8314,43.8715]],[[3.6547,43.9126],[3.6676,43.9138],[3.6751,43.9234],[3.6825,43.9453],[3.7216,43.9707]],[[3.6312,43.9159],[3.6547,43.9126]],[[3.5656,43.866],[3.5823,43.8777],[3.6092,43.9113],[3.6312,43.9159]],[[3.3933,43.9046],[3.4097,43.8976],[3.4271,43.8668],[3.437,43.8574],[3.4489,43.852]],[[3.342,43.9039],[3.3933,43.9046]],[[3.4944,43.8923],[3.5137,43.8869],[3.5451,43.8664],[3.5656,43.866]],[[3.4489,43.852],[3.4605,43.854],[3.4685,43.8647],[3.4716,43.8773],[3.4776,43.8879],[3.4944,43.8923]],[[3.9044,43.8807],[3.94,43.879],[3.9544,43.8718],[3.9638,43.8616],[3.9687,43.8484],[3.968,43.8126],[3.9707,43.8023],[3.9807,43.7985],[4.025,43.7957],[4.0831,43.7622],[4.1284,43.7459],[4.1416,43.7381],[4.1764,43.6905],[4.1807,43.6407],[4.155,43.6014],[4.0998,43.5853],[4.1001,43.5597],[4.1016,43.5521]],[[3.8314,43.8715],[3.9044,43.8807]]]}},{"type":"Feature","properties":{"layer":"admin1"},"geometry":{"type":"MultiLineString","coordinates":[[[-1.9824,48.2803],[-1.9615,48.3003],[-1.9605,48.3115],[-1.9655,48.3334],[-1.9615,48.3421],[-1.9534,48.3451],[-1.9446,48.3454],[-1.9367,48.3475],[-1.9318,48.3562],[-1.9327,48.3639],[-1.9517,48.4228],[-1.952,48.4298],[-1.944,48.4467],[-1.918,48.473],[-1.9089,48.4894],[-1.9102,48.5036],[-1.9251,48.5448],[-1.9334,48.5504]],[[-1.9334,48.5504],[-1.9485,48.5383]],[[-2.066,48.2952],[-2.04,48.2928],[-2.0104,48.2828],[-1.9824,48.2803]],[[-2.2873,48.1337],[-2.2754,48.1427],[-2.2474,48.1535],[-2.2319,48.1641],[-2.225,48.175],[-2.2178,48.2002],[-2.2108,48.2096],[-2.1926,48.2175],[-2.186,48.2226],[-2.1773,48.2469],[-2.1704,48.2558],[-2.1602,48.2607],[-2.1172,48.2608],[-2.1023,48.2701],[-2.0893,48.2834],[-2.066,48.2952]]]}},{"type":"Feature","properties":{"layer":"admin1"},"geometry":{"type":"MultiLineString","coordinates":[[[1.839,47.2192],[1.8398,47.1908],[1.8254,47.1669],[1.7744,47.1307],[1.7949,47.1219],[1.8857,47.1037]],[[1.9665,47.1238],[2.0177,47.1198],[2.0386,47.1127],[2.0474,47.1056],[2.0519,47.0964],[2.0526,47.0859],[2.0503,47.0749],[2.0417,47.0551],[2.042,47.0476],[2.0495,47.0399],[2.0746,47.0233],[2.0857,47.0129],[2.0931,46.9996],[2.0935,46.9843],[2.0808,46.9574],[2.079,46.9423],[2.0882,46.9281],[2.1223,46.9133],[2.1323,46.9028],[2.1294,46.8929],[2.0966,46.8692],[2.0866,46.8565],[2.0777,46.8391],[2.0734,46.821],[2.0773,46.8064],[2.0872,46.7994],[2.0996,46.7944],[2.11,46.7876],[2.114,46.7754],[2.1091,46.7652],[2.0759,46.7464],[2.0679,46.7371],[2.0668,46.7272],[2.0719,46.7184],[2.0828,46.7123],[2.1249,46.707],[2.1378,46.7021],[2.1466,46.693],[2.1469,46.6835],[2.1444,46.6734],[2.145,46.6624],[2.1496,46.6559],[2.1721,46.6478],[2.1835,46.6371],[2.1874,46.6227],[2.186,46.607],[2.1814,46.5922],[2.158,46.5607],[2.1585,46.5491],[2.1617,46.5458],[2.1762,46.5372],[2.1838,46.527],[2.1938,46.503],[2.1947,46.49],[2.1912,46.4778],[2.1823,46.4679],[2.1562,46.4504],[2.1452,46.4381],[2.1392,46.4214]],[[1.8857,47.1037],[1.9054,47.1065],[1.9452,47.1205],[1.9665,47.1238]]]}},{"type":"Feature","properties":{"layer":"admin1"},"geometry":{"type":"LineString","coordinates":[[5.6005,45.6556],[5.6237,45.6133]]}},{"type":"Feature","properties":{"layer":"admin1"},"geometry":{"type":"MultiLineString","coordinates":[[[5.6988,47.265],[5.7078,47.2537],[5.7193,47.2255],[5.7252,47.2178],[5.7816,47.1898],[5.8131,47.1512],[5.8152,47.1436],[5.8149,47.1336],[5.8115,47.1243],[5.806,47.1158],[5.7994,47.1084],[5.7842,47.098],[5.7779,47.0919],[5.7753,47.0831],[5.7785,47.0652],[5.7757,47.0583],[5.769,47.0516],[5.7524,47.0403],[5.7476,47.0328],[5.7479,47.0249],[5.7522,47.0189],[5.7591,47.0151],[5.7669,47.014]],[[5.804,47.0314],[5.8155,47.0255],[5.8374,47.009],[5.915,46.997],[5.9497,46.9848],[5.9622,46.9763],[5.9743,46.9637],[5.9842,46.9493],[5.9901,46.9354],[5.9935,46.8956],[6.0016,46.8823],[6.0248,46.8582],[6.0346,46.853],[6.0465,46.8509],[6.0706,46.8506],[6.082,46.8467],[6.2066,46.7664],[6.1928,46.7521],[6.0891,46.6965],[6.0834,46.691],[6.0809,46.6829],[6.0834,46.6749],[6.0952,46.6607],[6.0973,46.6529],[6.0956,46.6487],[6.0669,46.6315],[6.0599,46.6247],[6.0538,46.6163],[6.0598,46.5995],[6.0852,46.5799],[6.116,46.5638],[6.138,46.5576]],[[5.7669,47.014],[5.7743,47.0159],[5.7913,47.0286],[5.804,47.0314]]]}},{"type":"Feature","properties":{"layer":"admin1"},"geometry":{"type":"MultiLineString","coordinates":[[[-1.0794,44.5298],[-1.0002,44.5044],[-0.9894,44.4832],[-1.0078,44.4364],[-0.9894,44.4315],[-0.9724,44.431]],[[-1.2513,44.4682],[-1.145,44.4935],[-1.0858,44.5235],[-1.0794,44.5298]],[[-0.6806,44.4515],[-0.6441,44.4486],[-0.6274,44.4339],[-0.622,44.4123],[-0.6099,44.4],[-0.5313,44.3662],[-0.5263,44.3608],[-0.5217,44.3447],[-0.5177,44.3391],[-0.5031,44.3322],[-0.4381,44.3188],[-0.3905,44.2888],[-0.3841,44.2803],[-0.3963,44.2375],[-0.3899,44.2174],[-0.3799,44.2088],[-0.239,44.198]],[[-0.8411,44.423],[-0.6806,44.4515]],[[-0.9219,44.4401],[-0.8411,44.423]],[[-0.9724,44.431],[-0.9219,44.4401]],[[-0.2032,44.2645],[-0.1406,44.2265]],[[-0.239,44.198],[-0.2237,44.212],[-0.2198,44.2582],[-0.2032,44.2645]]]}},{"type":"Feature","properties":{"layer":"admin1"},"geometry":{"type":"MultiLineString","coordinates":[[[0.7154,47.6839],[0.7063,47.6844],[0.6579,47.7047],[0.6454,47.7061]],[[0.6454,47.7061],[0.6321,47.7035],[0.6196,47.6976],[0.6096,47.6892]],[[0.8848,47.5997],[0.8729,47.5999],[0.8623,47.6046],[0.8557,47.6143],[0.8569,47.6248],[0.8632,47.6474],[0.8598,47.6621],[0.8511,47.6712],[0.8387,47.676],[0.741,47.6941]],[[0.741,47.6941],[0.7317,47.6934],[0.7154,47.6839]],[[1.0038,47.5934],[0.9975,47.595],[0.9928,47.6006],[0.9903,47.6155],[0.9874,47.622],[0.9822,47.6257],[0.9755,47.6278],[0.9622,47.6292]],[[0.9622,47.6292],[0.9309,47.6264],[0.9157,47.6208],[0.8959,47.6036],[0.8848,47.5997]],[[1.1637,47.2806],[1.1518,47.2835],[1.1176,47.3028],[1.1051,47.3133],[1.0988,47.3259],[1.1188,47.3715],[1.1241,47.4073],[1.1196,47.4426],[1.1051,47.4717],[1.0732,47.5098],[1.0578,47.5179],[1.0525,47.5235],[1.052,47.5335],[1.0552,47.54],[1.0653,47.5507],[1.0681,47.5576],[1.0673,47.5666],[1.0633,47.575],[1.0378,47.6013],[1.0305,47.6036]],[[1.0305,47.6036],[1.0212,47.6018],[1.0097,47.5952],[1.0038,47.5934]],[[1.3267,47.1863],[1.2725,47.2571],[1.2391,47.2782],[1.1973,47.2845]],[[1.1973,47.2845],[1.1637,47.2806]]]}},{"type":"Feature","properties":{"layer":"admin1"},"geometry":{"type":"MultiLineString","coordinates":[[[1.0061,48.1307],[1.0189,48.1293],[1.0267,48.1192],[1.0305,48.0926],[1.0363,48.0822],[1.0501,48.0765],[1.0834,48.0733],[1.0971,48.068],[1.1214,48.0423],[1.1626,48.0127],[1.1935,47.9774],[1.2051,47.9686],[1.2118,47.9677]],[[0.8326,48.0945],[0.8673,48.1032],[0.9309,48.1055],[0.965,48.1133],[0.9921,48.1269],[1.0061,48.1307]],[[1.4704,47.9935],[1.4912,47.9915],[1.52,47.9823]],[[1.3488,47.9509],[1.3715,47.9555],[1.4508,47.9887],[1.4704,47.9935]],[[1.2518,47.9754],[1.3254,47.9514],[1.3488,47.9509]],[[1.2118,47.9677],[1.2342,47.9748],[1.2518,47.9754]]]}},{"type":"Feature","properties":{"layer":"admin1"},"geometry":{"type":"MultiLineString","coordinates":[[[2.2391,47.621],[2.1629,47.6035],[2.1328,47.5877],[2.1284,47.5591],[2.1411,47.5489]],[[2.1828,47.5495],[2.1992,47.5413],[2.2225,47.5022],[2.246,47.4817],[2.2535,47.4692],[2.2578,47.4548],[2.2586,47.4392],[2.2451,47.4112]],[[2.1411,47.5489],[2.1828,47.5495]],[[2.2451,47.4112],[2.2164,47.4113],[2.1524,47.4272]],[[2.1524,47.4272],[2.1386,47.4232],[2.1273,47.4161],[2.1194,47.4056],[2.1157,47.3917],[2.1162,47.3752],[2.1203,47.3597],[2.1487,47.3086],[2.1481,47.2972],[2.1391,47.2861],[2.1008,47.2701],[2.0511,47.2657]],[[2.0511,47.2657],[2.0008,47.2703],[1.9499,47.2845]],[[1.9499,47.2845],[1.9416,47.283],[1.9144,47.2612],[1.9109,47.2548],[1.9092,47.2469],[1.9106,47.2336],[1.91,47.2284],[1.9051,47.2222],[1.8909,47.2149],[1.8726,47.2126]],[[1.8726,47.2126],[1.8541,47.2143],[1.839,47.2192]]]}},{"type":"Feature","properties":{"layer":"admin1"},"geometry":{"type":"MultiLineString","coordinates":[[[4.7698,45.3657],[4.7202,45.3588],[4.6303,45.3254],[4.6095,45.3127],[4.5966,45.297],[4.5948,45.2864],[4.6006,45.2568],[4.5995,45.2449],[4.5975,45.242]],[[4.5975,45.242],[4.5929,45.2428]],[[4.5929,45.2428],[4.4627,45.2365]]]}},{"type":"Feature","properties":{"layer":"admin1"},"geometry":{"type":"MultiLineString","coordinates":[[[3.1123,45.2847],[3.1133,45.3204],[3.1101,45.3379],[3.1035,45.3545]],[[3.3697,44.9542],[3.3669,44.9751],[3.3558,44.9932],[3.2963,45.0391],[3.2904,45.0526],[3.2948,45.0697],[3.3054,45.0788],[3.3202,45.0877],[3.3306,45.0981],[3.3278,45.112],[3.3196,45.1169],[3.2976,45.1174],[3.2881,45.1206],[3.2746,45.1361],[3.27,45.1525],[3.2681,45.188],[3.2621,45.2015],[3.2418,45.2202],[3.2335,45.2323],[3.2265,45.268],[3.2181,45.2765],[3.1928,45.286],[3.1658,45.2898]],[[3.1658,45.2898],[3.1123,45.2847]]]}},{"type":"Feature","properties":{"layer":"admin1"},"geometry":{"type":"MultiLineString","coordinates":[[[2.3725,47.5952],[2.3465,47.5993],[2.2945,47.6222],[2.2707,47.6244]],[[2.2707,47.6244],[2.2391,47.621]],[[2.5123,47.5716],[2.4892,47.5766],[2.4419,47.6069],[2.4242,47.6087]],[[2.4242,47.6087],[2.3725,47.5952]],[[2.6789,47.485],[2.6616,47.492],[2.6265,47.518],[2.5844,47.5637],[2.5663,47.5728]],[[2.5663,47.5728],[2.5123,47.5716]],[[2.7976,47.4974],[2.7831,47.5039],[2.7544,47.5235],[2.7331,47.525]],[[2.7331,47.525],[2.7255,47.5164],[2.7175,47.5004],[2.7039,47.4867],[2.6789,47.485]],[[2.8747,47.5205],[2.8538,47.5152],[2.8186,47.4986],[2.7976,47.4974]]]}},{"type":"Feature","properties":{"layer":"admin1"},"geometry":{"type":"LineString","coordinates":[[1.52,47.9823],[1.5197,47.9855]]}},{"type":"Feature","properties":{"layer":"admin1"},"geometry":{"type":"MultiLineString","coordinates":[[[1.834,48.0821],[1.8545,48.0862],[1.8726,48.0977],[1.8897,48.1153],[1.9076,48.1517],[1.9185,48.1665],[1.9386,48.1733],[1.9527,48.1746],[1.9635,48.1784],[1.9713,48.1865],[1.9765,48.2005],[1.9665,48.2344],[1.9651,48.2461],[1.9683,48.2543],[1.9884,48.2767]],[[1.8094,48.0869],[1.834,48.0821]],[[1.7293,48.0667],[1.7892,48.0846],[1.8094,48.0869]],[[1.6745,48.0745],[1.7293,48.0667]],[[1.5842,48.0326],[1.5994,48.0353],[1.6138,48.0463],[1.6306,48.0646],[1.6471,48.0724],[1.6745,48.0745]],[[1.553,48.0425],[1.5842,48.0326]],[[1.5197,47.9855],[1.5159,48.0179],[1.5214,48.0294],[1.5374,48.0405],[1.553,48.0425]]]}},{"type":"Feature","properties":{"layer":"admin1"},"geometry":{"type":"MultiLineString","coordinates":[[[-0.1292,44.1525],[-0.1295,44.1907],[-0.1326,44.2089],[-0.1406,44.2265]],[[0.0852,43.9673],[0.0603,44.0249],[0.079,44.0384],[0.1017,44.0803],[0.1355,44.1173],[0.1187,44.1259],[-0.0795,44.1541]],[[-0.0795,44.1541],[-0.1292,44.1525]]]}},{"type":"Feature","properties":{"layer":"admin1"},"geometry":{"type":"MultiLineString","coordinates":[[[0.2731,44.7566],[0.2848,44.7575],[0.2974,44.7623]],[[0.2394,44.7602],[0.2731,44.7566]],[[0.2004,44.7138],[0.2138,44.7147],[0.2211,44.7201],[0.224,44.7274],[0.225,44.745],[0.2275,44.7537],[0.2324,44.7585],[0.2394,44.7602]],[[0.1586,44.7401],[0.1709,44.7386],[0.1811,44.7309],[0.1902,44.7209],[0.2004,44.7138]],[[0.0623,44.5498],[0.0721,44.5508],[0.0819,44.5571],[0.1702,44.6374],[0.1746,44.6556],[0.1656,44.6639],[0.1253,44.6729],[0.1132,44.6836],[0.1084,44.6965],[0.1104,44.7103],[0.1187,44.7239],[0.1289,44.7314],[0.1434,44.7372],[0.1586,44.7401]],[[0.0414,44.5529],[0.0623,44.5498]],[[0.0148,44.3667],[0.016,44.3812],[0.011,44.3911],[0.004,44.3997],[-0.0012,44.4104],[-0.0003,44.4202],[0.0095,44.4392],[0.0113,44.4489],[0.0076,44.4577],[-0.0082,44.4676],[-0.015,44.4738],[-0.0176,44.4853],[-0.0138,44.4977],[-0.0061,44.5091],[0.0333,44.5491],[0.0414,44.5529]],[[-0.0048,44.3695],[0.0148,44.3667]],[[-0.1406,44.2265],[-0.0664,44.2536],[-0.0347,44.2759],[-0.048,44.3073],[-0.0763,44.3309],[-0.0854,44.3457],[-0.0735,44.3544],[-0.0048,44.3695]]]}},{"type":"Feature","properties":{"layer":"admin1"},"geometry":{"type":"MultiLineString","coordinates":[[[0.2974,44.7623],[0.329,44.728],[0.3505,44.689],[0.3753,44.6575],[0.417,44.6453]],[[0.6005,44.7009],[0.6408,44.6999],[0.6506,44.6959],[0.6642,44.6799],[0.6858,44.6737]],[[0.5466,44.6652],[0.5604,44.6719],[0.5766,44.6905],[0.5874,44.6986],[0.6005,44.7009]],[[0.7928,44.692],[0.8117,44.6901],[0.8319,44.6772],[0.8421,44.6596],[0.8384,44.6415],[0.8171,44.6271],[0.8408,44.6021]],[[0.6858,44.6737],[0.7351,44.6769],[0.7928,44.692]],[[0.5054,44.6765],[0.516,44.6754],[0.5372,44.666],[0.5466,44.6652]],[[0.417,44.6453],[0.4393,44.6496],[0.5054,44.6765]],[[0.9722,44.6384],[1.0167,44.6233],[1.0563,44.6003],[1.0772,44.5745]],[[0.8408,44.6021],[0.8729,44.604],[0.9392,44.6378],[0.9722,44.6384]]]}},{"type":"Feature","properties":{"layer":"admin1"},"geometry":{"type":"MultiLineString","coordinates":[[[3.994,44.4579],[3.9852,44.4494],[3.9592,44.4138],[3.9431,44.4049],[3.9111,44.401],[3.8948,44.3902],[3.9265,44.3507],[3.9307,44.3398],[3.9366,44.3067],[3.9624,44.2621],[3.9654,44.2472],[3.9576,44.2248],[3.9204,44.1664],[3.8758,44.1314],[3.8663,44.13]],[[3.8663,44.13],[3.791,44.136],[3.6904,44.1802],[3.671,44.1841]],[[3.671,44.1841],[3.6427,44.1769],[3.6377,44.1639],[3.6407,44.1468],[3.6366,44.1273],[3.6163,44.1168],[3.5179,44.1134]],[[3.5179,44.1134],[3.4803,44.1218],[3.3767,44.1683]]]}},{"type":"Feature","properties":{"layer":"admin1"},"geometry":{"type":"MultiLineString","coordinates":[[[-1.1188,49.3462],[-1.1183,49.3266],[-1.13,49.3127],[-1.1371,49.2981],[-1.1228,49.2762],[-1.0089,49.1974],[-0.9832,49.1961]],[[-0.9171,49.2115],[-0.9124,49.2091],[-0.9098,49.2023],[-0.9109,49.1951],[-0.9224,49.1735],[-0.9224,49.163],[-0.9182,49.1528],[-0.8889,49.1184],[-0.8843,49.1084],[-0.8708,49.0411],[-0.8626,49.0264],[-0.8948,49.0149],[-0.9508,48.971],[-0.9833,48.9533],[-0.9983,48.9513]],[[-0.9832,49.1961],[-0.9235,49.211],[-0.9171,49.2115]],[[-0.9983,48.9513],[-1.0419,48.9591]],[[-1.0419,48.9591],[-1.0565,48.9531],[-1.0646,48.9407],[-1.0642,48.9268],[-1.0529,48.9167],[-1.0424,48.9117],[-1.0369,48.9058],[-1.0378,48.8983],[-1.0466,48.8886],[-1.0595,48.881],[-1.1002,48.8692],[-1.1312,48.85],[-1.1439,48.8363],[-1.1469,48.8218],[-1.1082,48.8154],[-1.1014,48.8105],[-1.0987,48.7937],[-1.0922,48.7872],[-1.045,48.7752],[-0.996,48.7737]],[[-0.9567,48.783],[-0.8974,48.7724],[-0.8409,48.7523]],[[-0.996,48.7737],[-0.9567,48.783]]]}},{"type":"Feature","properties":{"layer":"admin1"},"geometry":{"type":"MultiLineString","coordinates":[[[4.0553,49.4073],[4.166,49.4014],[4.1966,49.3946],[4.2945,49.3439],[4.3179,49.3259],[4.3343,49.3189],[4.3519,49.3174]],[[4.3643,49.32],[4.3749,49.3187],[4.4138,49.2821],[4.4489,49.2761]],[[4.3519,49.3174],[4.3643,49.32]],[[4.5512,49.2869],[4.5773,49.2844],[4.5996,49.272],[4.6183,49.2449],[4.6365,49.235]],[[4.4489,49.2761],[4.5512,49.2869]],[[4.9404,49.2545],[4.9787,49.2357]],[[4.8362,49.2361],[4.9075,49.2541],[4.9404,49.2545]],[[4.7231,49.2525],[4.8362,49.2361]],[[4.6365,49.235],[4.7231,49.2525]]]}},{"type":"Feature","properties":{"layer":"admin1"},"geometry":{"type":"MultiLineString","coordinates":[[[4.8138,48.1047],[4.8276,48.1115],[4.8374,48.1266],[4.8429,48.1446],[4.8447,48.1672],[4.8461,48.1705],[4.8584,48.1845],[4.8617,48.1903],[4.8624,48.1983],[4.8466,48.2901],[4.8441,48.2942],[4.8401,48.2971],[4.828,48.3029],[4.8227,48.3074],[4.8192,48.3131],[4.8184,48.3202],[4.8203,48.3251],[4.8263,48.3332],[4.8267,48.3379],[4.824,48.3421],[4.8196,48.3444],[4.7813,48.3543],[4.7739,48.3584],[4.7531,48.3833],[4.716,48.3994],[4.6801,48.4357],[4.6436,48.4522],[4.6373,48.4608],[4.64,48.4689],[4.6627,48.4932],[4.6688,48.5054],[4.6717,48.5185],[4.6702,48.5318]],[[4.7419,48.1152],[4.7584,48.1149],[4.8138,48.1047]],[[4.6985,48.022],[4.7184,48.0429],[4.6952,48.0788],[4.7111,48.1034],[4.7261,48.1118],[4.7419,48.1152]]]}},{"type":"Feature","properties":{"layer":"admin1"},"geometry":{"type":"MultiLineString","coordinates":[[[-0.9844,47.7633],[-1.0266,47.7748],[-1.1385,47.7775],[-1.1902,47.7879],[-1.243,47.8095]],[[-0.6269,47.7351],[-0.9565,47.7934]],[[-0.9565,47.7934],[-0.9637,47.79],[-0.9755,47.7674],[-0.9844,47.7633]],[[-0.4372,47.7585],[-0.4541,47.761],[-0.5023,47.7789]],[[-0.5023,47.7789],[-0.5104,47.7753],[-0.5276,47.7566],[-0.5394,47.7525]],[[-0.4198,47.7618],[-0.4372,47.7585]],[[-0.5394,47.7525],[-0.5531,47.7527],[-0.5794,47.7576]],[[-0.5794,47.7576],[-0.5885,47.7554],[-0.6027,47.7403],[-0.6108,47.7358],[-0.6269,47.7351]]]}},{"type":"Feature","properties":{"layer":"admin1"},"geometry":{"type":"MultiLineString","coordinates":[[[5.4777,49.4952],[5.4756,49.4864],[5.4662,49.4732],[5.4641,49.4646],[5.4659,49.4587],[5.4853,49.4223],[5.4891,49.4178],[5.4985,49.4121],[5.5099,49.4092]],[[5.6436,49.4358],[5.6647,49.4284],[5.6993,49.4026],[5.7179,49.3823],[5.725,49.3704],[5.7291,49.3574],[5.7285,49.3441],[5.7259,49.3316],[5.727,49.3207],[5.7376,49.3119],[5.7554,49.3059],[5.7595,49.3003],[5.7561,49.2893],[5.728,49.2593],[5.7239,49.2495],[5.7209,49.2223],[5.7224,49.2114],[5.7324,49.2018],[5.7597,49.1939],[5.762,49.1808],[5.7519,49.1593],[5.7496,49.1513],[5.7501,49.1288],[5.7536,49.1178],[5.7601,49.1091],[5.7741,49.1063]],[[5.5099,49.4092],[5.581,49.4126],[5.6055,49.4194],[5.6253,49.4308],[5.6436,49.4358]],[[5.8095,49.1121],[5.8208,49.1039],[5.8415,49.0556],[5.8425,49.0463],[5.8395,49.0375],[5.8248,49.0161],[5.8193,49.0036],[5.8185,48.9909],[5.825,48.9793],[5.8305,48.9756],[5.8429,48.9701],[5.8476,48.9656],[5.8495,48.9601],[5.8496,48.9535],[5.8475,48.9474],[5.8434,48.9432],[5.833,48.9418]],[[5.7741,49.1063],[5.8095,49.1121]],[[5.833,48.9418],[5.8093,48.947]],[[5.8093,48.947],[5.7972,48.9452],[5.7694,48.927],[5.7622,48.9192],[5.7587,48.9126],[5.7586,48.9066],[5.761,48.9008],[5.7653,48.895],[5.7764,48.8732],[5.7791,48.8484],[5.7758,48.8231],[5.7602,48.7793],[5.7543,48.7704],[5.7347,48.7529],[5.7257,48.7415],[5.7239,48.73],[5.734,48.7198],[5.7466,48.711],[5.7521,48.7012],[5.7579,48.6273],[5.7565,48.6127],[5.748,48.6004],[5.7228,48.5875],[5.7161,48.5698],[5.7179,48.5614],[5.7238,48.5553],[5.7552,48.5431],[5.7593,48.5395],[5.7632,48.5329],[5.7649,48.5257],[5.7644,48.4999],[5.7652,48.4966]]]}},{"type":"Feature","properties":{"layer":"admin1"},"geometry":{"type":"MultiLineString","coordinates":[[[-3.6267,47.9827],[-3.6461,47.9941],[-3.674,48.0536],[-3.681,48.0625],[-3.7154,48.0904],[-3.7241,48.095],[-3.7305,48.1012],[-3.7325,48.1131],[-3.7248,48.1317],[-3.7082,48.1433],[-3.5649,48.1857]],[[-3.4727,47.9587],[-3.4968,47.9647],[-3.5484,47.9895],[-3.5717,47.9907]],[[-3.5717,47.9907],[-3.6267,47.9827]],[[-3.4099,47.8633],[-3.3982,47.8708],[-3.3913,47.884],[-3.3858,47.9171],[-3.3867,47.9317],[-3.3939,47.9525],[-3.4073,47.9636],[-3.4253,47.9664]],[[-3.4253,47.9664],[-3.4727,47.9587]],[[-3.4369,47.8648],[-3.4099,47.8633]],[[-3.4913,47.8266],[-3.4786,47.8283],[-3.4659,47.8362],[-3.4609,47.8447],[-3.4576,47.8533],[-3.4499,47.8614],[-3.4369,47.8648]],[[-3.5239,47.8376],[-3.5124,47.8354],[-3.4913,47.8266]],[[-3.5393,47.7737],[-3.5466,47.7818],[-3.5515,47.7932],[-3.5534,47.8052],[-3.5516,47.8154],[-3.547,47.8241],[-3.5411,47.831],[-3.5336,47.8356],[-3.5239,47.8376]]]}},{"type":"Feature","properties":{"layer":"admin1"},"geometry":{"type":"MultiLineString","coordinates":[[[-3.1011,48.2075],[-3.0373,48.2043],[-3.0161,48.1981],[-3.0113,48.1905],[-3.0048,48.1669],[-2.9997,48.1606],[-2.987,48.1603]],[[-3.2918,48.1442],[-3.1627,48.1559],[-3.148,48.1611],[-3.1378,48.1717],[-3.13,48.1946],[-3.1227,48.2028],[-3.1011,48.2075]],[[-3.5649,48.1857],[-3.5432,48.1802]],[[-3.4487,48.1842],[-3.4417,48.183],[-3.4369,48.1785],[-3.4363,48.1735],[-3.4367,48.1677],[-3.4352,48.1611],[-3.4196,48.1508]],[[-3.5432,48.1802],[-3.4487,48.1842]],[[-2.9439,48.1716],[-2.917,48.1687],[-2.8499,48.1413],[-2.8113,48.1358],[-2.7958,48.1294],[-2.7792,48.1],[-2.7699,48.0937]],[[-2.987,48.1603],[-2.9439,48.1716]],[[-3.3405,48.1684],[-3.3341,48.164],[-3.329,48.157],[-3.3186,48.1504],[-3.2918,48.1442]],[[-3.4196,48.1508],[-3.3964,48.1531],[-3.3543,48.1673],[-3.3405,48.1684]],[[-2.4253,48.1674],[-2.4018,48.1619],[-2.391,48.1565],[-2.3816,48.1489],[-2.3643,48.1227],[-2.356,48.1174]],[[-2.6383,48.0345],[-2.6036,48.0488],[-2.5494,48.0855],[-2.5379,48.1001],[-2.5345,48.1139],[-2.533,48.1459],[-2.5239,48.1604],[-2.5077,48.1649],[-2.4253,48.1674]],[[-2.356,48.1174],[-2.3397,48.1184],[-2.306,48.1333],[-2.2873,48.1337]],[[-2.6725,48.1292],[-2.6593,48.1236],[-2.6599,48.0404],[-2.6383,48.0345]],[[-2.7699,48.0937],[-2.7588,48.095],[-2.7303,48.1149],[-2.6725,48.1292]]]}},{"type":"Feature","properties":{"layer":"admin1"},"geometry":{"type":"MultiLineString","coordinates":[[[-2.2873,48.1337],[-2.2681,48.1206],[-2.2603,48.112],[-2.2448,48.0854],[-2.2352,48.0786],[-2.2229,48.0782]],[[-2.2051,48.0807],[-2.1882,48.0797],[-2.1779,48.0732],[-2.1778,48.0634],[-2.1913,48.0525],[-2.2576,48.0389],[-2.2718,48.0236],[-2.2711,48.0054],[-2.2554,47.9974],[-2.1677,47.9847],[-2.1243,47.9636],[-2.1135,47.9548],[-2.106,47.945],[-2.1015,47.9335],[-2.0997,47.9199],[-2.1002,47.9119],[-2.1054,47.8908],[-2.1068,47.8592],[-2.1095,47.8488],[-2.0724,47.8487],[-2.0612,47.8463],[-2.0517,47.8361],[-2.0524,47.8218],[-2.0592,47.8073],[-2.068,47.7962],[-2.075,47.7908],[-2.0819,47.7879],[-2.1067,47.7838],[-2.1161,47.7805],[-2.1223,47.7743],[-2.1219,47.7643],[-2.1103,47.7588],[-2.0716,47.7572],[-2.0624,47.7447],[-2.0663,47.736],[-2.0767,47.7332]],[[-2.2229,48.0782],[-2.2051,48.0807]],[[-2.0767,47.7332],[-2.1,47.7341]],[[-2.1,47.7341],[-2.1159,47.7317],[-2.1243,47.7254],[-2.1263,47.7142],[-2.1231,47.6977],[-2.1194,47.6893],[-2.1098,47.6764],[-2.1062,47.669],[-2.1065,47.6481],[-2.1028,47.6393],[-2.0885,47.6326]]]}},{"type":"Feature","properties":{"layer":"admin1"},"geometry":{"type":"MultiLineString","coordinates":[[[6.3914,48.7798],[6.3715,48.7802],[6.3127,48.8331],[6.3023,48.8471],[6.2983,48.8591],[6.2987,48.8706],[6.303,48.8815],[6.3106,48.8914],[6.32,48.8984],[6.3226,48.9022],[6.3228,48.909],[6.3179,48.9183],[6.3087,48.9246],[6.2875,48.9313],[6.1432,48.9346],[6.1285,48.9421],[6.1172,48.9602],[6.1085,48.9663],[6.0634,48.976],[6.0518,48.9811],[6.0481,48.9874],[6.045,49.0076],[6.0407,49.0148],[6.0344,49.0201],[5.9674,49.0415],[5.9543,49.0526],[5.935,49.084],[5.9347,49.0986],[5.9495,49.1077],[5.9921,49.1185],[6.0094,49.1309],[6.0155,49.152],[6.008,49.1671],[5.9945,49.1843],[5.9865,49.2007],[5.9958,49.2132],[6.0119,49.2224],[6.0197,49.2323],[6.0197,49.2443],[6.009,49.2687],[6.004,49.2931],[5.9961,49.3048],[5.9701,49.3178],[5.9611,49.3316],[5.9569,49.3471],[5.953,49.353],[5.9456,49.3591],[5.933,49.3658],[5.9275,49.3701],[5.9241,49.3765],[5.9249,49.3896],[5.9385,49.417],[5.9422,49.4303],[5.9376,49.456],[5.9281,49.4823]],[[6.5207,48.7545],[6.4973,48.7611],[6.4537,48.7831],[6.4332,48.7891]],[[6.4332,48.7891],[6.4118,48.7861],[6.3914,48.7798]],[[6.8684,48.6201],[6.7069,48.6681],[6.6665,48.6948],[6.6244,48.7046],[6.5989,48.7157],[6.59,48.7231],[6.566,48.7519],[6.5576,48.755]],[[6.5576,48.755],[6.5207,48.7545]],[[7.0887,48.5234],[6.9704,48.611],[6.9254,48.6264]],[[6.9254,48.6264],[6.9117,48.626],[6.8831,48.6205],[6.8684,48.6201]]]}},{"type":"Feature","properties":{"layer":"admin1"},"geometry":{"type":"MultiLineString","coordinates":[[[4.1061,47.3392],[4.1234,47.3233],[4.125,47.2498],[4.1564,47.245]],[[4.1737,47.2479],[4.1915,47.2446],[4.2074,47.2352],[4.2192,47.2195],[4.2241,47.1999],[4.2117,47.1757],[4.2097,47.1553]],[[4.1564,47.245],[4.1737,47.2479]]]}},{"type":"Feature","properties":{"layer":"admin1"},"geometry":{"type":"MultiLineString","coordinates":[[[3.1186,49.7058],[3.1213,49.6969],[3.121,49.6862],[3.1078,49.6363],[3.1074,49.6262],[3.11,49.6173],[3.1261,49.5971],[3.1323,49.5802],[3.1326,49.5625],[3.1214,49.5153],[3.1209,49.5034],[3.1229,49.4918],[3.1277,49.4805],[3.1355,49.4717],[3.1526,49.4656],[3.1613,49.4598],[3.1679,49.449],[3.1694,49.4373],[3.1651,49.4271],[3.1543,49.4206],[3.1447,49.4204]],[[3.1447,49.4204],[3.1278,49.427],[3.1189,49.4288]],[[3.1189,49.4288],[3.1004,49.4189],[3.0831,49.3701],[3.0705,49.3508],[3.0416,49.3377],[2.9916,49.3353],[2.9642,49.3213],[2.9657,49.3161],[3.0108,49.2842],[3.0178,49.2752],[3.0198,49.2629],[3.0066,49.2435],[2.983,49.2346],[2.9652,49.2244],[2.9697,49.2009],[2.9773,49.1913],[2.9852,49.1874]],[[3.0476,49.1974],[3.0675,49.1971],[3.1026,49.1884],[3.1176,49.1811],[3.1286,49.1705],[3.1307,49.156],[3.1231,49.1407],[3.1097,49.1259],[3.0941,49.1137],[3.0797,49.1062]],[[2.9852,49.1874],[2.9946,49.1876],[3.0476,49.1974]]]}},{"type":"Feature","properties":{"layer":"admin1"},"geometry":{"type":"LineString","coordinates":[[-0.8627,48.5018],[-0.8405,48.5257],[-0.7857,48.5596],[-0.7632,48.5948],[-0.7559,48.6028],[-0.7521,48.6118],[-0.7561,48.6255],[-0.7665,48.647],[-0.7667,48.6599],[-0.7567,48.6707],[-0.7368,48.6861],[-0.82,48.7268],[-0.8425,48.7285],[-0.8409,48.7523]]}},{"type":"Feature","properties":{"layer":"admin1"},"geometry":{"type":"MultiLineString","coordinates":[[[0.2844,48.9706],[0.2936,48.9571],[0.3099,48.9485],[0.3285,48.9447]],[[0.2279,48.9408],[0.2389,48.9425],[0.2512,48.9502],[0.2588,48.9609],[0.2678,48.9693],[0.2844,48.9706]],[[0.3798,48.9635],[0.3952,48.9629],[0.4172,48.9461]],[[0.3285,48.9447],[0.345,48.9462],[0.3798,48.9635]],[[0.1276,48.9521],[0.1348,48.9476],[0.148,48.9298],[0.1552,48.9252]],[[-0.1404,48.8255],[0.0565,48.9026],[0.1051,48.9479],[0.1276,48.9521]],[[0.1926,48.9413],[0.2279,48.9408]],[[0.1552,48.9252],[0.164,48.9271],[0.183,48.9385],[0.1926,48.9413]],[[-0.4413,48.8734],[-0.4109,48.87],[-0.3955,48.8612],[-0.3676,48.8376],[-0.352,48.8294],[-0.3452,48.8277]],[[-0.6129,48.8319],[-0.4902,48.8521],[-0.4413,48.8734]],[[-0.3103,48.8562],[-0.1404,48.8255]],[[-0.3452,48.8277],[-0.3399,48.8279],[-0.3355,48.8306],[-0.3313,48.8362],[-0.3295,48.8407],[-0.3277,48.849],[-0.3248,48.8525],[-0.3103,48.8562]],[[-0.684,48.8442],[-0.6661,48.8425],[-0.631,48.8326],[-0.6129,48.8319]],[[-0.8409,48.7523],[-0.8205,48.7575],[-0.7921,48.78],[-0.7757,48.7876],[-0.7086,48.7996],[-0.6949,48.8089],[-0.6941,48.8147],[-0.6972,48.8178],[-0.7015,48.8208],[-0.7043,48.8262],[-0.7029,48.8333],[-0.6979,48.8389],[-0.6909,48.8426],[-0.684,48.8442]]]}},{"type":"Feature","properties":{"layer":"admin1"},"geometry":{"type":"MultiLineString","coordinates":[[[2.0633,51.0143],[2.1057,50.9837],[2.1874,50.8784],[2.2223,50.8057],[2.2455,50.7918],[2.2733,50.7852]],[[2.3624,50.7867],[2.3817,50.7822],[2.3934,50.7708],[2.3836,50.7602],[2.3657,50.7494],[2.3535,50.7373],[2.3522,50.7268],[2.3566,50.7215],[2.3634,50.7171],[2.3691,50.7095],[2.3693,50.7018],[2.3627,50.6893],[2.3634,50.6821],[2.3715,50.6743],[2.3832,50.6715],[2.4068,50.6714],[2.4251,50.6668],[2.4743,50.6368],[2.4892,50.6333],[2.7111,50.629],[2.7263,50.6258]],[[2.2733,50.7852],[2.3624,50.7867]],[[2.8031,50.6684],[2.8213,50.6661],[2.8395,50.6566],[2.8698,50.6312],[2.8548,50.63],[2.8386,50.6258],[2.8233,50.6191],[2.8112,50.6104],[2.8051,50.5995],[2.806,50.578],[2.8014,50.5671],[2.7915,50.5594],[2.7885,50.5553],[2.7882,50.5478],[2.7906,50.542],[2.7954,50.5361],[2.8012,50.5312],[2.8067,50.5278],[2.8242,50.525]],[[2.7263,50.6258],[2.7343,50.6264],[2.7526,50.6349],[2.7834,50.6609],[2.8031,50.6684]],[[2.8597,50.5325],[2.8771,50.531],[2.8914,50.5218],[2.9004,50.5112],[2.9108,50.5039]],[[2.8242,50.525],[2.8597,50.5325]],[[2.9579,50.508],[2.9726,50.5065],[2.9857,50.5015],[2.9935,50.4948],[2.998,50.487],[3.0032,50.4684],[3.0149,50.4535],[3.0495,50.4493],[3.0588,50.4426],[3.0555,50.4263],[3.0406,50.4158],[3.0068,50.3999],[3.0019,50.3813],[3.0196,50.3639],[3.0444,50.3467],[3.0605,50.3289],[3.0625,50.3164],[3.0588,50.3084],[3.0291,50.2893],[3.0206,50.2786],[3.0198,50.2674],[3.0312,50.258],[3.043,50.2569]],[[2.9108,50.5039],[2.9579,50.508]],[[3.0977,50.2705],[3.1167,50.2676],[3.1348,50.2612],[3.1634,50.2399],[3.1684,50.2326],[3.1693,50.2244],[3.1644,50.217],[3.137,50.1985],[3.1261,50.183],[3.0891,50.0738],[3.0883,50.05]],[[3.043,50.2569],[3.0795,50.2697],[3.0977,50.2705]]]}},{"type":"Feature","properties":{"layer":"admin1"},"geometry":{"type":"MultiLineString","coordinates":[[[3.0202,50.1211],[3.0479,50.1284],[3.0724,50.1308],[3.0693,50.1528],[3.0627,50.1739]],[[3.0627,50.1739],[3.0508,50.162],[3.0365,50.1541],[3.0206,50.1501]],[[3.0206,50.1501],[3.0037,50.1501]],[[3.0037,50.1501],[3.0014,50.1234],[3.0202,50.1211]]]}},{"type":"Feature","properties":{"layer":"admin1"},"geometry":{"type":"MultiLineString","coordinates":[[[2.748,45.3859],[2.7035,45.388],[2.668,45.4345],[2.6425,45.4453],[2.5909,45.4544],[2.5374,45.48]],[[2.5374,45.48],[2.5186,45.4792]],[[2.9955,45.2886],[2.9486,45.3092],[2.9347,45.3252],[2.9167,45.359],[2.9004,45.3726],[2.8338,45.3964]],[[2.8338,45.3964],[2.748,45.3859]],[[3.1035,45.3545],[3.034,45.3003],[2.9955,45.2886]]]}},{"type":"Feature","properties":{"layer":"admin1"},"geometry":{"type":"MultiLineString","coordinates":[[[3.3951,45.401],[3.3818,45.4037],[3.3435,45.4219]],[[3.3435,45.4219],[3.3258,45.4216],[3.3025,45.4049],[3.2875,45.3996],[3.2509,45.3944],[3.2354,45.3877],[3.2005,45.3597],[3.1687,45.3535]],[[3.6234,45.3476],[3.6073,45.3541],[3.5967,45.3635],[3.5786,45.3856],[3.5677,45.3939],[3.505,45.4164],[3.4811,45.4169]],[[3.4811,45.4169],[3.3951,45.401]],[[3.8855,45.3587],[3.8047,45.3859]],[[3.8047,45.3859],[3.7909,45.378],[3.7807,45.3572],[3.7598,45.3497]],[[3.7598,45.3497],[3.735,45.3513],[3.6893,45.3688],[3.6785,45.3696]],[[3.6785,45.3696],[3.6644,45.3647],[3.6366,45.3494],[3.6234,45.3476]],[[3.1687,45.3535],[3.1035,45.3545]]]}},{"type":"Feature","properties":{"layer":"admin1"},"geometry":{"type":"MultiLineString","coordinates":[[[-0.0874,43.3867],[-0.0755,43.3841],[-0.0706,43.3814],[-0.0669,43.3776],[-0.0645,43.3728],[-0.0635,43.3673],[-0.064,43.3592],[-0.0662,43.3514],[-0.074,43.3371],[-0.0768,43.3339],[-0.0799,43.3313],[-0.0834,43.3294],[-0.087,43.3282],[-0.0968,43.3278]],[[-0.0968,43.3278],[-0.1058,43.3314],[-0.1123,43.3385],[-0.1148,43.3487],[-0.1119,43.3695],[-0.1072,43.3791],[-0.0993,43.385],[-0.0935,43.3864],[-0.0874,43.3867]]]}},{"type":"Feature","properties":{"layer":"admin1"},"geometry":{"type":"MultiLineString","coordinates":[[[-0.1136,43.3053],[-0.0903,43.2955],[-0.0805,43.2722],[-0.0975,43.2508],[-0.1075,43.2478],[-0.118,43.2476]],[[-0.118,43.2476],[-0.1275,43.2508],[-0.1349,43.2583],[-0.1376,43.2648],[-0.1386,43.2718],[-0.1373,43.2858],[-0.1136,43.3053]]]}},{"type":"Feature","properties":{"layer":"admin1"},"geometry":{"type":"MultiLineString","coordinates":[[[2.8553,42.9138],[2.8661,42.9119],[2.8927,42.8956],[3.0463,42.8371]],[[2.704,42.834],[2.7297,42.8403],[2.742,42.8489],[2.7684,42.8788],[2.7839,42.8898],[2.8553,42.9138]],[[2.375,42.8473],[2.704,42.834]],[[2.3067,42.7052],[2.3226,42.708],[2.343,42.7188],[2.3512,42.7302],[2.3507,42.7452],[2.3309,42.8224],[2.3412,42.8374],[2.375,42.8473]],[[2.2769,42.7097],[2.3067,42.7052]],[[2.1894,42.6522],[2.2169,42.6678],[2.2647,42.7089],[2.2769,42.7097]],[[2.1661,42.6638],[2.1894,42.6522]]]}},{"type":"Feature","properties":{"layer":"admin1"},"geometry":{"type":"LineString","coordinates":[[7.2087,48.3034],[7.264,48.3007],[7.2916,48.2935],[7.3035,48.26],[7.4661,48.2073],[7.4762,48.1982],[7.4734,48.1861],[7.468,48.1728],[7.4701,48.1602],[7.4833,48.154],[7.5002,48.1539],[7.5144,48.1515],[7.5259,48.1274],[7.5433,48.1229],[7.582,48.1214]]}},{"type":"Feature","properties":{"layer":"admin1"},"geometry":{"type":"MultiLineString","coordinates":[[[4.5461,45.5776],[4.497,45.5847],[4.4356,45.6134],[4.3842,45.6544],[4.3654,45.6985],[4.3735,45.7115],[4.3992,45.7374],[4.3968,45.7494],[4.3817,45.7534],[4.3604,45.7547],[4.3442,45.7603],[4.3442,45.7777],[4.3834,45.8182],[4.3938,45.8428],[4.3723,45.8659],[4.3421,45.8782],[4.3341,45.8867],[4.3309,45.8975],[4.3392,45.9142],[4.3403,45.9247],[4.3277,45.942],[4.2589,45.9703],[4.253,45.9849],[4.2665,45.992],[4.2998,45.9986],[4.308,46.0122],[4.3003,46.023],[4.2722,46.0357],[4.2526,46.0498],[4.2584,46.0667],[4.3399,46.1324],[4.357,46.1418],[4.4097,46.1444],[4.4322,46.1507],[4.4392,46.1736],[4.4327,46.1915],[4.4191,46.208],[4.4017,46.2201],[4.3839,46.2248]],[[4.6791,45.4779],[4.6637,45.4811],[4.6543,45.4912],[4.6527,45.5103],[4.6659,45.5549],[4.6623,45.5687],[4.6402,45.5813],[4.6069,45.5843]],[[4.6069,45.5843],[4.5461,45.5776]],[[4.76,45.4445],[4.7325,45.4732],[4.7182,45.4797]],[[4.7182,45.4797],[4.6791,45.4779]]]}},{"type":"Feature","properties":{"layer":"admin1"},"geometry":{"type":"MultiLineString","coordinates":[[[5.616,47.2604],[5.6,47.2608],[5.5844,47.2639],[5.5408,47.2832],[5.5289,47.2922]],[[5.5289,47.2922],[5.5217,47.2893]],[[5.6988,47.265],[5.6834,47.271]],[[5.6834,47.271],[5.6663,47.2706],[5.616,47.2604]]]}},{"type":"Feature","properties":{"layer":"admin1"},"geometry":{"type":"MultiLineString","coordinates":[[[6.8071,47.5629],[6.7798,47.5428]],[[6.7798,47.5428],[6.7034,47.5577]],[[6.7034,47.5577],[6.6667,47.5496],[6.6427,47.5356],[6.6339,47.5329]],[[6.6339,47.5329],[6.6239,47.5331],[6.6039,47.5384],[6.5959,47.5384]],[[6.5959,47.5384],[6.5836,47.5293],[6.5662,47.5002],[6.5538,47.4904]],[[6.4758,47.4953],[6.4667,47.4996],[6.4506,47.5124],[6.4409,47.5166],[6.4245,47.5177]],[[6.4245,47.5177],[6.3372,47.5065],[6.3211,47.5012],[6.3077,47.4923],[6.2765,47.4396],[6.2609,47.4285],[6.2478,47.4273]],[[6.5538,47.4904],[6.5005,47.5102]],[[6.5005,47.5102],[6.4946,47.508],[6.4815,47.4971],[6.4758,47.4953]],[[6.2478,47.4273],[6.2196,47.4319]],[[6.2196,47.4319],[6.2064,47.4312],[6.2016,47.4293],[6.1918,47.4224],[6.1883,47.4185],[6.1822,47.4052],[6.1787,47.4009],[6.1736,47.3973],[6.1679,47.3948],[6.1556,47.3925]],[[6.1556,47.3925],[6.1231,47.3939]],[[6.1231,47.3939],[6.1149,47.3891],[6.0895,47.3645],[6.0745,47.3555],[5.9974,47.3365],[5.9763,47.336]],[[5.9763,47.336],[5.9387,47.3438]],[[5.9387,47.3438],[5.9271,47.343],[5.7316,47.2644]],[[5.7316,47.2644],[5.6988,47.265]]]}},{"type":"Feature","properties":{"layer":"admin1"},"geometry":{"type":"MultiLineString","coordinates":[[[3.8093,46.7018],[3.8314,46.7085],[3.857,46.7248],[3.9174,46.7404],[3.9973,46.778],[4.0159,46.7823],[4.0409,46.7836],[4.0473,46.7856],[4.0513,46.7909],[4.0532,46.7984],[4.0526,46.8173],[4.0517,46.8196],[4.0396,46.8324],[4.0392,46.8357],[4.0479,46.8438],[4.0822,46.8524],[4.093,46.8649],[4.0891,46.8819],[4.0722,46.8917],[4.0535,46.899],[4.0439,46.9084],[4.0475,46.942],[4.0459,46.9576],[4.0346,46.9685],[4.0104,46.9727],[4.0004,46.9774],[3.9963,46.9891],[4.0011,47.0013],[4.013,47.0057],[4.0407,47.0079],[4.0497,47.0119],[4.0572,47.0181],[4.0625,47.0262],[4.0649,47.0358],[4.0635,47.0463],[4.0491,47.0745],[4.0471,47.0853],[4.0484,47.0951],[4.057,47.1144],[4.0623,47.1186],[4.1278,47.1248],[4.1865,47.1507],[4.2097,47.1553]],[[3.7387,46.752],[3.7653,46.7396],[3.8093,46.7018]],[[3.6249,46.7393],[3.7387,46.752]]]}},{"type":"Feature","properties":{"layer":"admin1"},"geometry":{"type":"MultiLineString","coordinates":[[[4.2097,47.1553],[4.2285,47.1522],[4.2691,47.1191],[4.2883,47.1123],[4.3071,47.1094],[4.3239,47.1034],[4.337,47.0873],[4.3448,47.0724],[4.3523,47.0654],[4.3622,47.0651]],[[4.3941,47.0727],[4.4048,47.0668],[4.4245,47.0439],[4.4409,47.0341],[4.5064,47.0185],[4.5189,47.0177]],[[4.3622,47.0651],[4.3774,47.0701],[4.3941,47.0727]],[[4.5399,47.0211],[4.5464,47.0202],[4.5528,47.0161],[4.5822,46.9659],[4.5992,46.9532],[4.6551,46.9409],[4.6663,46.9264],[4.6718,46.9099],[4.6772,46.905],[4.6875,46.9027]],[[4.5189,47.0177],[4.5399,47.0211]],[[5.2305,46.9869],[5.2506,46.9812]],[[5.0787,46.9612],[5.1646,46.9642],[5.2092,46.9825],[5.2305,46.9869]],[[5.0493,46.9815],[5.0568,46.9777],[5.0705,46.964],[5.0787,46.9612]],[[4.6875,46.9027],[4.6999,46.9035],[4.7092,46.9075],[4.7275,46.9202],[4.7315,46.9221],[4.7353,46.923],[4.7859,46.9248],[4.9065,46.9624],[4.9897,46.9691],[5.0383,46.9811],[5.0493,46.9815]]]}},{"type":"Feature","properties":{"layer":"admin1"},"geometry":{"type":"LineString","coordinates":[[5.2506,46.9812],[5.2552,46.9799]]}},{"type":"Feature","properties":{"layer":"admin1"},"geometry":{"type":"MultiLineString","coordinates":[[[-0.2441,47.7056],[-0.4198,47.7618]],[[-0.1426,47.6343],[-0.1689,47.6386],[-0.1926,47.651],[-0.2071,47.6689],[-0.2105,47.6799],[-0.2105,47.6853],[-0.2085,47.691],[-0.2041,47.695],[-0.1884,47.7046],[-0.1844,47.7053],[-0.1946,47.7195],[-0.2054,47.7219]],[[-0.2054,47.7219],[-0.2315,47.7078],[-0.2441,47.7056]],[[0.1515,47.588],[0.0993,47.6058],[0.0634,47.6103],[-0.0441,47.6513],[-0.0974,47.6572]],[[-0.0974,47.6572],[-0.1052,47.6554],[-0.1203,47.6409],[-0.1426,47.6343]],[[0.2418,47.6029],[0.1859,47.6165]],[[0.1859,47.6165],[0.1752,47.5888],[0.1515,47.588]]]}},{"type":"Feature","properties":{"layer":"admin1"},"geometry":{"type":"LineString","coordinates":[[-0.3816,47.8004],[-0.4178,47.8058],[-0.4322,47.8124],[-0.4443,47.8261],[-0.4438,47.8394],[-0.4291,47.8479],[-0.3956,47.8574],[-0.3896,47.861],[-0.3852,47.8656],[-0.3827,47.8714],[-0.3822,47.8786],[-0.3847,47.886],[-0.3939,47.8977],[-0.3966,47.9048],[-0.3946,47.9172],[-0.3866,47.9272],[-0.3753,47.9344],[-0.3633,47.9382],[-0.3153,47.9409],[-0.2999,47.9455],[-0.2894,47.9559],[-0.2901,47.9689],[-0.2974,47.9821],[-0.3069,47.9933],[-0.3338,48.0144],[-0.3424,48.0266],[-0.3379,48.0404],[-0.3329,48.0441],[-0.3273,48.0462],[-0.2574,48.0567],[-0.2396,48.0646],[-0.2299,48.0731],[-0.2239,48.0843],[-0.2219,48.0969],[-0.2242,48.1098],[-0.2368,48.1338],[-0.2369,48.145],[-0.2347,48.157],[-0.2315,48.1639],[-0.2254,48.1682],[-0.1553,48.2004],[-0.1383,48.2293],[-0.1534,48.3376],[-0.1475,48.3528],[-0.1375,48.3636],[-0.1244,48.3705],[-0.0665,48.3768],[-0.0527,48.3806]]}},{"type":"Feature","properties":{"layer":"admin1"},"geometry":{"type":"MultiLineString","coordinates":[[[5.9108,45.3942],[5.7562,45.4393],[5.7411,45.4509],[5.6237,45.6133]],[[6.2664,45.1248],[6.2566,45.143],[6.2267,45.1508],[6.1699,45.1523],[6.1601,45.155],[6.156,45.1617],[6.154,45.1931],[6.1309,45.2612],[6.1329,45.2802],[6.1443,45.2984],[6.1612,45.3106],[6.1773,45.3186],[6.1895,45.3299],[6.1948,45.3522],[6.1875,45.3776],[6.1689,45.4001],[6.1254,45.4351],[6.1155,45.4382],[6.045,45.4435],[5.9839,45.4833],[5.9664,45.4881],[5.9482,45.4895]],[[5.9482,45.4895],[5.9308,45.4861],[5.9153,45.4765],[5.9117,45.4633],[5.9085,45.4114],[5.9108,45.3942]]]}},{"type":"Feature","properties":{"layer":"admin1"},"geometry":{"type":"MultiLineString","coordinates":[[[6.0494,45.7419],[6.0253,45.7453],[6.0032,45.7521],[5.9928,45.7577],[5.9842,45.765],[5.9789,45.7746],[5.9745,45.7953],[5.9695,45.8047],[5.9544,45.8141],[5.9153,45.8177],[5.8973,45.8229],[5.8836,45.8353],[5.878,45.8507],[5.8673,45.9226],[5.8577,45.9353],[5.8404,45.9388]],[[6.7113,45.7275],[6.6895,45.7281],[6.6978,45.7585],[6.68,45.7803],[6.6497,45.7928],[6.6027,45.7966],[6.584,45.804],[6.5529,45.8256],[6.5418,45.8437],[6.548,45.8559],[6.5589,45.868],[6.5622,45.8855],[6.5596,45.8905],[6.5547,45.8952],[6.5441,45.9023],[6.5338,45.9066],[6.5229,45.9084]],[[6.5229,45.9084],[6.5123,45.9066],[6.4628,45.867],[6.4492,45.8509],[6.4286,45.8095],[6.4164,45.7974],[6.3679,45.7705],[6.367,45.7648],[6.3488,45.723],[6.3302,45.7039],[6.3072,45.6909],[6.2814,45.684],[6.2544,45.6836]],[[6.7839,45.765],[6.7113,45.7275]],[[6.2544,45.6836],[6.2428,45.6866],[6.1958,45.7302],[6.1677,45.748],[6.1368,45.7591],[6.1049,45.7595]],[[6.1049,45.7595],[6.0968,45.7564],[6.0819,45.7465],[6.0736,45.7434],[6.0494,45.7419]]]}},{"type":"Feature","properties":{"layer":"admin1"},"geometry":{"type":"MultiLineString","coordinates":[[[1.6772,49.3987],[1.539,49.4398],[1.3925,49.4539]],[[1.3925,49.4539],[1.3501,49.442],[1.3232,49.4179],[1.2793,49.3552],[1.2665,49.3481]],[[0.7098,49.4025],[0.664,49.4077],[0.6338,49.4446]],[[0.92,49.3386],[0.9191,49.3613],[0.9066,49.3714],[0.8671,49.3846],[0.8188,49.4158],[0.8047,49.4199]],[[0.8047,49.4199],[0.7098,49.4025]],[[1.718,49.411],[1.6772,49.3987]],[[1.2665,49.3481],[1.1939,49.3516]],[[1.1939,49.3516],[1.171,49.3465],[1.1511,49.3357],[1.1371,49.3183],[1.1274,49.3131],[1.0627,49.3013],[1.0459,49.2917],[1.0373,49.2783],[1.0445,49.2618],[1.0225,49.2563]],[[0.8595,49.3453],[0.92,49.3386]],[[1.0225,49.2563],[1.0034,49.258],[0.9858,49.2663],[0.9682,49.2802],[0.939,49.2939],[0.9038,49.3017],[0.8736,49.3151],[0.8595,49.3453]]]}},{"type":"Feature","properties":{"layer":"admin1"},"geometry":{"type":"MultiLineString","coordinates":[[[-0.5917,46.1392],[-0.6149,46.1432],[-0.6371,46.1545],[-0.7234,46.2311],[-0.7514,46.2451],[-0.7418,46.2582],[-0.7414,46.272],[-0.7473,46.2864],[-0.7566,46.3012]],[[-0.49,46.1027],[-0.5096,46.1145],[-0.5298,46.1325],[-0.5499,46.1397]],[[-0.5499,46.1397],[-0.5917,46.1392]],[[-0.103,45.9697],[-0.1244,45.9757],[-0.1776,46.0234],[-0.2596,46.0652],[-0.3038,46.0761],[-0.3713,46.0775],[-0.4219,46.1048],[-0.4443,46.1073]],[[-0.4443,46.1073],[-0.49,46.1027]]]}},{"type":"Feature","properties":{"layer":"admin1"},"geometry":{"type":"MultiLineString","coordinates":[[[0.1779,46.0871],[0.165,46.0907],[0.153,46.0989],[0.1359,46.1041]],[[0.1359,46.1041],[0.0887,46.0988],[0.0358,46.0804],[-0.011,46.0515],[-0.0398,46.0151],[-0.0499,45.9958],[-0.0628,45.9828],[-0.08,45.9745],[-0.103,45.9697]],[[0.1974,46.0955],[0.1779,46.0871]]]}},{"type":"Feature","properties":{"layer":"admin1"},"geometry":{"type":"MultiLineString","coordinates":[[[1.8562,49.7014],[1.8469,49.7065],[1.8418,49.7303],[1.8365,49.7403],[1.8209,49.7476],[1.7545,49.7656]],[[2.0664,49.6845],[1.9722,49.7153]],[[1.9722,49.7153],[1.8562,49.7014]],[[3.1186,49.7058],[3.0524,49.7138]],[[3.0524,49.7138],[3.053,49.6947],[3.0427,49.6858]],[[2.936,49.693],[2.902,49.7087]],[[2.902,49.7087],[2.8848,49.7087],[2.8732,49.7],[2.8547,49.6742],[2.8425,49.6648],[2.8158,49.6611],[2.804,49.6574],[2.7969,49.6467],[2.7969,49.6386],[2.7986,49.6301],[2.7982,49.6223],[2.7924,49.6162],[2.7798,49.6141]],[[3.0427,49.6858],[3.0267,49.6859],[2.9966,49.7012],[2.9829,49.7029]],[[2.9829,49.7029],[2.9692,49.7003],[2.955,49.6947],[2.936,49.693]],[[2.4878,49.6262],[2.4768,49.6266],[2.4666,49.6314],[2.4376,49.6528],[2.3577,49.6644],[2.3066,49.6892],[2.2386,49.6978]],[[2.2386,49.6978],[2.0664,49.6845]],[[2.5761,49.6001],[2.5603,49.6045],[2.5211,49.6298],[2.5098,49.6307]],[[2.5098,49.6307],[2.4878,49.6262]],[[2.7798,49.6141],[2.7387,49.6253]],[[2.7387,49.6253],[2.7129,49.6248],[2.6986,49.6216],[2.6694,49.6002],[2.6637,49.5932],[2.659,49.5847],[2.6534,49.5777],[2.6446,49.575]],[[2.6446,49.575],[2.6338,49.5799],[2.6282,49.6016],[2.6213,49.6101],[2.6095,49.612]],[[2.6095,49.612],[2.5876,49.6024],[2.5761,49.6001]]]}},{"type":"Feature","properties":{"layer":"admin1"},"geometry":{"type":"LineString","coordinates":[[3.157,50.0187],[3.1867,49.9861],[3.1931,49.9756],[3.1877,49.9694],[3.1533,49.9413],[3.1175,49.8827],[3.106,49.8746],[3.0936,49.869],[3.0841,49.8611],[3.0812,49.8463],[3.085,49.8246],[3.085,49.8143],[3.0808,49.8052],[3.0638,49.7946],[3.057,49.7883],[3.0568,49.7785],[3.0752,49.7705],[3.0949,49.7694],[3.1004,49.7659],[3.1052,49.754],[3.1103,49.7209],[3.1186,49.7058]]}},{"type":"Feature","properties":{"layer":"admin1"},"geometry":{"type":"MultiLineString","coordinates":[[[2.1337,44.1945],[2.1552,44.1906],[2.2043,44.1675],[2.2207,44.152],[2.2342,44.1437],[2.2748,44.1418],[2.2828,44.1386],[2.3017,44.1231],[2.346,44.1151],[2.3812,44.0998],[2.3948,44.0881],[2.4092,44.0599],[2.4103,44.0558],[2.4278,44.0497],[2.4601,44.0467],[2.4764,44.0345],[2.5216,43.9807],[2.5143,43.9643],[2.515,43.9509],[2.523,43.9395],[2.5378,43.9295],[2.5507,43.9175],[2.5661,43.8664],[2.5859,43.8295],[2.6138,43.7983],[2.6724,43.7533],[2.7069,43.7356],[2.7406,43.729]],[[1.9902,44.1493],[2.0202,44.1555],[2.1104,44.1929],[2.1337,44.1945]],[[2.8173,43.7547],[2.9036,43.7374],[2.9229,43.7228],[2.9345,43.6937]],[[2.7406,43.729],[2.7721,43.7355],[2.8173,43.7547]]]}},{"type":"Feature","properties":{"layer":"admin1"},"geometry":{"type":"MultiLineString","coordinates":[[[1.5557,43.9183],[1.5441,43.9144],[1.5224,43.9024],[1.5109,43.8995]],[[1.5109,43.8995],[1.504,43.9007],[1.4906,43.9064],[1.4839,43.9073]],[[1.4839,43.9073],[1.4742,43.9038],[1.4527,43.8828],[1.4401,43.8787]],[[1.4401,43.8787],[1.4275,43.8789],[1.4017,43.8839],[1.3736,43.8839]],[[1.3736,43.8839],[1.2996,43.8508],[1.3201,43.8379],[1.3469,43.8298],[1.3584,43.8213],[1.2462,43.7743],[1.2216,43.7738]],[[1.2216,43.7738],[1.1997,43.7869],[1.1833,43.8035],[1.1648,43.8156]],[[1.1648,43.8156],[1.1371,43.8154],[1.104,43.8046]],[[1.104,43.8046],[1.052,43.8057]],[[1.052,43.8057],[0.9539,43.7873]]]}},{"type":"Feature","properties":{"layer":"admin1"},"geometry":{"type":"MultiLineString","coordinates":[[[0.7642,44.0296],[0.7617,44.0416],[0.7571,44.0521],[0.7505,44.0603],[0.7417,44.067]],[[0.834,43.9193],[0.8019,43.9226],[0.7735,43.9314],[0.7601,43.9452],[0.7739,43.9504],[0.7864,43.9578],[0.8394,44.0083],[0.8484,44.0244],[0.8478,44.0397],[0.838,44.0505],[0.8189,44.0529]],[[0.8189,44.0529],[0.7717,44.0352],[0.7642,44.0296]],[[0.9539,43.7873],[0.8974,43.7885],[0.9064,43.8049],[0.9082,43.8161],[0.8955,43.8523],[0.8915,43.8908],[0.8847,43.9075],[0.8738,43.9196],[0.8583,43.9214]],[[0.8583,43.9214],[0.834,43.9193]]]}},{"type":"Feature","properties":{"layer":"admin1"},"geometry":{"type":"MultiLineString","coordinates":[[[1.1189,44.3927],[1.1287,44.3837],[1.1272,44.3697],[1.1154,44.3452],[1.117,44.3307],[1.1286,44.3162],[1.1468,44.3038],[1.217,44.2761],[1.2504,44.2698]],[[1.0645,44.3787],[1.1004,44.3915],[1.1189,44.3927]],[[1.6432,44.27],[1.6536,44.2743],[1.6845,44.3017],[1.7674,44.3282],[1.846,44.3308],[1.8821,44.34]],[[1.5908,44.2996],[1.6167,44.2976],[1.6221,44.2926],[1.6333,44.2739],[1.6432,44.27]],[[1.5449,44.2342],[1.5661,44.2347],[1.5812,44.2439],[1.5804,44.2582],[1.5685,44.2812],[1.5733,44.2946],[1.5908,44.2996]],[[1.4736,44.2841],[1.4909,44.2784],[1.5045,44.2713],[1.5161,44.261],[1.5276,44.2456],[1.5449,44.2342]],[[1.3643,44.2205],[1.4371,44.2495],[1.4581,44.2637],[1.4736,44.2841]],[[1.2851,44.2816],[1.2996,44.2689],[1.2962,44.2615],[1.2868,44.2507],[1.2808,44.2404],[1.2875,44.2341],[1.3397,44.2217],[1.3643,44.2205]],[[1.2504,44.2698],[1.2694,44.2805],[1.2851,44.2816]]]}},{"type":"Feature","properties":{"layer":"admin1"},"geometry":{"type":"LineString","coordinates":[[1.0641,44.3786],[1.0645,44.3787]]}},{"type":"Feature","properties":{"layer":"admin1"},"geometry":{"type":"LineString","coordinates":[[1.9774,44.1706],[1.9902,44.1493]]}},{"type":"Feature","properties":{"layer":"admin1"},"geometry":{"type":"LineString","coordinates":[[1.8821,44.34],[1.8707,44.3297],[1.8701,44.3175],[1.8722,44.3047],[1.8689,44.2926],[1.8922,44.2825],[1.9706,44.2763],[1.9627,44.2499],[1.9204,44.2352],[1.9083,44.2124],[1.9182,44.1899],[1.9742,44.1761],[1.9774,44.1706]]}},{"type":"Feature","properties":{"layer":"admin1"},"geometry":{"type":"MultiLineString","coordinates":[[[5.7542,43.4045],[5.7789,43.4101],[5.7134,43.4767],[5.7097,43.4861],[5.7107,43.498],[5.7258,43.537],[5.7251,43.5514],[5.7143,43.5622],[5.6965,43.5703],[5.682,43.5838],[5.6809,43.6108],[5.7073,43.6435],[5.7908,43.6612],[5.8132,43.6891],[5.7948,43.6964],[5.774,43.726],[5.7538,43.7321]],[[5.7057,43.4067],[5.7542,43.4045]],[[5.691,43.313],[5.6883,43.3225],[5.6879,43.3319],[5.6902,43.3404],[5.6958,43.3475],[5.7009,43.3585],[5.6974,43.372],[5.6827,43.3991],[5.7057,43.4067]],[[5.6722,43.1804],[5.6802,43.2144],[5.6919,43.2357],[5.712,43.2495],[5.7455,43.2622],[5.761,43.2786],[5.7482,43.2987],[5.7203,43.3132]],[[5.7203,43.3132],[5.691,43.313]]]}},{"type":"Feature","properties":{"layer":"admin1"},"geometry":{"type":"LineString","coordinates":[[5.7538,43.7321],[5.7536,43.7321]]}},{"type":"Feature","properties":{"layer":"admin1"},"geometry":{"type":"MultiLineString","coordinates":[[[6.6364,43.7889],[6.6481,43.7656],[6.6654,43.7526],[6.7124,43.7402],[6.7494,43.7382],[6.7574,43.7309],[6.7708,43.7015],[6.7722,43.691],[6.7683,43.6668],[6.7706,43.6594],[6.7752,43.6551],[6.8367,43.6131],[6.8531,43.6063]],[[6.8846,43.6097],[6.9002,43.6093],[6.912,43.5983],[6.9135,43.5832],[6.9069,43.5682],[6.8872,43.5424],[6.8787,43.5179],[6.89,43.501],[6.9332,43.4803]],[[6.8531,43.6063],[6.8679,43.6064],[6.8846,43.6097]]]}},{"type":"Feature","properties":{"layer":"admin1"},"geometry":{"type":"MultiLineString","coordinates":[[[4.9637,44.4289],[4.9787,44.4282],[4.9924,44.4231],[5.0322,44.3935],[5.0391,44.3862],[5.0434,44.3777],[5.0434,44.3679],[5.038,44.3615],[5.0219,44.3518],[5.014,44.343],[5.0012,44.3229],[4.9918,44.3156],[4.9806,44.3125],[4.897,44.3124]],[[4.897,44.3124],[4.888,44.3163],[4.8826,44.3232],[4.8807,44.332],[4.8819,44.3415],[4.8887,44.356],[4.9384,44.4164],[4.9499,44.4245],[4.9637,44.4289]]]}},{"type":"Feature","properties":{"layer":"admin1"},"geometry":{"type":"MultiLineString","coordinates":[[[5.5062,44.1218],[5.5026,44.0634]],[[5.5073,44.0672],[5.5185,44.0667],[5.5377,44.0609],[5.544,44.0498],[5.5436,44.0357],[5.5385,44.0212],[5.5084,43.9696],[5.508,43.9578],[5.5171,43.9469],[5.5301,43.943],[5.5619,43.9429],[5.5768,43.9362],[5.5862,43.9216],[5.5894,43.9043],[5.5855,43.8897],[5.5474,43.8382],[5.5447,43.8176]],[[5.5026,44.0634],[5.5073,44.0672]],[[5.6094,43.835],[5.6628,43.8121],[5.7536,43.7321]],[[5.5447,43.8176],[5.6094,43.835]]]}},{"type":"Feature","properties":{"layer":"admin1"},"geometry":{"type":"MultiLineString","coordinates":[[[-1.2697,47.0763],[-1.2312,47.067],[-1.1486,47.0295]],[[-1.3054,47.0392],[-1.2927,47.0555],[-1.2697,47.0763]],[[-1.3439,47.0451],[-1.3054,47.0392]],[[-1.4431,46.9336],[-1.4241,46.9358],[-1.3787,46.957],[-1.3703,46.9647],[-1.3646,46.9742],[-1.3624,46.986],[-1.368,47.024],[-1.3628,47.0359],[-1.3439,47.0451]],[[-1.4982,47.0354],[-1.4849,47.0343],[-1.4748,47.0263],[-1.468,47.0105],[-1.468,46.9556],[-1.4595,46.9404],[-1.4431,46.9336]],[[-1.5501,46.8599],[-1.5187,46.8683],[-1.5052,46.8802],[-1.5,46.8827],[-1.5177,46.9009],[-1.5394,46.9457],[-1.553,46.9934],[-1.5466,47.0201],[-1.4982,47.0354]],[[-1.9907,47.0354],[-1.9684,47.0252],[-1.9084,46.9773],[-1.8766,46.9594],[-1.7716,46.9245],[-1.7203,46.8846],[-1.705,46.8794],[-1.6518,46.8791],[-1.5501,46.8599]]]}},{"type":"Feature","properties":{"layer":"admin1"},"geometry":{"type":"MultiLineString","coordinates":[[[-1.1486,47.0295],[-1.0753,47.0072],[-1.0349,47.0032]],[[-0.9934,47.0204],[-0.9769,47.0134],[-0.9608,47.0029],[-0.946,47.0004]],[[-1.0349,47.0032],[-0.9934,47.0204]]]}},{"type":"Feature","properties":{"layer":"admin1"},"geometry":{"type":"MultiLineString","coordinates":[[[0.7964,46.1329],[0.7178,46.1385]],[[0.7178,46.1385],[0.7078,46.1367],[0.6975,46.1307],[0.681,46.1146],[0.6468,46.091],[0.5999,46.0828]],[[0.5999,46.0828],[0.5533,46.0907],[0.5197,46.1156],[0.5106,46.1262],[0.5003,46.1323],[0.4879,46.1337]],[[0.4879,46.1337],[0.4727,46.1302],[0.4635,46.1246],[0.4555,46.1159],[0.4437,46.0964],[0.4708,46.0811],[0.4573,46.0585],[0.4421,46.0535]],[[0.2867,46.0622],[0.2664,46.0663],[0.2216,46.09],[0.1974,46.0955]],[[0.4421,46.0535],[0.4028,46.0632]],[[0.4028,46.0632],[0.2867,46.0622]]]}},{"type":"Feature","properties":{"layer":"admin1"},"geometry":{"type":"MultiLineString","coordinates":[[[0.0139,46.8276],[0.0254,46.8357],[0.0278,46.8504],[0.0228,46.8586],[0.0023,46.8715],[-0.0132,46.8891],[-0.0412,46.9547],[-0.042,46.9639],[-0.0403,46.9716],[-0.0402,46.979],[-0.0455,46.987],[-0.0526,46.9908],[-0.0687,46.9932],[-0.0755,46.9966],[-0.0817,47.0048],[-0.0869,47.0329],[-0.109,47.0696]],[[-0.0026,46.8295],[0.0139,46.8276]],[[0.0665,46.3069],[0.0451,46.3179],[0.0267,46.3357],[0.0196,46.3522],[0.0218,46.3723],[0.0203,46.3786],[0.0158,46.3849],[-0.0036,46.3962],[-0.0146,46.4117],[-0.0113,46.4489],[-0.0146,46.4669],[-0.0189,46.4719],[-0.0295,46.4793],[-0.0337,46.4845],[-0.0357,46.4909],[-0.036,46.4976],[-0.034,46.5109],[-0.0298,46.5193],[-0.008,46.5386],[0.0172,46.5882],[0.0196,46.5965],[0.019,46.6064],[0.0141,46.6117],[-0.01,46.6174],[-0.0169,46.6212],[-0.0226,46.6265],[-0.0267,46.6334],[-0.0292,46.65],[-0.0248,46.6667],[-0.0159,46.6821],[0.0019,46.7031],[0.012,46.7255],[0.0139,46.7361],[0.0124,46.7454],[0.0074,46.752],[-0.0078,46.7619],[-0.0157,46.7716],[-0.0182,46.7846],[-0.0191,46.8117],[-0.0162,46.8284],[-0.0026,46.8295]],[[0.1974,46.0955],[0.1944,46.1064],[0.1975,46.1166],[0.2023,46.1265],[0.2047,46.1367],[0.1989,46.1512],[0.1858,46.1583],[0.1301,46.1746],[0.1176,46.1806],[0.1087,46.1888],[0.1067,46.1954],[0.1072,46.203],[0.1116,46.217],[0.1202,46.2311],[0.1563,46.2653],[0.17,46.2849],[0.1763,46.3089],[0.1711,46.3309],[0.1504,46.3445],[0.1305,46.3449]],[[0.1305,46.3449],[0.1122,46.3378],[0.0961,46.3256],[0.0828,46.3108],[0.0665,46.3069]]]}},{"type":"Feature","properties":{"layer":"admin1"},"geometry":{"type":"MultiLineString","coordinates":[[[5.7172,48.4628],[5.7361,48.4668],[5.7521,48.4777],[5.7652,48.4966]],[[5.6689,48.4663],[5.7172,48.4628]],[[5.5986,48.4379],[5.6149,48.4405],[5.6689,48.4663]],[[5.5679,48.4407],[5.5986,48.4379]],[[5.4792,48.4119],[5.5036,48.4179],[5.5538,48.4396],[5.5679,48.4407]],[[5.4552,48.4192],[5.4792,48.4119]]]}},{"type":"Feature","properties":{"layer":"admin1"},"geometry":{"type":"MultiLineString","coordinates":[[[3.2549,47.4909],[3.2395,47.4926],[3.2302,47.4988],[3.2116,47.516],[3.1912,47.5216],[3.1451,47.5254],[3.1273,47.5371],[3.1242,47.5456],[3.123,47.5649],[3.1185,47.5726],[3.1095,47.5773],[3.0987,47.5788]],[[3.0987,47.5788],[2.9944,47.5633]],[[2.9944,47.5633],[2.9693,47.5676]],[[3.8045,47.3859],[3.7159,47.4115],[3.6447,47.4567],[3.6251,47.4624],[3.6028,47.4624],[3.5873,47.4652],[3.5793,47.4758],[3.5727,47.4891],[3.5619,47.5001],[3.5307,47.5204],[3.501,47.554],[3.492,47.56]],[[3.492,47.56],[3.4943,47.5266],[3.4882,47.4938]],[[3.4882,47.4938],[3.4154,47.5088]],[[3.4154,47.5088],[3.3913,47.5066],[3.3601,47.486],[3.3459,47.4805]],[[3.3459,47.4805],[3.3324,47.4813],[3.2909,47.5013]],[[3.2909,47.5013],[3.2846,47.5008],[3.2549,47.4909]],[[3.8841,47.3674],[3.8689,47.374],[3.8679,47.386],[3.8769,47.4058],[3.8772,47.4171],[3.8728,47.4261],[3.8659,47.4314],[3.8573,47.4328]],[[3.8573,47.4328],[3.8475,47.4303],[3.8386,47.4242],[3.8334,47.4166],[3.8264,47.3983],[3.8207,47.3904],[3.8132,47.3865],[3.8045,47.3859]],[[4.0007,47.3123],[3.977,47.3269],[3.9657,47.3758],[3.9507,47.3931]],[[3.9507,47.3931],[3.8841,47.3674]],[[4.1061,47.3392],[4.0614,47.3416]],[[4.0614,47.3416],[4.048,47.3395],[4.0357,47.3313],[4.0278,47.3209],[4.0182,47.313],[4.0007,47.3123]]]}},{"type":"Feature","properties":{"layer":"admin1"},"geometry":{"type":"MultiLineString","coordinates":[[[4.2884,47.9243],[4.2703,47.8876],[4.2643,47.8679],[4.2627,47.8439]],[[4.2993,47.8465],[4.308,47.8451],[4.3131,47.8415],[4.3376,47.792],[4.3411,47.7745],[4.3303,47.7603],[4.2586,47.7339],[4.2562,47.7159],[4.2569,47.6875],[4.2507,47.6659],[4.2445,47.6558],[4.2192,47.6322],[4.2019,47.5996],[4.143,47.5251],[4.1262,47.5172],[4.1184,47.5047],[4.1172,47.4556],[4.103,47.4405],[4.0842,47.4351],[4.0751,47.4308],[4.0682,47.4245],[4.0649,47.415],[4.067,47.4054],[4.0809,47.3801],[4.0859,47.3781],[4.0915,47.3774],[4.0979,47.3745],[4.1021,47.3679],[4.1061,47.3392]],[[4.2627,47.8439],[4.2711,47.8459],[4.2993,47.8465]]]}},{"type":"Feature","properties":{"layer":"admin1"},"geometry":{"type":"MultiLineString","coordinates":[[[6.8248,47.5476],[6.8071,47.5629]],[[6.9392,47.4268],[6.9333,47.4486],[6.9144,47.487],[6.9137,47.4966],[6.9234,47.5211],[6.9192,47.5342],[6.9082,47.5446],[6.8938,47.5518],[6.8709,47.5526]],[[6.8709,47.5526],[6.8471,47.5477],[6.8248,47.5476]]]}},{"type":"Feature","properties":{"layer":"admin1"},"geometry":{"type":"LineString","coordinates":[[6.8071,47.5629],[6.8109,47.5764],[6.8102,47.5797],[6.8082,47.5828],[6.7991,47.5905],[6.7936,47.5971],[6.7897,47.6042],[6.7876,47.6119],[6.7882,47.6441],[6.7865,47.655],[6.7608,47.7138],[6.7591,47.7228],[6.7651,47.7529],[6.7848,47.78],[6.836,47.8242]]}},{"type":"Feature","properties":{"layer":"admin1"},"geometry":{"type":"MultiLineString","coordinates":[[[2.0017,48.5585],[2.0171,48.5641],[2.0291,48.579],[2.0363,48.5975],[2.037,48.6137],[2.0281,48.6526],[2.0313,48.6697],[2.0458,48.6868],[2.0566,48.6921],[2.0795,48.6942],[2.0902,48.6977],[2.0991,48.7078],[2.1075,48.7365],[2.1146,48.7491],[2.1236,48.756],[2.2087,48.7756],[2.2265,48.7761]],[[1.9664,48.5593],[2.0017,48.5585]],[[1.9193,48.4445],[1.9204,48.4614],[1.9489,48.5489],[1.9562,48.557],[1.9664,48.5593]]]}},{"type":"Feature","properties":{"layer":"admin1"},"geometry":{"type":"LineString","coordinates":[[2.3907,48.3136],[2.3906,48.3131]]}},{"type":"Feature","properties":{"layer":"admin1"},"geometry":{"type":"LineString","coordinates":[[2.5717,48.692],[2.576,48.6733],[2.5602,48.6596],[2.5382,48.6465],[2.524,48.6297],[2.5212,48.5799],[2.5153,48.5584],[2.4965,48.5165],[2.4963,48.4943],[2.5006,48.4764],[2.5028,48.4411],[2.5054,48.433],[2.5262,48.4207],[2.5157,48.4102],[2.486,48.3968],[2.3933,48.3277],[2.3913,48.3243],[2.3907,48.3136]]}},{"type":"Feature","properties":{"layer":"admin1"},"geometry":{"type":"MultiLineString","coordinates":[[[2.3026,48.7301],[2.29,48.7312],[2.2675,48.7552],[2.2397,48.7653],[2.2265,48.7761]],[[2.3208,48.7487],[2.314,48.7364],[2.3026,48.7301]]]}},{"type":"Feature","properties":{"layer":"admin1"},"geometry":{"type":"LineString","coordinates":[[2.2265,48.7761],[2.166,48.8178],[2.1525,48.8415],[2.1516,48.8829]]}},{"type":"Feature","properties":{"layer":"admin1"},"geometry":{"type":"LineString","coordinates":[[2.2548,48.8385],[2.332,48.8171]]}},{"type":"Feature","properties":{"layer":"admin1"},"geometry":{"type":"MultiLineString","coordinates":[[[2.3766,48.9012],[2.3916,48.897],[2.4142,48.8765],[2.4291,48.8691],[2.4734,48.8592]],[[2.2666,48.9011],[2.3766,48.9012]]]}},{"type":"Feature","properties":{"layer":"admin1"},"geometry":{"type":"LineString","coordinates":[[2.4734,48.8592],[2.4736,48.8592]]}},{"type":"Feature","properties":{"layer":"admin1"},"geometry":{"type":"LineString","coordinates":[[2.5531,49.0098],[2.5642,49.0073],[2.5743,49.0007],[2.5789,48.9914],[2.5732,48.9811],[2.5703,48.9706],[2.5923,48.9336],[2.5924,48.9188],[2.5876,48.9024],[2.5727,48.8736],[2.5711,48.858],[2.5891,48.8243],[2.5924,48.8075]]}},{"type":"Feature","properties":{"layer":"admin1"},"geometry":{"type":"MultiLineString","coordinates":[[[2.3887,48.7216],[2.3706,48.7245],[2.3403,48.7428],[2.3208,48.7487]],[[2.5547,48.6895],[2.5412,48.6939],[2.5302,48.7036],[2.5084,48.7304],[2.4946,48.7338]],[[2.4946,48.7338],[2.3887,48.7216]],[[2.5717,48.692],[2.5547,48.6895]]]}},{"type":"Feature","properties":{"layer":"admin1"},"geometry":{"type":"LineString","coordinates":[[2.3208,48.7487],[2.3165,48.7614],[2.3189,48.7829],[2.325,48.8045],[2.332,48.8171]]}},{"type":"Feature","properties":{"layer":"admin1"},"geometry":{"type":"MultiLineString","coordinates":[[[2.4434,48.8158],[2.4573,48.8213],[2.4652,48.8354],[2.4734,48.8592]],[[2.332,48.8171],[2.4434,48.8158]]]}},{"type":"Feature","properties":{"layer":"admin1"},"geometry":{"type":"LineString","coordinates":[[2.4734,48.8592],[2.4741,48.8613]]}},{"type":"Feature","properties":{"layer":"admin1"},"geometry":{"type":"LineString","coordinates":[[2.4736,48.8592],[2.515,48.8499],[2.5546,48.8325],[2.5924,48.8075]]}},{"type":"Feature","properties":{"layer":"admin1"},"geometry":{"type":"LineString","coordinates":[[2.5924,48.8075],[2.599,48.7483],[2.5937,48.7298],[2.5857,48.7202],[2.577,48.7133],[2.5712,48.7052],[2.5717,48.692]]}},{"type":"Feature","properties":{"layer":"admin1"},"geometry":{"type":"LineString","coordinates":[[2.5833,49.0845],[2.572,49.0675],[2.5664,49.0296],[2.5531,49.0098]]}},{"type":"Feature","properties":{"layer":"admin1"},"geometry":{"type":"MultiLineString","coordinates":[[[2.5531,49.0098],[2.525,48.9985],[2.4735,48.9626],[2.4412,48.9554]],[[2.4412,48.9554],[2.3463,48.9723]],[[2.3463,48.9723],[2.3188,48.9581]]]}},{"type":"Feature","properties":{"layer":"admin1"},"geometry":{"type":"MultiLineString","coordinates":[[[0.2943,49.4347],[0.2953,49.4315],[0.3039,49.3927],[0.3039,49.3637],[0.3073,49.3488],[0.3078,49.339],[0.3051,49.323],[0.305,49.3131],[0.3183,49.2943],[0.3254,49.2879],[0.3344,49.2845],[0.3552,49.2831],[0.3652,49.2811],[0.3746,49.2748],[0.3765,49.2686],[0.3722,49.2624],[0.3636,49.2577],[0.354,49.2541],[0.3397,49.2508],[0.3371,49.2491],[0.3358,49.2459],[0.3352,49.2378],[0.3388,49.2307],[0.3439,49.2237],[0.3507,49.2182],[0.3604,49.2139],[0.3715,49.2076],[0.3846,49.1951],[0.3956,49.1698],[0.4046,49.1559],[0.4209,49.1373],[0.4226,49.1304],[0.4184,49.1234],[0.4125,49.1161],[0.4081,49.1062],[0.41,49.0973],[0.4147,49.0874],[0.4159,49.0805],[0.4149,49.0763],[0.4106,49.0733],[0.4032,49.0724]],[[0.4032,49.0724],[0.3856,49.0743]],[[0.3856,49.0743],[0.378,49.0728],[0.3735,49.0655],[0.3745,49.058],[0.3779,49.0507],[0.3832,49.0444],[0.3903,49.0388],[0.4178,49.025],[0.4268,49.0162],[0.4305,49.0091],[0.4314,49.0034],[0.4313,49.0011],[0.4294,48.9932],[0.428,48.98],[0.4279,48.9656],[0.4265,48.9593],[0.4238,48.9532],[0.4172,48.9461]]]}},{"type":"Feature","properties":{"layer":"admin1"},"geometry":{"type":"MultiLineString","coordinates":[[[1.6897,49.6881],[1.6807,49.689],[1.6792,49.697],[1.6854,49.7096],[1.7195,49.7454],[1.7282,49.7526],[1.7462,49.7593],[1.7545,49.7656]],[[1.726,49.5031],[1.7197,49.5035],[1.7125,49.5099],[1.7093,49.5211],[1.7054,49.5552],[1.7016,49.5673],[1.6967,49.5774],[1.6931,49.6077],[1.6936,49.627],[1.6891,49.6339],[1.6839,49.6396],[1.6809,49.6451],[1.6875,49.651],[1.7077,49.658],[1.7191,49.6643],[1.7304,49.6767],[1.7349,49.6853],[1.7294,49.6938],[1.7208,49.6945]],[[1.7208,49.6945],[1.7102,49.6927],[1.6996,49.6897],[1.6897,49.6881]],[[1.718,49.411],[1.7166,49.4238],[1.7212,49.4358],[1.7308,49.451],[1.7375,49.4646],[1.7412,49.4692],[1.7435,49.4709],[1.7471,49.4714],[1.7535,49.4731],[1.7616,49.478],[1.7679,49.4899],[1.7695,49.4988],[1.7616,49.5084],[1.7518,49.5093]],[[1.7518,49.5093],[1.7415,49.5076],[1.7326,49.5044],[1.726,49.5031]]]}},{"type":"Feature","properties":{"layer":"admin1"},"geometry":{"type":"MultiLineString","coordinates":[[[-1.4335,48.4629],[-1.4483,48.4658],[-1.4581,48.4718],[-1.4658,48.4777],[-1.491,48.4893],[-1.4987,48.4949],[-1.5288,48.5307],[-1.5373,48.5446],[-1.54,48.5519],[-1.5429,48.5635],[-1.5454,48.5692],[-1.55,48.5742],[-1.5558,48.586],[-1.5718,48.6062],[-1.5802,48.6201],[-1.5831,48.6266],[-1.5847,48.6317],[-1.5885,48.6398],[-1.5897,48.6418]],[[-1.0791,48.4987],[-1.1051,48.5067],[-1.1207,48.5158],[-1.2228,48.5352],[-1.2478,48.537]],[[-1.2478,48.537],[-1.2657,48.5355],[-1.2738,48.5295],[-1.2875,48.5151],[-1.2949,48.5089],[-1.303,48.5041],[-1.3115,48.5009],[-1.3357,48.495],[-1.3454,48.4907],[-1.3659,48.4772],[-1.3817,48.4704],[-1.4102,48.4632],[-1.4335,48.4629]]]}},{"type":"Feature","properties":{"layer":"admin1"},"geometry":{"type":"MultiLineString","coordinates":[[[1.595,50.3727],[1.6039,50.369],[1.6309,50.3477],[1.6405,50.3434],[1.6537,50.339],[1.6683,50.3378]],[[1.7826,50.3573],[1.8037,50.3568],[1.8196,50.3547],[1.8384,50.3454],[1.8461,50.3398],[1.8599,50.3266],[1.87,50.3201],[1.8871,50.3138]],[[1.6683,50.3378],[1.6806,50.3387],[1.7418,50.354],[1.7826,50.3573]],[[1.9386,50.329],[1.9484,50.3252],[1.9521,50.3199],[1.9478,50.3137],[1.94,50.3081],[1.9351,50.3021],[1.936,50.2964],[2.0281,50.2644],[2.0461,50.2562],[2.0566,50.2485],[2.0576,50.2421],[2.0578,50.2352],[2.0617,50.2269],[2.0693,50.2185],[2.0852,50.2079],[2.0975,50.2042],[2.1129,50.2031]],[[1.8871,50.3138],[1.8986,50.3141],[1.9069,50.318],[1.9133,50.3234],[1.9215,50.3276],[1.9386,50.329]],[[2.3252,50.2402],[2.3329,50.2379],[2.3401,50.232],[2.3462,50.2243],[2.3549,50.2165],[2.3644,50.2142]],[[2.2288,50.2094],[2.2404,50.2102],[2.266,50.2167],[2.2885,50.2178],[2.3016,50.22],[2.3098,50.224],[2.313,50.2326],[2.3157,50.2372],[2.3252,50.2402]],[[2.3959,50.2278],[2.4103,50.2248],[2.456,50.2087],[2.467,50.2011],[2.4679,50.1942],[2.4603,50.1886],[2.4484,50.1828],[2.4154,50.1706],[2.3941,50.1594],[2.3815,50.1486],[2.3771,50.142],[2.3748,50.1358],[2.374,50.1292],[2.3745,50.1229],[2.3766,50.1166],[2.3801,50.1098],[2.3857,50.1031],[2.3959,50.096],[2.4057,50.0938]],[[2.3644,50.2142],[2.3718,50.2168],[2.3836,50.2261],[2.3959,50.2278]],[[2.2127,50.2104],[2.2288,50.2094]],[[2.1129,50.2031],[2.1745,50.2054],[2.2,50.2097],[2.2127,50.2104]],[[2.55,50.1344],[2.5671,50.1341],[2.5743,50.1294],[2.5742,50.124],[2.5705,50.1179],[2.5678,50.112],[2.5728,50.1059],[2.5849,50.1027],[2.6285,50.0975],[2.6499,50.0919],[2.6647,50.0863],[2.6768,50.0799],[2.6834,50.0781],[2.691,50.078]],[[2.5042,50.1228],[2.5188,50.1234],[2.529,50.1267],[2.538,50.1316],[2.55,50.1344]],[[2.7106,50.1286],[2.7196,50.126],[2.7284,50.1211],[2.743,50.1089],[2.7534,50.0985],[2.7628,50.0846],[2.7649,50.0782],[2.7639,50.072],[2.7598,50.0661],[2.7463,50.054],[2.7427,50.0477],[2.7474,50.0401],[2.756,50.0379]],[[2.691,50.078],[2.6972,50.081],[2.6988,50.0842],[2.6983,50.0887],[2.696,50.0945],[2.6963,50.1072],[2.6974,50.1139],[2.6991,50.1205],[2.7031,50.126],[2.7106,50.1286]],[[2.4812,50.1276],[2.5042,50.1228]],[[2.4057,50.0938],[2.4147,50.0959],[2.4203,50.101],[2.4282,50.1133],[2.433,50.1193],[2.4423,50.1248],[2.458,50.1276],[2.4812,50.1276]],[[3.0113,50.0766],[3.023,50.075],[3.0318,50.0726],[3.0883,50.05]],[[2.86,50.018],[2.8682,50.0185],[2.8888,50.0296],[2.9063,50.0343],[2.9451,50.0352],[2.9646,50.0381],[2.971,50.0424],[2.9747,50.0477],[2.9759,50.0531],[2.9736,50.0678],[2.9787,50.0726],[2.9896,50.0766],[3.0113,50.0766]],[[2.8324,50.0711],[2.8403,50.0689],[2.8454,50.064],[2.8493,50.0575],[2.851,50.0508],[2.8512,50.0437],[2.8496,50.0359],[2.8489,50.0285],[2.8524,50.0206],[2.86,50.018]],[[2.756,50.0379],[2.7663,50.0384],[2.7868,50.0473],[2.8229,50.0684],[2.8324,50.0711]]]}},{"type":"Feature","properties":{"layer":"admin1"},"geometry":{"type":"MultiLineString","coordinates":[[[3.0298,46.7909],[3.0292,46.7813],[3.0299,46.7764],[3.0312,46.772],[3.0329,46.7685],[3.0372,46.7627],[3.0515,46.7503],[3.0711,46.7392],[3.0903,46.7327],[3.098,46.7285],[3.1025,46.7272],[3.1079,46.7268]],[[3.5968,46.7429],[3.6249,46.7393]],[[3.4705,46.65],[3.4835,46.6508],[3.495,46.6541],[3.5369,46.6727],[3.5502,46.6765],[3.5599,46.6814],[3.5638,46.6917],[3.5647,46.6995],[3.5676,46.7063],[3.5799,46.7108],[3.5888,46.7158],[3.5937,46.7247],[3.5937,46.7323],[3.5949,46.7387],[3.5968,46.7429]],[[3.1176,46.7287],[3.1297,46.7285],[3.1474,46.7246],[3.1592,46.7186],[3.1856,46.6963],[3.1938,46.6906],[3.2042,46.6873],[3.216,46.6872]],[[3.1079,46.7268],[3.1176,46.7287]],[[3.4076,46.7114],[3.4335,46.7058],[3.4393,46.7001],[3.446,46.6871],[3.452,46.681],[3.457,46.6747],[3.4584,46.6686],[3.4573,46.6623],[3.4568,46.6562],[3.4607,46.6515],[3.4705,46.65]],[[3.3584,46.6846],[3.3683,46.6862],[3.3789,46.6925],[3.3904,46.7053],[3.3972,46.7096],[3.4076,46.7114]],[[3.2692,46.7025],[3.2855,46.7024],[3.313,46.699],[3.3285,46.6943],[3.3491,46.6859],[3.3584,46.6846]],[[3.216,46.6872],[3.256,46.701],[3.2692,46.7025]]]}},{"type":"Feature","properties":{"layer":"admin1"},"geometry":{"type":"MultiLineString","coordinates":[[[3.6249,46.7393],[3.6497,46.7076],[3.6526,46.7012],[3.6557,46.6907],[3.6579,46.6859],[3.6708,46.6766],[3.6734,46.6739],[3.6849,46.6638],[3.6888,46.6618],[3.6939,46.6602],[3.6987,46.6571],[3.7028,46.6515],[3.7077,46.6399],[3.7243,46.6227],[3.7363,46.6186],[3.74,46.6154],[3.743,46.6101],[3.7456,46.5933],[3.7447,46.5676],[3.7434,46.5635],[3.7394,46.5566],[3.7389,46.553],[3.7409,46.5493],[3.7485,46.5457],[3.7648,46.5418],[3.7673,46.5406],[3.7763,46.5347],[3.7805,46.533],[3.7909,46.5313],[3.7957,46.5298],[3.799,46.5277],[3.8021,46.5251],[3.8055,46.5231],[3.81,46.5219]],[[3.8249,46.523],[3.8301,46.5229],[3.8349,46.5219],[3.839,46.519],[3.8499,46.5092],[3.8648,46.5027],[3.8666,46.5011],[3.8706,46.4967],[3.8739,46.4946],[3.8782,46.4928],[3.9067,46.4872],[3.9367,46.4841],[3.9467,46.4813],[3.9586,46.4753],[3.9718,46.4706],[3.9743,46.4694],[3.9768,46.4669],[3.9788,46.4626],[3.9802,46.455],[3.9807,46.4482],[3.9821,46.4434],[3.9842,46.4398],[3.9867,46.4364],[3.9892,46.4318],[3.9895,46.4272],[3.9887,46.4225],[3.9791,46.3949],[3.9789,46.3882],[3.9799,46.3832],[3.9819,46.3803],[3.9844,46.3775],[3.9864,46.3745],[3.9876,46.3709],[3.9872,46.3663],[3.9859,46.3607],[3.9859,46.3562],[3.987,46.3526],[3.9889,46.3491],[3.9915,46.3457],[3.9951,46.3419],[3.9982,46.3394],[4,46.3375],[4.0013,46.3354],[4.0014,46.3323],[4.0008,46.3292],[3.9997,46.3263],[3.9881,46.3193],[3.9783,46.3122],[3.8865,46.2762]],[[3.81,46.5219],[3.8249,46.523]]]}},{"type":"Feature","properties":{"layer":"admin1"},"geometry":{"type":"MultiLineString","coordinates":[[[-0.0527,48.3806],[-0.0567,48.4316],[-0.0622,48.4394],[-0.0701,48.4472],[-0.079,48.4483],[-0.0882,48.4486],[-0.103,48.4533],[-0.1209,48.4632],[-0.1544,48.4899],[-0.1644,48.5032],[-0.1665,48.5145],[-0.1607,48.5217],[-0.1582,48.5328],[-0.1629,48.5399],[-0.1711,48.5451],[-0.2335,48.5613]],[[-0.2335,48.5613],[-0.2416,48.558],[-0.2445,48.5529],[-0.2433,48.5458],[-0.2414,48.5393],[-0.2439,48.533],[-0.2489,48.5268],[-0.2583,48.522],[-0.2713,48.5181]],[[-0.2713,48.5181],[-0.294,48.5185]],[[-0.294,48.5185],[-0.3081,48.5163],[-0.3191,48.5123],[-0.329,48.5031],[-0.3334,48.4979],[-0.3379,48.4937],[-0.3526,48.4919]],[[-0.3526,48.4919],[-0.4199,48.5041],[-0.4704,48.5071]],[[-0.4704,48.5071],[-0.4831,48.5063],[-0.4929,48.5047],[-0.501,48.5012],[-0.535,48.4763],[-0.5444,48.4716],[-0.5543,48.4683],[-0.641,48.4546]],[[-0.8096,48.4512],[-0.8169,48.4544],[-0.8222,48.4598],[-0.8349,48.4794],[-0.8462,48.4922],[-0.8627,48.5018]],[[-0.641,48.4546],[-0.6504,48.4565],[-0.6544,48.4615],[-0.6574,48.4675],[-0.6646,48.4727],[-0.6744,48.4732]],[[-0.6744,48.4732],[-0.7234,48.4645],[-0.7305,48.4619],[-0.7336,48.4564],[-0.7356,48.4502],[-0.7423,48.4445],[-0.7544,48.4413]],[[-0.7544,48.4413],[-0.7639,48.443],[-0.7717,48.4477],[-0.7784,48.4531],[-0.7858,48.457]],[[-0.7858,48.457],[-0.7939,48.4565],[-0.801,48.4535],[-0.8096,48.4512]]]}},{"type":"Feature","properties":{"layer":"admin1"},"geometry":{"type":"MultiLineString","coordinates":[[[-1.251,47.7804],[-1.3513,47.7919],[-1.3645,47.7955],[-1.3791,47.8023],[-1.3828,47.8089],[-1.3898,47.817],[-1.399,47.8211],[-1.4095,47.8236],[-1.4312,47.8252]],[[-1.4312,47.8252],[-1.4617,47.8234],[-1.4729,47.8193],[-1.4886,47.8084],[-1.592,47.7755],[-1.6129,47.7649],[-1.6218,47.759],[-1.6292,47.7528],[-1.6356,47.7462],[-1.6406,47.7395],[-1.6577,47.7296],[-1.6853,47.7185],[-1.8061,47.6923],[-1.8163,47.6922]],[[-1.8163,47.6922],[-1.8351,47.6947],[-1.8658,47.7028]],[[-1.8658,47.7028],[-1.9379,47.6847],[-1.9583,47.6758]],[[-1.9583,47.6758],[-1.9926,47.6765]],[[-1.9926,47.6765],[-2.0234,47.6729],[-2.0307,47.6712],[-2.0349,47.6695],[-2.0497,47.6612],[-2.081,47.6498],[-2.0885,47.6326]]]}},{"type":"Feature","properties":{"layer":"admin1"},"geometry":{"type":"MultiLineString","coordinates":[[[4.032,49.3598],[4.0409,49.362],[4.0466,49.3668],[4.0511,49.3752],[4.0541,49.3821],[4.0553,49.4073]],[[3.9019,49.3812],[3.9144,49.3797],[3.925,49.3766],[3.9534,49.3635],[3.9636,49.3621]],[[3.7026,49.1463],[3.7133,49.1473],[3.7237,49.1494],[3.734,49.1541],[3.7423,49.1607],[3.7467,49.1697],[3.7456,49.1753],[3.7417,49.1793],[3.725,49.1857],[3.7169,49.1905],[3.7111,49.1966],[3.7052,49.2017],[3.697,49.2039],[3.6882,49.2044],[3.6798,49.2056],[3.6753,49.21],[3.673,49.2159],[3.671,49.2227],[3.6672,49.2655],[3.6657,49.273],[3.6625,49.2808],[3.6519,49.2955],[3.6501,49.3028],[3.6682,49.3124],[3.7034,49.3245],[3.7877,49.3402],[3.8499,49.3458],[3.8575,49.3473],[3.861,49.3521],[3.8609,49.3584],[3.859,49.365],[3.859,49.3712],[3.8655,49.3767],[3.8779,49.381],[3.9019,49.3812]],[[3.996,49.3707],[4.0033,49.3701],[4.022,49.3616],[4.032,49.3598]],[[3.9636,49.3621],[3.974,49.3632],[3.9842,49.3693],[3.996,49.3707]],[[3.6596,49.1512],[3.7026,49.1463]],[[3.6042,49.0318],[3.5947,49.0333],[3.5875,49.0368],[3.5848,49.0413],[3.5839,49.0446],[3.5839,49.0495],[3.5844,49.0547],[3.5864,49.0603],[3.601,49.0668],[3.6085,49.0712],[3.6182,49.0794],[3.6261,49.0903],[3.6292,49.0988],[3.6291,49.1063],[3.6244,49.1197],[3.6233,49.1264],[3.624,49.1326],[3.6255,49.1384],[3.6295,49.143],[3.6359,49.1467],[3.6492,49.1506],[3.6596,49.1512]],[[3.4779,48.8501],[3.4923,48.8713],[3.5031,48.8844],[3.5118,48.8927],[3.5741,48.9335],[3.5817,48.9417],[3.5861,48.9517],[3.5906,48.959],[3.6019,48.966],[3.6199,48.9741],[3.6314,48.9879],[3.6481,48.9991],[3.6576,49.0034],[3.6658,49.0088],[3.6708,49.0155],[3.6713,49.0243],[3.6652,49.0297],[3.657,49.033],[3.6472,49.0342],[3.6368,49.0343]],[[3.6368,49.0343],[3.6042,49.0318]]]}},{"type":"Feature","properties":{"layer":"admin1"},"geometry":{"type":"MultiLineString","coordinates":[[[3.3954,48.4117],[3.4129,48.4021],[3.4164,48.3888],[3.4175,48.3804],[3.4213,48.3698],[3.4273,48.3666]],[[3.4449,48.37],[3.4616,48.3682],[3.4926,48.3564],[3.5097,48.3474],[3.5228,48.3387],[3.5876,48.2808],[3.5999,48.2672],[3.6067,48.2575],[3.6075,48.2508],[3.6067,48.2434],[3.6076,48.2384],[3.6129,48.2232],[3.6132,48.2172],[3.6109,48.2112],[3.6053,48.2054],[3.5875,48.1939],[3.5823,48.1878],[3.5816,48.181],[3.6181,48.1694],[3.6489,48.1513],[3.6658,48.1439],[3.6798,48.1422]],[[3.4273,48.3666],[3.4449,48.37]],[[3.7173,48.1623],[3.7332,48.1572],[3.7409,48.1507],[3.7445,48.1432],[3.7473,48.1358],[3.7523,48.1281],[3.7661,48.1197],[3.7832,48.1042],[3.8542,48.022],[3.8587,48.0153],[3.859,48.0098],[3.8523,48.0064],[3.8356,48.0042],[3.8305,48.0011],[3.8295,47.9986],[3.8317,47.9938],[3.8387,47.9898],[3.8587,47.9826],[3.8682,47.9824]],[[3.6798,48.1422],[3.6976,48.1459],[3.7017,48.1503],[3.7037,48.1559],[3.7082,48.1605],[3.7173,48.1623]],[[3.8869,47.9871],[3.8984,47.9864],[3.9033,47.9819],[3.9057,47.976],[3.9034,47.9555],[3.9042,47.9479],[3.9092,47.939],[3.9163,47.9338],[3.9251,47.9309],[3.952,47.9284]],[[3.8682,47.9824],[3.8869,47.9871]],[[4.2182,47.9724],[4.2236,47.9684],[4.2381,47.9498],[4.2555,47.9345],[4.2674,47.9279],[4.2766,47.9242]],[[4.203,47.9391],[4.2086,47.942],[4.2112,47.9472],[4.2117,47.9535],[4.2109,47.9597],[4.2109,47.9658],[4.2126,47.9703],[4.2182,47.9724]],[[4.1617,47.9541],[4.1754,47.9532],[4.1851,47.9482],[4.1953,47.9412],[4.203,47.9391]],[[4.1177,47.9322],[4.1275,47.9331],[4.1359,47.9354],[4.1413,47.9399],[4.1458,47.9455],[4.1521,47.9506],[4.1617,47.9541]],[[4.0679,47.9382],[4.0767,47.9372],[4.0964,47.9325],[4.1177,47.9322]],[[4.0289,47.9223],[4.0376,47.9227],[4.0458,47.9264],[4.0594,47.9361],[4.0679,47.9382]],[[3.9906,47.9313],[3.9983,47.9307],[4.0043,47.9296],[4.0203,47.9243],[4.0289,47.9223]],[[3.952,47.9284],[3.9906,47.9313]],[[4.2766,47.9242],[4.2884,47.9243]]]}},{"type":"Feature","properties":{"layer":"admin1"},"geometry":{"type":"MultiLineString","coordinates":[[[5.4461,48.3302],[5.4382,48.3314],[5.4322,48.3373],[5.4297,48.3475],[5.4286,48.3665],[5.4242,48.3733],[5.4224,48.3801],[5.4242,48.3881],[5.4439,48.4043],[5.4552,48.4192]],[[5.5938,48.2819],[5.5844,48.2838],[5.5723,48.2927],[5.5578,48.3062],[5.534,48.3339],[5.5197,48.3445],[5.5085,48.3507],[5.4871,48.3524]],[[5.4871,48.3524],[5.4781,48.3518],[5.4691,48.349],[5.4641,48.3443],[5.4596,48.3387],[5.4543,48.3337],[5.4461,48.3302]],[[5.8128,47.9572],[5.8043,47.9584],[5.7981,47.9642],[5.7958,47.9737],[5.7962,47.9813],[5.799,48.0012],[5.7978,48.0086],[5.7938,48.0157],[5.788,48.0225],[5.7766,48.0296],[5.7659,48.0334],[5.7554,48.0359],[5.7447,48.0401],[5.7322,48.0467],[5.716,48.0599],[5.6813,48.0828],[5.6629,48.0913],[5.6581,48.0955],[5.6593,48.1008],[5.664,48.1062],[5.6682,48.113],[5.6691,48.1221],[5.6885,48.1477],[5.6907,48.153],[5.6919,48.1581],[5.6927,48.1674],[5.694,48.1738],[5.6975,48.1805],[5.7043,48.1861],[5.7203,48.196],[5.7194,48.2031],[5.713,48.2114],[5.6941,48.2233],[5.6615,48.2386],[5.655,48.243],[5.6525,48.2477],[5.6517,48.2499],[5.6537,48.2603],[5.6531,48.2654],[5.6519,48.2691],[5.6496,48.2728],[5.6455,48.2761],[5.6379,48.2808],[5.6252,48.2841],[5.6142,48.2844]],[[5.6142,48.2844],[5.5938,48.2819]],[[5.8918,47.9326],[5.8492,47.9676]],[[5.8492,47.9676],[5.8285,47.9661],[5.8215,47.9607],[5.8128,47.9572]]]}},{"type":"Feature","properties":{"layer":"admin1"},"geometry":{"type":"MultiLineString","coordinates":[[[3.3792,44.9568],[3.3867,44.9535],[3.3906,44.9484],[3.3943,44.9351],[3.403,44.9147],[3.4601,44.8366],[3.4787,44.8217],[3.4928,44.816]],[[3.3697,44.9542],[3.3792,44.9568]],[[3.6255,44.8766],[3.6435,44.8743],[3.6542,44.8694],[3.6612,44.8627],[3.6625,44.8562],[3.6605,44.8502],[3.656,44.8441],[3.6532,44.8385],[3.6551,44.8335],[3.6613,44.8309],[3.7164,44.8248],[3.7287,44.8209],[3.7378,44.8162],[3.7653,44.7947],[3.7951,44.7762],[3.8084,44.771],[3.8233,44.7676],[3.8292,44.7649],[3.8353,44.7601],[3.842,44.7571],[3.8479,44.7551],[3.8722,44.7509]],[[3.4928,44.816],[3.5066,44.8221],[3.5158,44.8248],[3.5263,44.8265],[3.5603,44.8276],[3.5695,44.8291],[3.5785,44.8331],[3.5841,44.8385],[3.5875,44.8452],[3.5885,44.8591],[3.5899,44.8655],[3.5946,44.871],[3.6023,44.8747],[3.6129,44.8766],[3.6255,44.8766]]]}},{"type":"Feature","properties":{"layer":"admin1"},"geometry":{"type":"LineString","coordinates":[[5.311,46.4554],[5.3321,46.4635],[5.4034,46.4749],[5.4126,46.4786],[5.4205,46.4837],[5.4246,46.491],[5.4241,46.4989],[5.4156,46.5076],[5.4066,46.5129],[5.3794,46.5225],[5.3743,46.5252],[5.3695,46.5291],[5.3645,46.5369],[5.3611,46.5466],[5.3611,46.5596],[5.3637,46.5687],[5.3689,46.5762],[5.3757,46.5812],[5.3933,46.5872],[5.4017,46.5909],[5.4069,46.5966],[5.41,46.6032],[5.4114,46.6116],[5.4135,46.6187],[5.4177,46.6251],[5.423,46.6315],[5.4244,46.6438],[5.4207,46.662],[5.4006,46.7153],[5.3943,46.7273],[5.3757,46.7382],[5.3704,46.7447],[5.3729,46.7529],[5.3844,46.7653],[5.3864,46.7714],[5.3834,46.7778],[5.373,46.7849],[5.363,46.7896],[5.3547,46.7949],[5.3495,46.8011],[5.3502,46.8097],[5.3558,46.8158],[5.3648,46.8202],[5.376,46.8224],[5.4371,46.8281],[5.4456,46.8323],[5.4515,46.8385],[5.4557,46.8448],[5.4588,46.8508],[5.4583,46.8563],[5.4444,46.8607],[5.4233,46.8651],[5.4149,46.8697],[5.4058,46.8776],[5.3949,46.8834],[5.3808,46.886],[5.3684,46.8871],[5.3513,46.8926],[5.3302,46.9031],[5.275,46.9442],[5.2502,46.981]]}},{"type":"Feature","properties":{"layer":"admin1"},"geometry":{"type":"MultiLineString","coordinates":[[[5.5763,47.6569],[5.5867,47.6579],[5.6827,47.6806],[5.6924,47.6857],[5.7009,47.6931],[5.7042,47.7055],[5.7034,47.7146],[5.7008,47.7234],[5.7009,47.7333],[5.7036,47.7449],[5.7099,47.7641],[5.7084,47.7753],[5.7,47.792],[5.7043,47.8011],[5.716,47.8129],[5.821,47.8635],[5.833,47.8712],[5.8525,47.8943],[5.8608,47.9011],[5.8729,47.905],[5.8829,47.9064],[5.8921,47.9091],[5.8964,47.9144],[5.8978,47.9193],[5.8918,47.9326]],[[5.4837,47.6823],[5.5013,47.6819],[5.555,47.6602],[5.5659,47.6577],[5.5763,47.6569]],[[5.3749,47.6078],[5.4069,47.6587],[5.4131,47.6657],[5.4207,47.6711],[5.4334,47.6741],[5.4435,47.6745],[5.4669,47.6774],[5.4837,47.6823]]]}},{"type":"Feature","properties":{"layer":"admin1"},"geometry":{"type":"MultiLineString","coordinates":[[[6.2685,47.932],[6.2438,47.9322],[6.2285,47.9372],[6.2136,47.9443],[6.1959,47.9483],[6.1861,47.9528],[6.1819,47.9582],[6.1836,47.9702],[6.1827,47.9768],[6.1768,47.9844],[6.1669,47.9921],[6.1469,48.0016],[6.0994,48.0087]],[[6.0994,48.0087],[6.0833,48.0074],[6.071,48.0044],[6.0638,48.0002],[6.0527,47.991],[6.0344,47.9726],[6.0263,47.9673],[6.0015,47.9564],[5.99,47.9479],[5.9823,47.9437],[5.9709,47.9409]],[[5.9709,47.9409],[5.9656,47.9444],[5.9645,47.9499],[5.9685,47.9628],[5.9678,47.9693],[5.9666,47.975],[5.9617,47.9793],[5.9551,47.9797]],[[5.9551,47.9797],[5.9486,47.9764],[5.943,47.9713],[5.9261,47.9481],[5.9222,47.9441],[5.911,47.9372],[5.8918,47.9326]],[[6.5378,47.8999],[6.5183,47.9008],[6.5065,47.9025],[6.4987,47.9047],[6.412,47.9423],[6.3734,47.953]],[[6.3734,47.953],[6.3224,47.9505],[6.3042,47.9464],[6.2927,47.9395],[6.2828,47.9348],[6.2685,47.932]],[[6.836,47.8242],[6.7615,47.8625],[6.7407,47.8761],[6.7278,47.8815],[6.6965,47.8899],[6.685,47.8956],[6.6754,47.9025],[6.6557,47.921],[6.6372,47.9351],[6.6246,47.9403],[6.6138,47.9413]],[[6.6138,47.9413],[6.6063,47.9374],[6.6011,47.9322],[6.5918,47.9196],[6.5851,47.9135],[6.5765,47.908],[6.5657,47.904],[6.5526,47.9012],[6.5378,47.8999]]]}},{"type":"Feature","properties":{"layer":"admin1"},"geometry":{"type":"LineString","coordinates":[[6.8689,47.819],[6.8417,47.8212],[6.836,47.8242]]}},{"type":"Feature","properties":{"layer":"admin1"},"geometry":{"type":"MultiLineString","coordinates":[[[7.0973,49.0657],[7.1127,49.0619],[7.1192,49.0564],[7.1235,49.0499],[7.1327,49.0209],[7.1373,49.015],[7.1454,49.0099],[7.1558,49.0056],[7.1963,48.9982],[7.2349,48.9872],[7.2755,48.98],[7.2844,48.9775],[7.2914,48.9733],[7.2947,48.9675],[7.2968,48.9609],[7.3018,48.9547],[7.3099,48.9501],[7.3202,48.9468],[7.3417,48.9434]],[[7.111,48.7891],[7.1032,48.7925],[7.0989,48.7981],[7.0931,48.8107],[7.0885,48.8163],[7.0815,48.82],[7.0749,48.8245],[7.0749,48.8316],[7.0804,48.8399],[7.0967,48.8525],[7.0964,48.858],[7.0905,48.8615],[7.0714,48.8641],[7.0152,48.8823],[6.9996,48.8894],[6.9934,48.8933],[6.9862,48.8987],[6.9811,48.9049],[6.978,48.9113],[6.9771,48.9175],[6.9783,48.9237],[6.9808,48.9301],[6.9851,48.9369],[6.9915,48.9439],[7.001,48.9516],[7.0373,48.9719],[7.0429,48.9773],[7.0446,48.9814],[7.0449,48.9858],[7.0449,48.9911],[7.0455,48.9958],[7.0464,48.9988],[7.047,49.0002],[7.0551,49.0115],[7.0616,49.0176],[7.0773,49.0295],[7.0825,49.0353],[7.0832,49.0412],[7.0777,49.0541],[7.0787,49.0602],[7.0864,49.0646],[7.0973,49.0657]],[[7.5546,48.9379],[7.5641,48.9396],[7.5729,48.9437],[7.581,48.9512],[7.5896,48.9612],[7.6114,48.9962],[7.6449,49.0363]],[[7.4806,48.959],[7.4907,48.9589],[7.5,48.9569],[7.5093,48.9534],[7.5362,48.9405],[7.5452,48.938],[7.5546,48.9379]],[[7.3417,48.9434],[7.3739,48.9444],[7.4806,48.959]],[[7.0887,48.5234],[7.0981,48.5292],[7.193,48.5335],[7.2015,48.5366],[7.2084,48.5478],[7.2137,48.5532],[7.2534,48.5684],[7.2629,48.5758],[7.2705,48.5842],[7.2773,48.5973],[7.2858,48.6217],[7.2975,48.6449],[7.3004,48.6556],[7.2948,48.6614],[7.2866,48.6651],[7.2767,48.6681],[7.2688,48.672],[7.2648,48.6777],[7.2649,48.6849],[7.2727,48.6958],[7.2889,48.7107],[7.3133,48.7408],[7.3166,48.7477],[7.3172,48.7508],[7.3177,48.7559],[7.3167,48.7595],[7.3143,48.7648],[7.3099,48.7703],[7.3041,48.7755],[7.2476,48.8184],[7.239,48.8216],[7.2221,48.8254],[7.2163,48.8298],[7.2151,48.8351],[7.2151,48.841],[7.214,48.8468],[7.2109,48.8517],[7.2044,48.8542]],[[7.2044,48.8542],[7.1969,48.8527],[7.1916,48.8474],[7.189,48.8386],[7.1888,48.831],[7.1839,48.8246],[7.1754,48.8203],[7.1627,48.8183],[7.1551,48.8161],[7.1467,48.8127],[7.1351,48.7989],[7.1293,48.7931],[7.1201,48.7894],[7.111,48.7891]]]}},{"type":"Feature","properties":{"layer":"admin1"},"geometry":{"type":"MultiLineString","coordinates":[[[6.8689,47.819],[6.8702,47.8023],[6.8754,47.7968],[6.8827,47.791],[7.0237,47.7357],[7.0399,47.725],[7.0503,47.7156],[7.0554,47.7031],[7.0588,47.6802],[7.0587,47.6735],[7.0579,47.6664],[7.056,47.6599],[7.0531,47.6531],[7.0489,47.6462],[7.0436,47.6395],[7.0265,47.6236],[7.0237,47.6195],[7.0223,47.614],[7.0234,47.606],[7.0292,47.5995],[7.0373,47.5959],[7.0466,47.5958]],[[7.0564,47.5966],[7.0674,47.5953],[7.0798,47.5909],[7.1342,47.5497],[7.1429,47.5403],[7.1487,47.532],[7.1505,47.5253],[7.1515,47.5191],[7.1513,47.5128],[7.1505,47.508],[7.1465,47.4993],[7.1423,47.488],[7.1422,47.4877]],[[7.0466,47.5958],[7.0564,47.5966]]]}},{"type":"Feature","properties":{"layer":"admin1"},"geometry":{"type":"MultiLineString","coordinates":[[[4.4627,45.2365],[4.4778,45.2259],[4.4782,45.2181],[4.476,45.2072],[4.4738,45.2007],[4.4682,45.1884],[4.4494,45.1634],[4.4459,45.1572],[4.4431,45.1509],[4.4418,45.1446],[4.4407,45.132],[4.4395,45.1256],[4.4358,45.1198],[4.43,45.1159]],[[4.43,45.1159],[4.42,45.1168],[4.4138,45.121],[4.4073,45.1265],[4.4003,45.131],[4.3923,45.1341],[4.3839,45.136]],[[4.3839,45.136],[4.376,45.1356],[4.37,45.1329],[4.3686,45.1256],[4.3728,45.1193],[4.3838,45.107],[4.3835,45.1013],[4.3767,45.0947],[4.3636,45.088],[4.3517,45.0763],[4.3478,45.0684],[4.3502,45.0611],[4.3638,45.0501],[4.3686,45.0441],[4.3677,45.0381],[4.3602,45.033],[4.344,45.0292],[4.3213,45.0276],[4.3114,45.0257],[4.3019,45.0211],[4.2923,45.0113],[4.2896,45.0047],[4.2889,45.0013],[4.2896,44.9999],[4.291,44.9981],[4.2985,44.9876],[4.3,44.9802],[4.2966,44.9742],[4.2829,44.9686],[4.2521,44.9601]],[[4.2521,44.9601],[4.2316,44.9637]],[[4.2316,44.9637],[4.2233,44.9635],[4.2154,44.9589],[4.2112,44.95],[4.2063,44.9354],[4.2029,44.9288],[4.1933,44.9145],[4.1693,44.8863],[4.1624,44.8802],[4.1535,44.8754],[4.1397,44.8726],[4.1107,44.871],[4.0693,44.8638]],[[4.0693,44.8638],[4.0406,44.8665]],[[4.0406,44.8665],[4.0314,44.8653],[4.0235,44.8611],[4.0178,44.8503],[4.0159,44.8426],[4.0134,44.8361],[4.0047,44.8328],[3.9991,44.8315],[3.9911,44.8308],[3.9737,44.8257],[3.9648,44.8247],[3.956,44.8228],[3.9475,44.8184],[3.9036,44.7677],[3.8977,44.7623],[3.8938,44.758],[3.8722,44.7509]]]}},{"type":"Feature","properties":{"layer":"admin1"},"geometry":{"type":"MultiLineString","coordinates":[[[3.8865,46.2762],[3.895,46.2632],[3.8983,46.2527],[3.8987,46.2508],[3.8987,46.2493],[3.8955,46.2254],[3.8957,46.2188],[3.8977,46.2132],[3.9037,46.2089],[3.9124,46.2058],[3.936,46.2011],[3.9459,46.1975],[3.9715,46.1819],[3.9799,46.1781],[3.9917,46.1764]],[[4.289,46.1727],[4.3,46.174],[4.3123,46.1766],[4.3284,46.182],[4.3543,46.1969],[4.3839,46.2248]],[[4.0753,46.1936],[4.093,46.1912],[4.1337,46.1819],[4.143,46.1814]],[[3.9917,46.1764],[4.0066,46.1769],[4.0637,46.1927],[4.0753,46.1936]],[[4.1917,46.1899],[4.2397,46.182],[4.2703,46.1737],[4.2795,46.1728],[4.289,46.1727]],[[4.143,46.1814],[4.1537,46.1824],[4.1796,46.1888],[4.1917,46.1899]]]}},{"type":"Feature","properties":{"layer":"admin1"},"geometry":{"type":"MultiLineString","coordinates":[[[3.994,44.4579],[4.0218,44.4395],[4.0364,44.4174],[4.0497,44.4035],[4.0508,44.3953],[4.0464,44.3898],[4.0404,44.3847],[4.0361,44.3756],[4.041,44.363],[4.0443,44.3311],[4.0499,44.3252],[4.0578,44.3238]],[[4.3731,44.3397],[4.3864,44.3389],[4.394,44.3344],[4.3967,44.3283],[4.3951,44.3217],[4.3925,44.3155],[4.3922,44.3082],[4.3956,44.3011],[4.4074,44.2927],[4.4181,44.2905]],[[4.2511,44.2818],[4.2597,44.2837],[4.2673,44.288],[4.2789,44.299],[4.2856,44.304],[4.3117,44.3157],[4.3338,44.3307],[4.3422,44.3337],[4.3731,44.3397]],[[4.4958,44.3381],[4.5208,44.3368],[4.5506,44.3271],[4.5552,44.323],[4.5571,44.3199],[4.5599,44.3174],[4.5677,44.3135],[4.5711,44.3113],[4.5759,44.3058],[4.5795,44.3036],[4.5852,44.3007],[4.6124,44.2906],[4.6578,44.2817]],[[4.4181,44.2905],[4.4294,44.2917],[4.4387,44.2959],[4.4451,44.3011],[4.4485,44.3069],[4.45,44.3131],[4.4508,44.326],[4.4557,44.3318],[4.4656,44.336],[4.4958,44.3381]],[[4.1202,44.3329],[4.1306,44.3317],[4.1354,44.3285],[4.1408,44.3216],[4.149,44.3172],[4.1605,44.3147],[4.229,44.2853],[4.2401,44.2825],[4.2511,44.2818]],[[4.0938,44.3274],[4.1025,44.3277],[4.1202,44.3329]],[[4.0848,44.3287],[4.0938,44.3274]],[[4.0578,44.3238],[4.076,44.3286],[4.0848,44.3287]]]}},{"type":"Feature","properties":{"layer":"admin1"},"geometry":{"type":"MultiLineString","coordinates":[[[5.5099,46.2607],[5.4826,46.2662],[5.4752,46.2701],[5.4699,46.2769],[5.4688,46.2865],[5.4703,46.2951],[5.4728,46.3024],[5.4745,46.3095],[5.4739,46.3155],[5.4691,46.3203],[5.4478,46.3225],[5.4396,46.325],[5.4266,46.3386],[5.4139,46.3428],[5.3918,46.3469],[5.383,46.3523],[5.3754,46.3604],[5.3703,46.3737],[5.3678,46.3831],[5.3639,46.3914],[5.3535,46.3991],[5.3448,46.4029],[5.3203,46.4084],[5.3113,46.4199],[5.311,46.4554]],[[6.059,46.4174],[6.0174,46.3862],[6.0103,46.3789],[6.003,46.3698],[5.9689,46.3448],[5.9648,46.3405],[5.9521,46.3233],[5.9482,46.3203],[5.943,46.3172],[5.9343,46.3131],[5.9276,46.308],[5.9222,46.3023],[5.9157,46.2967],[5.8809,46.2755],[5.8719,46.2719],[5.8617,46.2696],[5.8396,46.2674]],[[5.8396,46.2674],[5.7305,46.2712],[5.7217,46.2736],[5.7144,46.2777],[5.7107,46.2861],[5.7115,46.2933],[5.7076,46.302],[5.6978,46.3121],[5.6506,46.3416],[5.6479,46.344]],[[5.6479,46.344],[5.6289,46.3337],[5.6256,46.3313],[5.6174,46.3225],[5.614,46.3203],[5.6062,46.3167],[5.603,46.3142],[5.6005,46.3111],[5.5976,46.3034],[5.5954,46.3],[5.5917,46.2981],[5.5869,46.2973],[5.5762,46.2966],[5.5718,46.2955],[5.5679,46.2935],[5.565,46.2909],[5.5566,46.282],[5.5527,46.2797],[5.5482,46.2775],[5.5276,46.2714],[5.5209,46.2668],[5.5185,46.2638],[5.5147,46.262],[5.5099,46.2607]]]}},{"type":"Feature","properties":{"layer":"admin1"},"geometry":{"type":"LineString","coordinates":[[1.4928,48.9395],[1.488,48.9517],[1.4866,48.958],[1.4879,48.9655],[1.4883,48.9733],[1.4827,48.9766],[1.4742,48.9782],[1.4644,48.9789],[1.4565,48.981],[1.4515,48.9862],[1.4507,48.9922],[1.4521,48.9975],[1.4551,49.0056],[1.4556,49.0092],[1.4554,49.0149],[1.4531,49.0215],[1.4435,49.0357],[1.4445,49.0427],[1.454,49.0486],[1.5812,49.0686],[1.6199,49.0826]]}},{"type":"Feature","properties":{"layer":"admin1"},"geometry":{"type":"MultiLineString","coordinates":[[[1.6981,49.2307],[1.7125,49.2215],[1.7155,49.2142],[1.7186,49.2036],[1.7254,49.1958],[1.7375,49.1895],[1.749,49.1871],[1.7601,49.1859],[1.7921,49.1859],[1.839,49.1754],[1.868,49.1728],[1.8857,49.1678]],[[2.0716,49.2119],[2.081,49.2107],[2.0889,49.2064],[2.0959,49.2006],[2.1087,49.1943],[2.1346,49.185]],[[1.8857,49.1678],[1.9204,49.174],[1.9676,49.1749],[1.9875,49.1775],[2.0021,49.1824],[2.0448,49.2036],[2.0572,49.2085],[2.0716,49.2119]],[[2.1498,49.1855],[2.1738,49.182],[2.2378,49.1631],[2.253,49.1614]],[[2.1346,49.185],[2.1498,49.1855]],[[2.3187,49.1796],[2.3349,49.1764],[2.5092,49.1126],[2.5188,49.1122]],[[2.253,49.1614],[2.2665,49.1619],[2.3006,49.1764],[2.3187,49.1796]],[[2.5357,49.1178],[2.5434,49.115],[2.5492,49.1101],[2.5533,49.1046],[2.5621,49.0961],[2.5833,49.0845]],[[2.5188,49.1122],[2.5357,49.1178]]]}},{"type":"Feature","properties":{"layer":"admin1"},"geometry":{"type":"MultiLineString","coordinates":[[[3.3464,48.3715],[3.355,48.3743],[3.3697,48.3931],[3.3954,48.4117]],[[3.3078,48.3779],[3.3174,48.3769],[3.3367,48.3721],[3.3464,48.3715]],[[3.2065,48.3662],[3.3078,48.3779]],[[3.1306,48.3723],[3.1795,48.37],[3.1908,48.3668],[3.2065,48.3662]],[[3.0924,48.3609],[3.0987,48.3619],[3.1063,48.3666],[3.1117,48.369],[3.1204,48.3713],[3.1306,48.3723]],[[3.0423,48.3618],[3.0924,48.3609]],[[2.9256,48.1559],[2.93,48.1696],[2.9326,48.182],[2.9368,48.1939],[2.9406,48.1995],[2.9474,48.2054],[2.9586,48.2107],[2.9905,48.2212],[3.0023,48.2293],[3.0076,48.2359],[3.0163,48.2493],[3.0174,48.2507],[3.0236,48.2566],[3.0279,48.262],[3.0299,48.2683],[3.0265,48.2745],[3.0206,48.2807],[3.0158,48.2873],[3.0135,48.2941],[3.0124,48.3007],[3.0124,48.3076],[3.0132,48.3142],[3.0155,48.3206],[3.0192,48.3266],[3.0243,48.3323],[3.0267,48.3379],[3.029,48.347],[3.0318,48.3545],[3.0358,48.3582],[3.0423,48.3618]]]}},{"type":"Feature","properties":{"layer":"admin1"},"geometry":{"type":"MultiLineString","coordinates":[[[3.4545,48.8154],[3.464,48.8172],[3.4716,48.8233],[3.4753,48.8288],[3.4779,48.8501]],[[3.4208,48.8159],[3.4545,48.8154]],[[3.4044,48.7496],[3.3988,48.7502],[3.3972,48.751],[3.3955,48.7539],[3.3949,48.7602],[3.3988,48.7702],[3.4058,48.7777],[3.4185,48.7852],[3.4256,48.7905],[3.4247,48.7957],[3.4106,48.8036],[3.4064,48.8086],[3.4093,48.8131],[3.4208,48.8159]],[[3.4674,48.6388],[3.4593,48.6424],[3.4562,48.6501],[3.455,48.6623],[3.4633,48.6856],[3.4616,48.696],[3.4554,48.7121],[3.4539,48.718],[3.4513,48.7244],[3.4464,48.73],[3.4383,48.734],[3.4309,48.739],[3.4259,48.7461],[3.423,48.749],[3.4205,48.7504],[3.4158,48.7507]],[[3.4158,48.7507],[3.4044,48.7496]],[[3.5378,48.6134],[3.5153,48.6335],[3.5082,48.6417],[3.5012,48.6436],[3.4953,48.6437]],[[3.4953,48.6437],[3.4768,48.6392],[3.4674,48.6388]]]}},{"type":"Feature","properties":{"layer":"admin1"},"geometry":{"type":"MultiLineString","coordinates":[[[-0.946,47.0004],[-0.9094,46.9824],[-0.896,46.9713],[-0.8829,46.9526],[-0.8728,46.9423],[-0.8464,46.9317],[-0.8336,46.9193],[-0.8298,46.9105],[-0.828,46.8901],[-0.8212,46.8734],[-0.8124,46.8628],[-0.8034,46.8548],[-0.7458,46.8299],[-0.7241,46.8165],[-0.7156,46.8079],[-0.712,46.802],[-0.7133,46.7973],[-0.7161,46.7917],[-0.7258,46.7787],[-0.7247,46.7675],[-0.7161,46.751],[-0.6892,46.7213],[-0.6623,46.683],[-0.6578,46.6732],[-0.655,46.6648],[-0.6545,46.6581],[-0.655,46.6509],[-0.653,46.6425],[-0.6475,46.6321],[-0.6354,46.6219],[-0.6294,46.6139],[-0.6268,46.6066],[-0.6251,46.5864],[-0.6172,46.557],[-0.616,46.5476],[-0.6183,46.5412],[-0.6235,46.5356],[-0.631,46.5314],[-0.6372,46.5249],[-0.6401,46.5149],[-0.6241,46.4614],[-0.6235,46.4549],[-0.625,46.4485],[-0.6324,46.4329],[-0.6339,46.4228],[-0.6299,46.4085],[-0.6235,46.4032]],[[-0.6108,46.4066],[-0.6035,46.4062],[-0.5693,46.387],[-0.5578,46.3774],[-0.5553,46.3697],[-0.5582,46.3623],[-0.5654,46.357],[-0.5727,46.3547],[-0.578,46.3543]],[[-0.6235,46.4032],[-0.6167,46.4039],[-0.6108,46.4066]],[[-0.578,46.3543],[-0.5858,46.3555],[-0.5942,46.356]],[[-0.5942,46.356],[-0.6033,46.3553],[-0.6121,46.3521],[-0.6419,46.3288],[-0.6495,46.3257],[-0.6561,46.325]],[[-0.6561,46.325],[-0.6853,46.3253]],[[-0.6853,46.3253],[-0.6953,46.3235],[-0.7222,46.3136],[-0.7291,46.3095],[-0.7448,46.3035],[-0.7566,46.3012]]]}},{"type":"Feature","properties":{"layer":"admin1"},"geometry":{"type":"MultiLineString","coordinates":[[[1.4928,48.9395],[1.4528,48.923],[1.4481,48.9173],[1.4453,48.9096],[1.4542,48.8884],[1.4542,48.8806],[1.4514,48.8708],[1.4442,48.8638],[1.4355,48.859],[1.4119,48.8515],[1.3952,48.8444],[1.3724,48.8308],[1.362,48.8211],[1.3553,48.8113],[1.3516,48.8014],[1.3441,48.7877],[1.3341,48.7802],[1.3237,48.7754],[1.3,48.7683],[1.2582,48.7516],[1.253,48.7503],[1.249,48.7497]],[[1.1839,48.7557],[1.1731,48.7561],[1.1628,48.7574],[1.1537,48.7604],[1.1261,48.7764],[1.1143,48.7791]],[[1.1143,48.7791],[1.1089,48.7782],[1.105,48.7741],[1.1053,48.7615],[1.1029,48.7559],[1.0968,48.7524],[1.0903,48.7508],[1.0873,48.7503],[1.0855,48.7502]],[[1.249,48.7497],[1.2474,48.75],[1.2377,48.7542],[1.2292,48.7568],[1.2189,48.7578]],[[1.2189,48.7578],[1.1839,48.7557]],[[1.0855,48.7502],[1.0648,48.7516]],[[1.0648,48.7516],[1.0529,48.7508],[1.0389,48.7477],[1.0303,48.7425],[1.0237,48.7357],[1.0184,48.7286],[1.0094,48.7209],[0.9995,48.7176],[0.9885,48.7164]],[[0.9885,48.7164],[0.9786,48.7172]],[[0.9786,48.7172],[0.968,48.7171],[0.8727,48.699],[0.8597,48.6943],[0.8488,48.6883],[0.8164,48.6651]]]}},{"type":"Feature","properties":{"layer":"admin1"},"geometry":{"type":"LineString","coordinates":[[0.7984,48.186],[0.8102,48.1908],[0.8175,48.195],[0.8246,48.2012],[0.8274,48.209],[0.8232,48.2195],[0.8173,48.228],[0.8001,48.2477],[0.7981,48.2504],[0.7968,48.2532],[0.7959,48.2602],[0.7961,48.2688],[0.7981,48.2814],[0.7979,48.2895],[0.7936,48.2961],[0.7858,48.3002],[0.7789,48.3054],[0.7751,48.3129],[0.7789,48.3242],[0.7838,48.3314],[0.7886,48.335],[0.7962,48.3365],[0.8136,48.3379],[0.8271,48.3403],[0.8949,48.3594],[0.9165,48.3687],[0.9449,48.3876],[0.9503,48.3929],[0.9567,48.4067],[0.9607,48.4133],[0.9664,48.4195],[0.9746,48.4261],[0.9798,48.4331],[0.9787,48.441],[0.9677,48.4513],[0.9592,48.4578],[0.9531,48.4636],[0.9491,48.4695],[0.9469,48.479],[0.9464,48.4863],[0.9472,48.4931],[0.9498,48.4998],[0.9508,48.5014],[0.9519,48.5043],[0.953,48.5093],[0.9511,48.5157],[0.9455,48.523],[0.8926,48.562],[0.8636,48.574],[0.8504,48.583],[0.8329,48.6046],[0.8228,48.6206],[0.8164,48.6651]]}},{"type":"Feature","properties":{"layer":"admin1"},"geometry":{"type":"MultiLineString","coordinates":[[[3.002,46.7902],[2.9758,46.7932]],[[2.9758,46.7932],[2.9314,46.7832],[2.8676,46.7544],[2.8615,46.7503],[2.8546,46.7401],[2.8489,46.7334],[2.8381,46.7259]],[[3.0298,46.7909],[3.002,46.7902]],[[2.7727,46.7133],[2.7388,46.723],[2.7337,46.7279],[2.7302,46.7321],[2.7222,46.7343]],[[2.7222,46.7343],[2.7159,46.7309],[2.7002,46.7173],[2.6706,46.6987],[2.6533,46.6901],[2.628,46.6893],[2.622,46.6861],[2.6212,46.6807],[2.6253,46.6673],[2.6197,46.6614],[2.6101,46.6602]],[[2.8381,46.7259],[2.8284,46.7266],[2.8178,46.7292],[2.8055,46.7307]],[[2.8055,46.7307],[2.7959,46.7274],[2.7807,46.7146],[2.7727,46.7133]],[[2.6101,46.6602],[2.5869,46.6613]],[[2.5869,46.6613],[2.5809,46.6597],[2.5768,46.6559],[2.5762,46.6506],[2.5796,46.6447],[2.5914,46.634],[2.5934,46.6287],[2.5922,46.625],[2.5847,46.6148],[2.5833,46.6081],[2.5855,46.6014],[2.5914,46.5946],[2.6063,46.582],[2.6121,46.5755],[2.6158,46.5699],[2.6175,46.5658],[2.6184,46.5613],[2.6186,46.5566],[2.6173,46.552],[2.6135,46.5495],[2.5296,46.5322],[2.4828,46.53],[2.4546,46.5246],[2.4453,46.5245]],[[2.4453,46.5245],[2.4353,46.5259]],[[2.4353,46.5259],[2.4195,46.5252],[2.3996,46.5218],[2.3401,46.5006],[2.3248,46.484],[2.3155,46.4766],[2.3065,46.473],[2.2984,46.472],[2.2916,46.4684],[2.2873,46.4634],[2.2798,46.4511],[2.2539,46.4198]]]}},{"type":"Feature","properties":{"layer":"admin1"},"geometry":{"type":"LineString","coordinates":[[3.0298,46.7909],[3.0343,46.8121],[3.0352,46.8149],[3.0403,46.8231],[3.0639,46.8529],[3.07,46.863],[3.0732,46.8703],[3.0723,46.8778],[3.0711,46.8813],[3.0695,46.8849],[3.059,46.9004],[3.0566,46.9052],[3.0542,46.9133],[3.0545,46.9185],[3.0559,46.923],[3.0642,46.9405],[3.0728,46.9633],[3.0756,46.974],[3.0754,46.9814],[3.074,46.9894],[3.0708,47.0012],[3.0706,47.0266],[3.0684,47.0455],[3.0664,47.0485],[3.0638,47.0511],[3.0605,47.0538],[3.0412,47.065],[3.0364,47.0687],[3.0316,47.0758],[3.0308,47.0833],[3.0316,47.0918],[3.0343,47.1069],[3.0344,47.1149],[3.0335,47.1222],[3.0268,47.1401],[3.0248,47.1438],[3.0132,47.174],[2.9983,47.2028],[2.9913,47.2127],[2.9899,47.2161],[2.9804,47.2519],[2.9769,47.2605],[2.972,47.2669],[2.9679,47.2696],[2.9514,47.2776],[2.9446,47.2822],[2.9191,47.3052],[2.9157,47.3074],[2.9114,47.3092],[2.9013,47.3119],[2.8968,47.3136],[2.8928,47.3157],[2.8883,47.319],[2.8836,47.3235],[2.8774,47.3318],[2.875,47.3371],[2.8746,47.3415],[2.8758,47.3449],[2.8849,47.3579],[2.8971,47.3683],[2.9089,47.3837],[2.9114,47.3887],[2.9126,47.392],[2.916,47.399],[2.923,47.4087],[2.9247,47.4124],[2.9321,47.4402],[2.9318,47.4478],[2.9303,47.4529],[2.9252,47.4587],[2.9078,47.474],[2.9019,47.4819],[2.8929,47.5001],[2.8818,47.5146],[2.8747,47.5205]]}},{"type":"Feature","properties":{"layer":"admin1"},"geometry":{"type":"LineString","coordinates":[[0.2418,47.6029],[0.2184,47.5605],[0.2143,47.5485],[0.2148,47.5353],[0.2213,47.5171],[0.223,47.5097],[0.2218,47.5022],[0.1902,47.4535],[0.1856,47.4396],[0.174,47.4147],[0.1718,47.405],[0.1783,47.3862],[0.1771,47.3774],[0.1499,47.3456],[0.1215,47.3201],[0.1102,47.3068],[0.1053,47.2991],[0.0995,47.2867],[0.0815,47.2302],[0.0668,47.1537]]}},{"type":"Feature","properties":{"layer":"admin1"},"geometry":{"type":"MultiLineString","coordinates":[[[1.8752,48.4441],[1.8497,48.4504],[1.801,48.4678],[1.785,48.4768],[1.7738,48.4858],[1.7645,48.4998],[1.7638,48.5012],[1.763,48.5081],[1.7648,48.5226],[1.7647,48.5286],[1.7638,48.5356],[1.7616,48.5435],[1.7578,48.5522],[1.748,48.5621],[1.7362,48.5681],[1.718,48.5751],[1.7094,48.582],[1.7053,48.5887],[1.7034,48.6031],[1.6981,48.612],[1.6852,48.6194],[1.6348,48.6429],[1.6201,48.6535],[1.6114,48.6637],[1.6025,48.6814],[1.5946,48.687],[1.5789,48.6929],[1.5761,48.698],[1.5752,48.704],[1.5781,48.7107],[1.5839,48.7171],[1.5993,48.73],[1.6044,48.7371],[1.6063,48.7452],[1.6064,48.7486],[1.6055,48.7506],[1.5766,48.7619],[1.5705,48.768],[1.5677,48.7729],[1.5662,48.7832],[1.566,48.7874],[1.5667,48.7927],[1.5679,48.7987],[1.573,48.8135],[1.5752,48.8227],[1.5752,48.8318],[1.5704,48.8454],[1.5625,48.8544],[1.547,48.8684],[1.4928,48.9395]],[[1.9193,48.4445],[1.9111,48.4492]],[[1.9111,48.4492],[1.8752,48.4441]]]}},{"type":"Feature","properties":{"layer":"admin1"},"geometry":{"type":"MultiLineString","coordinates":[[[0.0668,47.1537],[0.0769,47.1406],[0.0826,47.1346],[0.087,47.1274],[0.0921,47.1218],[0.1001,47.1186]],[[0.1287,47.1273],[0.1355,47.127],[0.1403,47.121],[0.14,47.1149],[0.1388,47.1084],[0.1403,47.103],[0.1472,47.0988]],[[0.1001,47.1186],[0.1122,47.12],[0.1287,47.1273]],[[0.1834,47.1044],[0.1918,47.1023],[0.1959,47.0947],[0.1967,47.0868],[0.1948,47.0791],[0.1923,47.0722],[0.1908,47.0655],[0.1922,47.0598],[0.2001,47.0555],[0.2139,47.0554]],[[0.1472,47.0988],[0.1602,47.0992],[0.1834,47.1044]],[[0.2493,47.0636],[0.2579,47.0634],[0.2649,47.0603],[0.2708,47.0496],[0.2772,47.0453],[0.2987,47.044],[0.307,47.0426],[0.3104,47.0379],[0.3118,47.0322],[0.3107,47.0197],[0.3042,46.9995],[0.3025,46.9804],[0.3036,46.9659],[0.3053,46.9585],[0.3082,46.9515],[0.3154,46.9442],[0.3267,46.9385],[0.3453,46.9357]],[[0.2139,47.0554],[0.2269,47.0575],[0.2493,47.0636]],[[0.5724,47.0039],[0.5844,47.0013],[0.6399,46.977],[0.6608,46.9709],[0.6718,46.966],[0.682,46.9583],[0.6928,46.9429],[0.7134,46.9001],[0.8315,46.7794],[0.8737,46.7562],[0.8808,46.7505]],[[0.4339,46.9327],[0.444,46.9354],[0.4513,46.9396],[0.4573,46.9444],[0.4654,46.9475],[0.4837,46.9508],[0.5631,46.9533],[0.5727,46.955],[0.5813,46.9581],[0.5835,46.9615],[0.5837,46.965],[0.5825,46.9684],[0.581,46.9717],[0.579,46.9749],[0.5766,46.9777],[0.5737,46.9805],[0.5715,46.9835],[0.5703,46.987],[0.5695,46.9944],[0.5695,46.9976],[0.5691,47.0007],[0.5701,47.0016],[0.5724,47.0039]],[[0.3887,46.9389],[0.4339,46.9327]],[[0.3453,46.9357],[0.3887,46.9389]]]}},{"type":"Feature","properties":{"layer":"admin1"},"geometry":{"type":"MultiLineString","coordinates":[[[2.7826,44.8619],[2.7758,44.8631],[2.773,44.8675],[2.7745,44.8801],[2.7745,44.8865],[2.7731,44.8932],[2.7701,44.9],[2.7641,44.9067],[2.7501,44.9183],[2.7444,44.9244],[2.7399,44.9311],[2.7345,44.9347],[2.7267,44.9354]],[[2.7267,44.9354],[2.594,44.835],[2.59,44.8283],[2.5881,44.8218],[2.5858,44.8086],[2.5835,44.8023],[2.5778,44.7946],[2.5545,44.7721],[2.5434,44.755],[2.5408,44.7489],[2.5372,44.7297],[2.534,44.7232],[2.5295,44.7172],[2.5236,44.7115],[2.4934,44.688],[2.4825,44.6755],[2.4716,44.6682],[2.4547,44.6616],[2.4224,44.6588]],[[2.9801,44.6443],[2.9463,44.6651],[2.9395,44.6713],[2.9337,44.6776],[2.9258,44.6908],[2.9213,44.7041],[2.9199,44.7108],[2.9182,44.7311],[2.9168,44.7378],[2.9145,44.7443],[2.9102,44.7508],[2.9069,44.7568],[2.91,44.7618],[2.9171,44.7653],[2.9266,44.7686],[2.9286,44.7733],[2.9266,44.7781],[2.921,44.7818],[2.9162,44.7837],[2.8937,44.7884],[2.8853,44.7919],[2.8786,44.7972],[2.8741,44.8033],[2.867,44.8235],[2.8619,44.8302],[2.8411,44.8486],[2.8301,44.8646],[2.8256,44.8662],[2.8206,44.867]],[[2.8206,44.867],[2.8119,44.8665],[2.7826,44.8619]],[[2.3401,44.6519],[2.3321,44.6566],[2.3275,44.662],[2.3213,44.6672],[2.3119,44.669]],[[2.3119,44.669],[2.3005,44.6687],[2.2392,44.654],[2.2299,44.653],[2.2142,44.6472],[2.2053,44.6223]],[[2.4224,44.6588],[2.3847,44.6589],[2.3735,44.6602],[2.3676,44.6603]],[[2.3676,44.6603],[2.3613,44.6587],[2.3526,44.6541],[2.3462,44.6519],[2.3401,44.6519]]]}},{"type":"Feature","properties":{"layer":"admin1"},"geometry":{"type":"MultiLineString","coordinates":[[[1.7026,43.2667],[1.6965,43.2439],[1.6987,43.2368],[1.7094,43.2167],[1.7121,43.2059],[1.7136,43.1897],[1.7191,43.1834],[1.7268,43.1784],[1.7361,43.1738],[1.7572,43.1601],[1.7664,43.1553],[1.7749,43.1522],[1.8407,43.137],[1.8557,43.1321],[1.8806,43.1203],[1.8964,43.118],[1.9249,43.1167],[1.9347,43.1118],[1.9454,43.1038],[1.9527,43.0957],[1.9576,43.087],[1.9606,43.0767],[1.9603,43.0691],[1.9557,43.0625],[1.9488,43.057],[1.9436,43.0513],[1.9427,43.0458],[1.9484,43.0404],[1.9676,43.0299],[1.9735,43.0228],[1.9774,43.0151],[1.9817,43.0001],[1.9915,42.9762],[1.9923,42.9673],[1.9895,42.9605],[1.9823,42.9567],[1.9741,42.9543],[1.956,42.9508],[1.9479,42.9478],[1.9422,42.9424],[1.9416,42.9351],[1.9476,42.93],[1.969,42.9196],[1.9746,42.9134],[1.9785,42.9064],[1.9852,42.8791],[1.9856,42.8731],[1.9838,42.8677],[1.9772,42.8637],[1.9301,42.8493],[1.9201,42.8486]],[[1.9201,42.8486],[1.9021,42.8493]],[[1.9021,42.8493],[1.8941,42.8482],[1.8869,42.8443],[1.8815,42.8382],[1.8766,42.8315],[1.8703,42.8246],[1.8655,42.8159],[1.8691,42.8103],[1.8756,42.8075],[1.8843,42.8062],[1.893,42.8035],[1.9014,42.7988],[1.9102,42.7906],[1.9139,42.7834],[1.9142,42.775],[1.9128,42.7672],[1.9127,42.7566],[1.918,42.7521],[1.9249,42.7493],[1.9329,42.7471],[1.9561,42.7346],[1.9645,42.732],[1.9735,42.7308]],[[2.0657,42.745],[2.0751,42.7439],[2.0862,42.7381],[2.0934,42.7303],[2.1006,42.7185],[2.1082,42.7117],[2.1166,42.7071],[2.136,42.7018],[2.1465,42.698],[2.1577,42.6914],[2.1646,42.684],[2.1684,42.6765],[2.1688,42.6701],[2.1666,42.6644],[2.1661,42.6638]],[[1.9735,42.7308],[1.9918,42.7314],[2.0556,42.7443],[2.0657,42.745]]]}},{"type":"Feature","properties":{"layer":"admin1"},"geometry":{"type":"MultiLineString","coordinates":[[[0.6359,45.7103],[0.6009,45.6873],[0.5844,45.6711],[0.5649,45.6479],[0.5549,45.6421],[0.5447,45.6408]],[[0.5447,45.6408],[0.5351,45.6419]],[[0.5351,45.6419],[0.5234,45.6393],[0.5172,45.6345],[0.5138,45.6282],[0.5126,45.6215],[0.5133,45.5994],[0.5126,45.591],[0.5107,45.5821],[0.5048,45.5681],[0.4984,45.5599],[0.4743,45.5373],[0.4446,45.4995],[0.4339,45.4892],[0.4249,45.4839]],[[0.4249,45.4839],[0.4189,45.484],[0.4101,45.4855]],[[0.4101,45.4855],[0.3895,45.4803],[0.2883,45.4285],[0.2809,45.4225],[0.2753,45.4163],[0.269,45.4042],[0.2563,45.3662],[0.2536,45.3535],[0.2531,45.34],[0.2566,45.313],[0.2556,45.3051],[0.2494,45.293],[0.2382,45.284],[0.2202,45.2722],[0.206,45.2669],[0.1791,45.2596],[0.173,45.2553],[0.1698,45.2519],[0.1684,45.2475],[0.1599,45.231],[0.152,45.2235],[0.1425,45.2179],[0.1335,45.2149],[0.1246,45.214]],[[0.1246,45.214],[0.1166,45.2155],[0.1003,45.2212],[0.0918,45.2227]],[[0.0918,45.2227],[0.0828,45.2224],[0.0728,45.2204],[0.0003,45.192]]]}},{"type":"Feature","properties":{"layer":"admin1"},"geometry":{"type":"MultiLineString","coordinates":[[[-0.1097,43.5748],[-0.0897,43.5645],[-0.0795,43.5452],[-0.0718,43.5396],[-0.061,43.5348],[-0.0535,43.5293],[-0.0473,43.5222],[-0.0227,43.4794],[-0.0178,43.4679],[-0.0163,43.4591],[-0.0198,43.454],[-0.0269,43.4513]],[[-0.0269,43.4513],[-0.0355,43.4518],[-0.0434,43.4532]],[[-0.0434,43.4532],[-0.0497,43.4499],[-0.0522,43.4408],[-0.049,43.4212],[-0.0421,43.4148],[-0.0342,43.4144]],[[-0.0078,43.4342],[0.0022,43.4333],[0.007,43.4286],[0.009,43.422],[0.0056,43.3847],[0.0089,43.3711],[0.0221,43.3489],[0.0232,43.3392],[0.0188,43.3324],[0.0112,43.3288],[-0.0078,43.3251],[-0.0147,43.3221],[-0.0216,43.3165],[-0.0275,43.3103],[-0.0325,43.3017],[-0.0358,43.2919],[-0.0369,43.2769],[-0.0279,43.2581],[-0.0263,43.2535],[-0.0272,43.2479],[-0.0302,43.242],[-0.035,43.2359],[-0.0422,43.2294],[-0.0592,43.2175],[-0.0664,43.2115],[-0.0706,43.204],[-0.0772,43.1813],[-0.0807,43.1725],[-0.0859,43.1659],[-0.0927,43.1636]],[[-0.0342,43.4144],[-0.0273,43.4196],[-0.0216,43.4256],[-0.0152,43.4307],[-0.0078,43.4342]],[[-0.0927,43.1636],[-0.1054,43.1665]],[[-0.1054,43.1665],[-0.1109,43.1648],[-0.1182,43.1588],[-0.1322,43.134],[-0.1389,43.125],[-0.1479,43.1187],[-0.1564,43.1143],[-0.1768,43.1071],[-0.1839,43.102],[-0.1914,43.0918],[-0.1926,43.0768],[-0.1919,43.0657],[-0.185,43.0465],[-0.1896,43.0394],[-0.1987,43.0342],[-0.209,43.0328],[-0.2378,43.0325],[-0.2461,43.0305],[-0.2532,43.0263],[-0.265,43.0154],[-0.2816,43.0032],[-0.2883,42.9947],[-0.29,42.9876],[-0.2886,42.9805],[-0.2836,42.9659],[-0.2828,42.9563],[-0.2842,42.9408],[-0.2894,42.9316],[-0.297,42.9236],[-0.3052,42.9168],[-0.3125,42.9081],[-0.3159,42.9009],[-0.317,42.8939],[-0.3171,42.8873],[-0.3151,42.8738],[-0.3088,42.8484],[-0.3052,42.831],[-0.3051,42.8308]]]}},{"type":"Feature","properties":{"layer":"admin1"},"geometry":{"type":"MultiLineString","coordinates":[[[2.4701,45.389],[2.4764,45.3896],[2.4822,45.3918],[2.4887,45.397],[2.4988,45.4177],[2.5186,45.4792]],[[2.3838,45.414],[2.3912,45.4133],[2.3956,45.4119],[2.4037,45.4083],[2.4178,45.3997],[2.4414,45.3923],[2.4701,45.389]],[[2.0587,44.9751],[2.0815,44.983],[2.1172,44.9859],[2.1251,44.9885],[2.1316,44.9927],[2.1339,44.9975],[2.1346,44.9998],[2.1341,45.0019],[2.1327,45.0054],[2.1296,45.0107],[2.1098,45.0367],[2.1065,45.0434],[2.1074,45.0509],[2.1136,45.0585],[2.1519,45.0794],[2.1607,45.0862],[2.1681,45.0947],[2.1754,45.1077],[2.1791,45.1171],[2.185,45.1277],[2.2069,45.1595],[2.2097,45.1709],[2.2073,45.1803],[2.2007,45.187],[2.1949,45.194],[2.1921,45.2015],[2.1914,45.2099],[2.1926,45.2168],[2.1946,45.2237],[2.233,45.2453],[2.2376,45.2499],[2.2437,45.271],[2.246,45.2748],[2.2505,45.2772],[2.2695,45.2805],[2.2898,45.2888],[2.2977,45.2931],[2.3304,45.3313],[2.3383,45.3336],[2.3435,45.3363],[2.3478,45.3397],[2.3546,45.3526],[2.367,45.3689],[2.3684,45.3725],[2.369,45.3766],[2.3692,45.3804],[2.3687,45.3846],[2.3675,45.388],[2.3655,45.391],[2.3627,45.3936],[2.3594,45.3959],[2.3557,45.398],[2.3523,45.4004],[2.35,45.4031],[2.3518,45.4066],[2.3579,45.4101],[2.3745,45.4136],[2.3838,45.414]]]}},{"type":"Feature","properties":{"layer":"admin1"},"geometry":{"type":"LineString","coordinates":[[2.5186,45.4792],[2.5024,45.4872],[2.4994,45.491],[2.4966,45.501],[2.496,45.5151],[2.4969,45.5336],[2.4954,45.5452],[2.4889,45.5561],[2.4725,45.5687],[2.4671,45.576],[2.4651,45.5846],[2.476,45.6177],[2.4814,45.6237],[2.4889,45.6272],[2.5086,45.6327],[2.5144,45.6366],[2.5183,45.6407],[2.5205,45.6444],[2.5221,45.6492],[2.5239,45.6593],[2.5255,45.6769],[2.5255,45.6915],[2.5247,45.6977],[2.5155,45.7135],[2.4899,45.7361]]}},{"type":"Feature","properties":{"layer":"admin1"},"geometry":{"type":"MultiLineString","coordinates":[[[2.4311,46.2737],[2.4246,46.2751],[2.4185,46.2825],[2.4153,46.2887],[2.4111,46.2994],[2.4058,46.305],[2.3968,46.3101],[2.3684,46.3139],[2.349,46.3184],[2.3397,46.3226],[2.3317,46.3291],[2.3238,46.3462],[2.3217,46.3568],[2.316,46.3667],[2.2885,46.3855],[2.2539,46.4198]],[[2.5667,46.1359],[2.5584,46.1521],[2.5377,46.1755],[2.5313,46.1855],[2.527,46.1943],[2.521,46.2158],[2.5146,46.2258],[2.4741,46.2714],[2.4634,46.2799],[2.4494,46.2834]],[[2.4494,46.2834],[2.4411,46.2809],[2.4311,46.2737]]]}},{"type":"Feature","properties":{"layer":"admin1"},"geometry":{"type":"MultiLineString","coordinates":[[[2.4923,45.8684],[2.498,45.8689],[2.5016,45.8699],[2.5058,45.8729],[2.5199,45.8871],[2.5261,45.8924],[2.5337,45.8969],[2.5419,45.9035],[2.5486,45.9126],[2.5557,45.9283],[2.5618,45.9381],[2.5678,45.9464],[2.5751,45.9531],[2.5901,45.9642],[2.5953,45.9712],[2.5933,45.9858],[2.594,45.9951],[2.5937,45.9995],[2.5977,46.0099],[2.5974,46.0173],[2.5946,46.0269],[2.5858,46.0408],[2.5689,46.0623],[2.5638,46.0702],[2.5612,46.0819],[2.5602,46.0908],[2.5667,46.1359]],[[2.4733,45.8709],[2.4923,45.8684]],[[2.4899,45.7361],[2.4842,45.7412],[2.4763,45.7459],[2.471,45.7507],[2.4691,45.752],[2.4597,45.754],[2.4519,45.7546],[2.4442,45.7568],[2.4386,45.7615],[2.4353,45.7677],[2.4312,45.7809],[2.4277,45.7876],[2.4224,45.7941],[2.401,45.8142],[2.3982,45.8218],[2.4006,45.8292],[2.4116,45.8381],[2.4322,45.8469],[2.4422,45.8531],[2.4538,45.8637],[2.464,45.8687],[2.4733,45.8709]]]}},{"type":"Feature","properties":{"layer":"admin1"},"geometry":{"type":"MultiLineString","coordinates":[[[0.7964,46.1329],[0.8057,46.1065],[0.8073,46.0986],[0.8073,46.092],[0.8056,46.0797],[0.8056,46.0736],[0.8065,46.0673],[0.8091,46.0605],[0.8135,46.0536],[0.8474,46.0201],[0.8553,46.0169],[0.8631,46.0166]],[[0.8774,46.0224],[0.8852,46.022],[0.8918,46.0171],[0.8975,46.0109],[0.9241,45.9737],[0.9238,45.9657],[0.9182,45.9574],[0.902,45.9463],[0.8895,45.9394],[0.8766,45.9338],[0.8656,45.9301],[0.8549,45.9277],[0.8453,45.9269]],[[0.8631,46.0166],[0.8774,46.0224]],[[0.8453,45.9269],[0.826,45.9273]],[[0.826,45.9273],[0.8172,45.9258],[0.8101,45.9219],[0.8062,45.9115],[0.8071,45.8961],[0.807,45.8902],[0.8044,45.8824],[0.8006,45.8732],[0.7987,45.8663],[0.7942,45.8246],[0.7892,45.8095],[0.7858,45.8026],[0.7807,45.797],[0.7742,45.7928],[0.753,45.7925]],[[0.753,45.7925],[0.7438,45.7948],[0.7272,45.8026]],[[0.7272,45.8026],[0.7188,45.8019],[0.711,45.7972],[0.7034,45.7841],[0.6963,45.775],[0.6846,45.766],[0.666,45.7556],[0.6589,45.7505],[0.6359,45.7103]]]}},{"type":"Feature","properties":{"layer":"admin1"},"geometry":{"type":"MultiLineString","coordinates":[[[2.1551,46.4237],[2.2539,46.4198]],[[2.1392,46.4214],[2.1551,46.4237]]]}},{"type":"Feature","properties":{"layer":"admin1"},"geometry":{"type":"MultiLineString","coordinates":[[[1.7707,46.452],[1.7799,46.451],[1.7879,46.4465],[1.8093,46.4267],[1.8185,46.4218],[1.8314,46.4205]],[[1.7253,46.3958],[1.7369,46.3983],[1.7454,46.4031],[1.7499,46.4088],[1.7524,46.4149],[1.7527,46.4214],[1.7516,46.4279],[1.7513,46.435],[1.7535,46.4421],[1.7619,46.4502],[1.7707,46.452]],[[1.8815,46.4382],[1.971,46.4364],[1.9836,46.4342],[2.0036,46.4267],[2.0115,46.4253]],[[1.8314,46.4205],[1.841,46.4239],[1.8615,46.4347],[1.8716,46.4371],[1.8815,46.4382]],[[2.0685,46.4254],[2.1023,46.4159]],[[2.0115,46.4253],[2.0685,46.4254]],[[2.1023,46.4159],[2.1392,46.4214]],[[1.5255,46.4144],[1.5361,46.4126],[1.548,46.4088],[1.5618,46.4074]],[[1.4144,46.3509],[1.4459,46.3649],[1.5114,46.4119],[1.5255,46.4144]],[[1.5881,46.4102],[1.598,46.4074],[1.6024,46.4025],[1.6014,46.396],[1.6039,46.3894],[1.6124,46.3838],[1.6289,46.3813]],[[1.5618,46.4074],[1.5881,46.4102]],[[1.6835,46.4026],[1.7253,46.3958]],[[1.6289,46.3813],[1.6408,46.3832],[1.6509,46.3883],[1.6602,46.395],[1.6725,46.401],[1.6835,46.4026]]]}},{"type":"Feature","properties":{"layer":"admin1"},"geometry":{"type":"MultiLineString","coordinates":[[[1.3347,46.3971],[1.3449,46.3961],[1.354,46.3912],[1.3601,46.3845],[1.3648,46.378],[1.3699,46.3722],[1.4144,46.3509]],[[1.2327,46.3677],[1.2471,46.3677],[1.2908,46.3716],[1.3047,46.3746],[1.3123,46.3799],[1.3158,46.3862],[1.321,46.3922],[1.3347,46.3971]],[[1.177,46.387],[1.1941,46.3776],[1.2071,46.3763],[1.2211,46.3689],[1.2327,46.3677]]]}},{"type":"Feature","properties":{"layer":"admin1"},"geometry":{"type":"MultiLineString","coordinates":[[[1.5462,45.0276],[1.5402,45.0302],[1.5375,45.0351],[1.5353,45.0408],[1.5297,45.045],[1.5226,45.045]],[[1.5226,45.045],[1.5153,45.0418],[1.5061,45.0342],[1.5029,45.0319],[1.4872,45.0294],[1.4773,45.0228],[1.474,45.02],[1.4586,45.0151]],[[1.7996,44.9329],[1.7779,44.9334],[1.7662,44.9352],[1.7597,44.9387],[1.7541,44.943],[1.7449,44.9486],[1.7332,44.9542],[1.7142,44.9602],[1.7057,44.9662],[1.7016,44.9725],[1.6987,44.9786],[1.6934,44.9846],[1.6593,45.0065],[1.6262,45.0229],[1.6098,45.0291],[1.5809,45.0356]],[[1.5809,45.0356],[1.5681,45.0345],[1.5462,45.0276]],[[2.0587,44.9751],[2.0052,44.9747],[1.9844,44.9725],[1.9791,44.9712],[1.9535,44.9609],[1.9459,44.9608]],[[1.9459,44.9608],[1.9406,44.9622],[1.9354,44.9662],[1.9263,44.9702],[1.9175,44.9704]],[[1.9175,44.9704],[1.9079,44.9684],[1.852,44.9458],[1.7996,44.9329]]]}},{"type":"Feature","properties":{"layer":"admin1"},"geometry":{"type":"MultiLineString","coordinates":[[[0.6829,45.6954],[0.6552,45.6994],[0.6359,45.7103]],[[0.8189,45.5956],[0.7855,45.6019],[0.7694,45.6073],[0.761,45.6143],[0.7618,45.6209],[0.7728,45.6477],[0.7733,45.6544],[0.7708,45.6618],[0.749,45.6818],[0.7346,45.6925],[0.7242,45.6963],[0.714,45.6972]],[[0.714,45.6972],[0.6829,45.6954]],[[0.9048,45.6084],[0.8912,45.6089],[0.8825,45.6132],[0.8723,45.6198]],[[0.8723,45.6198],[0.8644,45.6185],[0.8583,45.6141],[0.8474,45.6011],[0.8361,45.597],[0.8189,45.5956]],[[0.9709,45.6118],[0.9444,45.6154]],[[0.9444,45.6154],[0.9356,45.6151],[0.9048,45.6084]],[[1.1992,45.4567],[1.1759,45.4677],[1.1618,45.4726],[1.1407,45.4773],[1.1306,45.483],[1.1264,45.4891],[1.1277,45.4949],[1.1309,45.4985],[1.1326,45.5001],[1.1463,45.5076],[1.1547,45.5135],[1.1598,45.5199],[1.1587,45.5282],[1.1528,45.5332],[1.1446,45.5365],[1.1027,45.5409],[1.0826,45.5469],[1.072,45.5538],[1.0648,45.5607],[1.0409,45.5913],[1.0276,45.6052],[1.0175,45.6113],[1.0086,45.6146]],[[1.0086,45.6146],[0.9967,45.6146],[0.9786,45.6119],[0.9709,45.6118]],[[1.2553,45.4465],[1.2288,45.461]],[[1.2288,45.461],[1.1992,45.4567]]]}},{"type":"Feature","properties":{"layer":"admin1"},"geometry":{"type":"MultiLineString","coordinates":[[[4.7728,43.9328],[4.7392,43.9224],[4.7267,43.9172],[4.6887,43.8952],[4.6592,43.8832],[4.6473,43.8759],[4.6409,43.8706],[4.64,43.8625],[4.6412,43.8513],[4.6433,43.8443],[4.6447,43.841],[4.6493,43.8194],[4.6495,43.8122],[4.6489,43.8059],[4.6464,43.7949],[4.6338,43.7684],[4.6169,43.741],[4.6155,43.7369],[4.6155,43.7333],[4.6162,43.7301],[4.6175,43.7272],[4.6181,43.7222],[4.6172,43.7159],[4.6127,43.7039],[4.6088,43.6987],[4.6049,43.696],[4.6021,43.6958]],[[4.6021,43.6958],[4.5978,43.6959],[4.593,43.6968],[4.5885,43.6982],[4.5809,43.7023],[4.5725,43.7058],[4.5415,43.7129],[4.536,43.7137]],[[4.536,43.7137],[4.5309,43.7136],[4.5263,43.7129],[4.4995,43.7063],[4.4771,43.6931],[4.4516,43.6666],[4.4473,43.6596],[4.4434,43.6501],[4.4404,43.6447],[4.4316,43.632],[4.4294,43.6279],[4.4296,43.6248],[4.4316,43.6221],[4.4349,43.6199],[4.4393,43.6184],[4.4446,43.6174],[4.4499,43.6172]],[[4.4599,43.6178],[4.463,43.6151],[4.4631,43.6094],[4.4575,43.5968],[4.4531,43.591],[4.4483,43.5873],[4.4434,43.5866],[4.4265,43.586],[4.4204,43.5848],[4.413,43.5819],[4.4096,43.5782],[4.4083,43.5739],[4.4074,43.5673],[4.4046,43.5642],[4.4004,43.5622],[4.3818,43.559],[4.3778,43.5575],[4.3371,43.5321],[4.3214,43.5246],[4.3093,43.5208],[4.2867,43.5178],[4.2789,43.5131],[4.2716,43.507],[4.2638,43.5036],[4.2553,43.5036],[4.2497,43.5015],[4.2476,43.501],[4.2468,43.5003],[4.2465,43.4999],[4.2445,43.4954],[4.2415,43.4859],[4.2313,43.4715],[4.2248,43.4588]],[[4.4499,43.6172],[4.4599,43.6178]]]}},{"type":"Feature","properties":{"layer":"admin1"},"geometry":{"type":"MultiLineString","coordinates":[[[4.8318,44.2367],[4.8223,44.2384],[4.8144,44.243],[4.8096,44.2491],[4.7871,44.2959],[4.7815,44.3034],[4.774,44.3108],[4.7592,44.3201],[4.7514,44.3239],[4.7438,44.3263],[4.7163,44.3293],[4.6859,44.3297]],[[4.6859,44.3297],[4.6575,44.3268]],[[5.223,44.2244],[5.1927,44.2287],[5.1775,44.2339],[5.1669,44.2407],[5.1635,44.2474],[5.1623,44.2543],[5.1617,44.2689],[5.1628,44.2761],[5.1714,44.2897],[5.1745,44.2971],[5.1728,44.3052],[5.1671,44.3082]],[[5.1671,44.3082],[5.1598,44.3074],[5.1531,44.3033],[5.1393,44.2929],[5.1273,44.2893],[5.1111,44.2882]],[[5.1111,44.2882],[5.0656,44.2956],[5.0523,44.2962]],[[5.0523,44.2962],[4.9845,44.282],[4.9651,44.2762],[4.9457,44.2679],[4.9275,44.2625],[4.9187,44.2609],[4.8914,44.259],[4.8822,44.257],[4.8729,44.2533],[4.8548,44.2431],[4.8448,44.2388],[4.8318,44.2367]],[[5.3527,44.2074],[5.3387,44.2087],[5.2691,44.2272],[5.2546,44.2278]],[[5.2546,44.2278],[5.2402,44.2254],[5.223,44.2244]],[[5.5062,44.1218],[5.4713,44.1249],[5.4624,44.1282],[5.426,44.1513],[5.4091,44.1567],[5.3988,44.1632],[5.3932,44.1694],[5.3906,44.1767],[5.3887,44.1845],[5.3854,44.1927],[5.3789,44.2021],[5.3712,44.2061],[5.3619,44.2079]],[[5.3619,44.2079],[5.3527,44.2074]]]}},{"type":"Feature","properties":{"layer":"admin1"},"geometry":{"type":"MultiLineString","coordinates":[[[6.3081,45.1109],[6.2924,45.1128],[6.2828,45.1153],[6.2664,45.1248]],[[6.6294,45.1235],[6.6281,45.1234],[6.5978,45.121],[6.5609,45.1048],[6.5491,45.103]],[[6.4594,45.0536],[6.3937,45.0704],[6.3871,45.0759],[6.3837,45.0822],[6.3786,45.0958],[6.371,45.1024],[6.3571,45.1078],[6.3322,45.1117]],[[6.3322,45.1117],[6.3081,45.1109]],[[6.5491,45.103],[6.52,45.104]],[[6.52,45.104],[6.5109,45.1007],[6.5062,45.0952],[6.5046,45.0885],[6.5015,45.0801],[6.4955,45.0708],[6.4808,45.0579],[6.4696,45.054],[6.4594,45.0536]]]}},{"type":"Feature","properties":{"layer":"admin1"},"geometry":{"type":"MultiLineString","coordinates":[[[6.2664,45.1248],[6.2423,45.1055],[6.2395,45.0997],[6.235,45.0863],[6.2322,45.0694],[6.2224,45.0342],[6.2223,45.0173],[6.2271,45.0067],[6.2366,45.0034],[6.2462,45.0015],[6.2591,45.0005]],[[6.305,45.0074],[6.3148,45.0057],[6.3253,44.9995],[6.3297,44.9923],[6.3314,44.984],[6.3312,44.9621],[6.3354,44.9536],[6.343,44.9459],[6.3521,44.9388],[6.3635,44.928],[6.3677,44.9198],[6.3697,44.9119],[6.3676,44.8828],[6.3651,44.8682],[6.3617,44.8623],[6.3568,44.8579],[6.3492,44.857]],[[6.2591,45.0005],[6.305,45.0074]],[[6.3492,44.857],[6.3408,44.8579],[6.3053,44.8667],[6.2961,44.868]],[[6.2961,44.868],[6.2868,44.8679],[6.2768,44.8661],[6.244,44.8557],[6.2339,44.855]],[[6.1762,44.8523],[6.1672,44.853],[6.1483,44.8575],[6.1385,44.8576]],[[6.1385,44.8576],[6.1289,44.8549],[6.0773,44.8299],[6.0671,44.8278],[6.0576,44.8277]],[[6.2339,44.855],[6.2155,44.857]],[[6.2155,44.857],[6.2062,44.857],[6.1762,44.8523]],[[6.0576,44.8277],[6.0406,44.8323],[6.0316,44.8337]],[[6.0316,44.8337],[6.022,44.8325],[6.013,44.8296],[5.9964,44.822],[5.9731,44.8081],[5.9685,44.8012],[5.97,44.7936],[5.9734,44.7865],[5.9725,44.7768],[5.9664,44.7704],[5.9578,44.7652],[5.9185,44.756],[5.8983,44.7536]],[[5.8983,44.7536],[5.8682,44.754]],[[5.8682,44.754],[5.8577,44.7531],[5.845,44.7497],[5.8364,44.7422],[5.812,44.7121]]]}},{"type":"Feature","properties":{"layer":"admin1"},"geometry":{"type":"LineString","coordinates":[[5.6789,44.1907],[5.6789,44.1906]]}},{"type":"Feature","properties":{"layer":"admin1"},"geometry":{"type":"MultiLineString","coordinates":[[[5.812,44.7121],[5.8179,44.7028],[5.8286,44.6969],[5.8306,44.6903],[5.8296,44.6834],[5.824,44.6769],[5.8165,44.6698],[5.8005,44.6586],[5.7931,44.6549],[5.7638,44.6518],[5.7466,44.646],[5.7343,44.643],[5.7229,44.6415]],[[5.7229,44.6415],[5.7048,44.643],[5.6929,44.6451],[5.6835,44.6458]],[[5.6835,44.6458],[5.6727,44.6454],[5.6579,44.6414],[5.6536,44.635],[5.6534,44.6277],[5.6514,44.6175],[5.6444,44.6056],[5.6148,44.5732],[5.6095,44.5659],[5.6084,44.5614],[5.6081,44.5558],[5.6101,44.5501],[5.6132,44.5458],[5.6202,44.5394],[5.6455,44.5264],[5.6531,44.5207],[5.6582,44.5137],[5.6593,44.5025],[5.6513,44.4959],[5.6067,44.473],[5.5956,44.4706]],[[5.5956,44.4706],[5.587,44.4715],[5.5253,44.4876],[5.4941,44.4908],[5.4841,44.4909]],[[5.4841,44.4909],[5.4724,44.4893],[5.4674,44.4849],[5.4657,44.479],[5.4666,44.4722],[5.4686,44.4649],[5.4719,44.4584],[5.4776,44.4525],[5.4848,44.4484],[5.4922,44.4455],[5.4978,44.4418],[5.5003,44.4383],[5.5004,44.431],[5.4979,44.4273],[5.4925,44.4236],[5.4848,44.4227]],[[5.4848,44.4227],[5.4758,44.4231],[5.4486,44.4288]],[[5.4486,44.4288],[5.4393,44.4288],[5.4281,44.4248],[5.4267,44.4194],[5.4301,44.4133],[5.4444,44.402],[5.4498,44.3956],[5.4525,44.3896],[5.4539,44.38],[5.4552,44.3753],[5.4593,44.3703],[5.4967,44.3482],[5.5015,44.3463],[5.5082,44.3447],[5.5274,44.3424],[5.5375,44.3399],[5.5557,44.332],[5.5643,44.33]],[[5.6104,44.3322],[5.6193,44.3317],[5.627,44.3297],[5.631,44.3245],[5.6287,44.3182],[5.6225,44.3099],[5.6232,44.3033],[5.6283,44.2981],[5.6356,44.2928],[5.6476,44.2809],[5.6547,44.2762],[5.6706,44.2712],[5.6781,44.2669],[5.684,44.2594],[5.6851,44.2333],[5.6817,44.194],[5.6789,44.1907]],[[5.5643,44.33],[5.6104,44.3322]]]}},{"type":"Feature","properties":{"layer":"admin1"},"geometry":{"type":"MultiLineString","coordinates":[[[5.6789,44.1906],[5.671,44.1811],[5.6751,44.1566],[5.671,44.1511],[5.6641,44.1488]],[[5.6641,44.1488],[5.6562,44.1499],[5.6494,44.1538],[5.6448,44.1595],[5.6432,44.1656],[5.6382,44.1722],[5.6272,44.1778],[5.6038,44.181]],[[5.6038,44.181],[5.5904,44.1782],[5.5779,44.1695],[5.5654,44.1569],[5.5369,44.1357],[5.5062,44.1218]]]}},{"type":"Feature","properties":{"layer":"admin1"},"geometry":{"type":"MultiLineString","coordinates":[[[0.4634,48.3028],[0.4432,48.3047],[0.4161,48.3158],[0.4008,48.3242],[0.3905,48.3329],[0.3826,48.3462],[0.3779,48.3565],[0.374,48.3697],[0.3731,48.3978],[0.3782,48.4247],[0.3784,48.4323],[0.3767,48.4397],[0.3715,48.4485],[0.3641,48.454],[0.3519,48.4589],[0.3099,48.4716],[0.2942,48.4737],[0.2806,48.4741]],[[0.2806,48.4741],[0.1925,48.4602],[0.1755,48.4515],[0.1653,48.4475],[0.1526,48.4455],[0.1427,48.4398],[0.1355,48.433],[0.1283,48.4232],[0.1211,48.4167],[0.1155,48.4128],[0.1107,48.4105],[0.0998,48.4082],[0.0921,48.4079],[0.0854,48.4067],[0.08,48.405],[0.0737,48.4017],[0.0703,48.3965],[0.0671,48.3839],[0.0613,48.3796],[0.0472,48.3788]],[[0.0472,48.3788],[0.0295,48.3835],[0.0169,48.3853],[0.0065,48.3855]],[[0.0065,48.3855],[-0.0527,48.3806]],[[0.6379,48.2488],[0.6004,48.2498],[0.5152,48.2658],[0.5011,48.2711],[0.4991,48.2744],[0.5003,48.2831],[0.5,48.2893],[0.4983,48.2965],[0.4932,48.3046],[0.4857,48.3069]],[[0.4857,48.3069],[0.4766,48.3047],[0.4634,48.3028]],[[0.7706,48.1808],[0.7503,48.1843],[0.7262,48.1947],[0.7155,48.2015],[0.7061,48.21],[0.6849,48.2334],[0.6671,48.2479],[0.6553,48.2529],[0.6454,48.2534]],[[0.6454,48.2534],[0.6412,48.2515],[0.6394,48.2503],[0.6379,48.2488]],[[0.7984,48.186],[0.7706,48.1808]]]}},{"type":"Feature","properties":{"layer":"admin1"},"geometry":{"type":"LineString","coordinates":[[6.8689,47.819],[6.8804,47.821],[6.9078,47.8307],[6.9173,47.8365],[6.9239,47.8432],[6.9254,47.8528],[6.9221,47.8609],[6.917,47.8683],[6.915,47.8757],[6.917,47.883],[6.9344,47.9027],[6.9417,47.9174],[6.9448,47.9266],[6.9463,47.935],[6.9476,47.9483],[6.9518,47.957],[6.9598,47.9675],[6.9952,48.0002],[7.0085,48.0103],[7.0281,48.034],[7.0594,48.0847],[7.0812,48.1046],[7.0867,48.1136],[7.0869,48.1254],[7.0821,48.1327],[7.0767,48.1397],[7.0742,48.1461],[7.0749,48.1525],[7.0832,48.1645],[7.2087,48.3034]]}},{"type":"Feature","properties":{"layer":"admin1"},"geometry":{"type":"MultiLineString","coordinates":[[[3.6969,50.0601],[3.7083,50.0592],[3.7516,50.0512],[3.8539,50.043],[3.8634,50.0397],[3.8702,50.0339],[3.8761,50.0271],[3.8861,50.0209],[3.8958,50.0198]],[[3.6162,50.0367],[3.6295,50.038],[3.6421,50.0424],[3.6536,50.0486],[3.6832,50.0593],[3.6969,50.0601]],[[3.5644,50.0501],[3.5735,50.0489],[3.5971,50.04],[3.6162,50.0367]],[[3.4486,50.0154],[3.4646,50.0164],[3.4779,50.0191],[3.4861,50.0238],[3.4946,50.0275],[3.501,50.0296],[3.5173,50.0332],[3.5268,50.0363],[3.5547,50.0495],[3.5644,50.0501]],[[3.9621,50.0426],[3.9749,50.0414],[3.9835,50.0371],[3.9859,50.0306],[3.9835,50.0098],[3.9841,50.0037],[3.985,50.0006],[3.9869,49.9982],[3.9909,49.9946],[3.9969,49.9921],[4.0811,49.9709],[4.0994,49.969]],[[3.8958,50.0198],[3.9057,50.0217],[3.9219,50.0308],[3.9296,50.0343],[3.9425,50.0384],[3.9621,50.0426]],[[3.362,50.0324],[3.3725,50.0323],[3.3837,50.0301],[3.4078,50.0224],[3.4486,50.0154]],[[3.3162,50.0183],[3.3301,50.0198],[3.3417,50.0239],[3.3505,50.0286],[3.362,50.0324]],[[3.2259,50.029],[3.2571,50.0283],[3.3162,50.0183]],[[3.157,50.0187],[3.2259,50.029]],[[4.0994,49.969],[4.1067,49.9697],[4.1176,49.9723],[4.1219,49.9738],[4.1317,49.975]]]}},{"type":"Feature","properties":{"layer":"admin1"},"geometry":{"type":"LineString","coordinates":[[3.0883,50.05],[3.0937,50.0478],[3.157,50.0187]]}},{"type":"Feature","properties":{"layer":"admin1"},"geometry":{"type":"MultiLineString","coordinates":[[[2.154,42.6564],[2.0983,42.6639]],[[2.0983,42.6639],[2.0056,42.6561],[1.9942,42.6529],[1.9803,42.6424],[1.9676,42.629],[1.9628,42.6218],[1.9602,42.615],[1.9586,42.6076],[1.9588,42.5944],[1.9563,42.587],[1.9507,42.58],[1.9383,42.5718],[1.9285,42.5692],[1.9189,42.5687]],[[2.1661,42.6638],[2.1632,42.6603],[2.154,42.6564]],[[1.9189,42.5687],[1.8823,42.5776],[1.8728,42.579]],[[1.8728,42.579],[1.8454,42.5784],[1.7817,42.5701],[1.7611,42.5676]]]}},{"type":"Feature","properties":{"layer":"admin1"},"geometry":{"type":"MultiLineString","coordinates":[[[-0.8994,48.4969],[-0.9065,48.499],[-0.9122,48.4995],[-0.9158,48.5014],[-0.9362,48.5073]],[[-0.9362,48.5073],[-0.9469,48.5057],[-0.9543,48.5029],[-0.9569,48.501],[-0.9621,48.4994],[-0.9949,48.4933],[-1.0287,48.4931]],[[-0.8627,48.5018],[-0.8994,48.4969]],[[-1.0287,48.4931],[-1.0791,48.4987]]]}},{"type":"Feature","properties":{"layer":"admin1"},"geometry":{"type":"LineString","coordinates":[[-1.0791,48.4987],[-1.0793,48.458],[-1.0824,48.4401],[-1.0823,48.4231],[-1.0702,48.3492],[-1.0692,48.3296],[-1.0698,48.3182],[-1.0724,48.3129],[-1.0919,48.2873],[-1.0971,48.2788],[-1.1017,48.2674],[-1.1007,48.2596],[-1.0986,48.2555],[-1.0943,48.2525],[-1.092,48.2503],[-1.0852,48.24],[-1.0836,48.2353],[-1.0819,48.2291],[-1.0788,48.2098],[-1.0765,48.2034],[-1.0703,48.1743],[-1.0704,48.1681],[-1.0716,48.1636],[-1.0743,48.1614],[-1.077,48.1595],[-1.0796,48.1569],[-1.0823,48.1524],[-1.0704,48.0906],[-1.0695,48.0878],[-1.0668,48.0829],[-1.062,48.0773],[-1.0468,48.0682],[-1.0418,48.0623],[-1.0414,48.0556],[-1.0437,48.0444],[-1.0432,48.0328],[-1.0393,48.0155],[-1.0395,48.0067],[-1.0406,48.0015],[-1.042,48.0002],[-1.0489,47.9963],[-1.0572,47.9932],[-1.0673,47.9908],[-1.0779,47.9893],[-1.1121,47.9877],[-1.1244,47.9861],[-1.1349,47.9832],[-1.1449,47.9789],[-1.1538,47.9733],[-1.1677,47.9608],[-1.1729,47.9546],[-1.1772,47.9481],[-1.1835,47.9337],[-1.1938,47.8997],[-1.201,47.8842],[-1.2109,47.8683],[-1.2158,47.8583],[-1.2245,47.8317],[-1.2289,47.823],[-1.2338,47.8172],[-1.243,47.8095]]}},{"type":"Feature","properties":{"layer":"admin1"},"geometry":{"type":"LineString","coordinates":[[-1.243,47.8095],[-1.251,47.7804]]}},{"type":"Feature","properties":{"layer":"admin1"},"geometry":{"type":"MultiLineString","coordinates":[[[-2.0885,47.6326],[-2.0864,47.6292],[-2.0837,47.6233],[-2.0847,47.6202],[-2.087,47.6161],[-2.0872,47.6125],[-2.0858,47.608],[-2.0873,47.6037],[-2.0908,47.599],[-2.0978,47.5866],[-2.11,47.5423],[-2.1199,47.5296],[-2.1321,47.5223],[-2.143,47.5196],[-2.1544,47.5131],[-2.1605,47.5051],[-2.1655,47.4948],[-2.1734,47.4861],[-2.1793,47.4825],[-2.1868,47.4814]],[[-2.1868,47.4814],[-2.1933,47.4835],[-2.1976,47.4878],[-2.199,47.4912],[-2.1992,47.4957],[-2.1986,47.5018],[-2.199,47.5041],[-2.2025,47.5068],[-2.2109,47.5076]],[[-2.2109,47.5076],[-2.2278,47.5003],[-2.2414,47.4966],[-2.2534,47.4953]],[[-2.2534,47.4953],[-2.2619,47.4972],[-2.2664,47.4992],[-2.2686,47.5007],[-2.2701,47.5022],[-2.2744,47.5044],[-2.2812,47.507]],[[-2.2812,47.507],[-2.2924,47.5059],[-2.2993,47.5032],[-2.3023,47.5016],[-2.3032,47.5004],[-2.3066,47.4944],[-2.3122,47.4866],[-2.3202,47.4775],[-2.3345,47.464],[-2.3457,47.4595],[-2.3562,47.4584]],[[-2.395,47.4553],[-2.4041,47.4556],[-2.4132,47.4583],[-2.4228,47.4626],[-2.4331,47.4658]],[[-2.4331,47.4658],[-2.4454,47.4649],[-2.4529,47.4619],[-2.4596,47.4531],[-2.4609,47.4527],[-2.4611,47.4526]],[[-2.3562,47.4584],[-2.3659,47.4591]],[[-2.3659,47.4591],[-2.3756,47.4587],[-2.395,47.4553]]]}},{"type":"Feature","properties":{"layer":"admin1"},"geometry":{"type":"LineString","coordinates":[[0.7984,48.186],[0.8471,48.161],[0.8576,48.159],[0.8887,48.1576],[0.8982,48.156],[0.9066,48.1527],[0.9129,48.1472],[0.9126,48.1415],[0.903,48.1343],[0.8834,48.1289],[0.8473,48.1118],[0.8356,48.1075],[0.8316,48.1029],[0.8326,48.0945]]}},{"type":"Feature","properties":{"layer":"admin1"},"geometry":{"type":"LineString","coordinates":[[0.8326,48.0945],[0.8391,48.0897],[0.8468,48.0859],[0.8524,48.0814],[0.8522,48.0762],[0.8431,48.0712],[0.8329,48.0695],[0.8126,48.0694],[0.804,48.0676],[0.7976,48.0628],[0.7973,48.0545],[0.8015,48.0467],[0.807,48.0397],[0.8102,48.0339],[0.8147,48.0294],[0.8221,48.0281],[0.8395,48.0274],[0.8442,48.0216],[0.8429,48.0114],[0.835,47.9904],[0.8333,47.9785],[0.8342,47.9684],[0.8406,47.9546],[0.8372,47.9459],[0.8284,47.9363],[0.805,47.921],[0.7912,47.9149],[0.7796,47.9071],[0.7739,47.8968],[0.7711,47.8876],[0.7706,47.8794],[0.7711,47.8718],[0.7722,47.8647],[0.7725,47.8567],[0.7719,47.8495],[0.77,47.8425],[0.7447,47.7875],[0.7349,47.7792],[0.721,47.7706],[0.6918,47.7577],[0.6696,47.7504],[0.6673,47.7502],[0.6566,47.748],[0.6359,47.739],[0.6133,47.7229],[0.602,47.7015],[0.6096,47.6892]]}},{"type":"Feature","properties":{"layer":"admin1"},"geometry":{"type":"MultiLineString","coordinates":[[[0.6096,47.6892],[0.6105,47.6877],[0.613,47.6815],[0.6125,47.6755],[0.6082,47.6708],[0.5988,47.6681],[0.5841,47.667],[0.5712,47.6649],[0.5178,47.6463],[0.4778,47.64],[0.4623,47.6334],[0.4539,47.627],[0.4513,47.6218],[0.4438,47.6188]],[[0.4438,47.6188],[0.4314,47.6212],[0.4083,47.6306],[0.3974,47.6309]],[[0.3974,47.6309],[0.3847,47.6241],[0.3813,47.6175],[0.3819,47.6105],[0.3842,47.6043],[0.3873,47.5919],[0.3895,47.5856],[0.385,47.5814],[0.3714,47.5802]],[[0.3714,47.5802],[0.3138,47.5919],[0.2858,47.5946],[0.2418,47.6029]]]}},{"type":"Feature","properties":{"layer":"admin1"},"geometry":{"type":"MultiLineString","coordinates":[[[0.0668,47.1537],[0.0138,47.1606]],[[0.0138,47.1606],[-0.004,47.1566],[-0.0369,47.1279],[-0.0407,47.1209],[-0.0422,47.1136],[-0.045,47.1059],[-0.0531,47.0963],[-0.0643,47.0925],[-0.0919,47.0861],[-0.1003,47.0799],[-0.1055,47.0743],[-0.109,47.0696]]]}},{"type":"Feature","properties":{"layer":"admin1"},"geometry":{"type":"MultiLineString","coordinates":[[[-0.1182,47.0573],[-0.143,47.0628],[-0.1482,47.0676],[-0.1525,47.0744],[-0.154,47.0821],[-0.159,47.0914],[-0.1706,47.0983],[-0.1813,47.1006]],[[-0.1813,47.1006],[-0.192,47.1001],[-0.2118,47.0961]],[[-0.2118,47.0961],[-0.2697,47.0972]],[[-0.2697,47.0972],[-0.3763,47.0881],[-0.4035,47.0796],[-0.459,47.0681],[-0.4732,47.0664]],[[-0.4732,47.0664],[-0.496,47.0747],[-0.5068,47.0761]],[[-0.5068,47.0761],[-0.5177,47.0754],[-0.5377,47.0703],[-0.5471,47.0665],[-0.5551,47.061],[-0.5585,47.0548],[-0.5562,47.0482],[-0.5448,47.0363],[-0.5442,47.0304],[-0.5492,47.0252],[-0.592,47.0104],[-0.609,46.9993],[-0.6139,46.9972],[-0.6324,46.9924],[-0.6965,46.9881]],[[-0.109,47.0696],[-0.1182,47.0573]],[[-0.8511,46.9896],[-0.8609,46.9912],[-0.8704,46.9942],[-0.9094,47.0118],[-0.9203,47.0144],[-0.935,47.0166]],[[-0.935,47.0166],[-0.9414,47.0133],[-0.9434,47.009],[-0.9434,47.0065],[-0.946,47.0004]],[[-0.6965,46.9881],[-0.7517,46.9913],[-0.7804,46.997]],[[-0.7804,46.997],[-0.8375,46.9897],[-0.8511,46.9896]]]}},{"type":"Feature","properties":{"layer":"admin1"},"geometry":{"type":"MultiLineString","coordinates":[[[-0.9599,46.3201],[-0.9703,46.3242],[-0.9731,46.3292],[-0.9685,46.335],[-0.9615,46.3399],[-0.9566,46.3464],[-0.955,46.3537],[-0.9618,46.3615],[-0.9698,46.3624]],[[-0.9698,46.3624],[-0.9883,46.3567],[-0.9984,46.3548],[-1.0196,46.3531],[-1.0802,46.3428],[-1.0903,46.3395],[-1.097,46.3346],[-1.1146,46.3167],[-1.1191,46.3111],[-1.1192,46.311]],[[-0.7566,46.3012],[-0.8251,46.3313],[-0.8506,46.3343]],[[-0.8506,46.3343],[-0.8671,46.3342],[-0.8821,46.3307],[-0.8881,46.3288],[-0.9199,46.3248],[-0.9313,46.3218],[-0.9411,46.3206],[-0.9599,46.3201]]]}},{"type":"Feature","properties":{"layer":"admin1"},"geometry":{"type":"LineString","coordinates":[[0.8808,46.7505],[0.8946,46.7392],[0.9024,46.7298],[0.9135,46.711],[0.9169,46.6995],[0.9169,46.6899],[0.9141,46.6833],[0.9109,46.6768],[0.9082,46.6706],[0.9069,46.6639],[0.907,46.6442],[0.9098,46.6302],[0.916,46.6151],[0.9241,46.6057],[0.9362,46.5955],[0.9596,46.5811],[0.9866,46.5705],[1.0073,46.5666],[1.0141,46.5644],[1.0197,46.56],[1.0224,46.5445],[1.0268,46.5383],[1.0388,46.5344],[1.1015,46.5344],[1.1115,46.5325],[1.1207,46.5292],[1.1294,46.5245],[1.1368,46.5184],[1.1426,46.5122],[1.1466,46.5063],[1.1494,46.5005],[1.1493,46.4978],[1.1411,46.4735],[1.1424,46.4645],[1.1533,46.4542],[1.1634,46.4484],[1.1829,46.441],[1.1947,46.4279],[1.177,46.387]]}},{"type":"Feature","properties":{"layer":"admin1"},"geometry":{"type":"MultiLineString","coordinates":[[[1.177,46.387],[1.1663,46.3864],[1.1214,46.3658],[1.1076,46.363]],[[1.1076,46.363],[1.0964,46.3631],[1.087,46.3648]],[[1.087,46.3648],[1.0779,46.3645],[1.0682,46.3628],[1.058,46.3597],[1.0479,46.3541],[1.038,46.3458],[1.0271,46.332],[1.0183,46.3225],[1.0049,46.3127],[0.9984,46.3067],[0.9944,46.2986],[0.9941,46.2925],[0.9919,46.2881],[0.9871,46.2835],[0.9759,46.2792],[0.9664,46.2778]],[[0.9664,46.2778],[0.9109,46.2787]],[[0.9109,46.2787],[0.9017,46.2775],[0.8917,46.2738],[0.8679,46.2592],[0.8418,46.2397],[0.8327,46.235],[0.8228,46.2321],[0.8023,46.2299],[0.7948,46.2263],[0.7908,46.2187],[0.797,46.2037],[0.8041,46.1943],[0.8124,46.1861],[0.8178,46.1786],[0.8276,46.1399],[0.8248,46.1344],[0.82,46.1303]],[[0.82,46.1303],[0.7964,46.1329]]]}},{"type":"Feature","properties":{"layer":"admin1"},"geometry":{"type":"MultiLineString","coordinates":[[[-0.5101,45.2901],[-0.5239,45.2905],[-0.5452,45.2939],[-0.5567,45.2992],[-0.5634,45.3058],[-0.5671,45.3255],[-0.57,45.3328],[-0.5748,45.3397],[-0.5837,45.3465],[-0.5922,45.3471]],[[-0.5922,45.3471],[-0.5999,45.3441],[-0.6049,45.3387],[-0.6083,45.3327],[-0.6127,45.3269],[-0.6186,45.3222],[-0.6268,45.3197],[-0.6354,45.3194]],[[-0.6354,45.3194],[-0.6707,45.3236]],[[-0.6707,45.3236],[-0.706,45.322]],[[-0.706,45.322],[-0.7064,45.3221],[-0.7066,45.3222]],[[-0.3777,45.1626],[-0.3876,45.1639],[-0.3943,45.1665],[-0.4018,45.1733],[-0.4142,45.1885],[-0.4184,45.1952],[-0.4213,45.2017],[-0.4232,45.2085],[-0.4239,45.2152],[-0.4238,45.2222],[-0.4211,45.2431],[-0.4222,45.2498],[-0.4292,45.2583],[-0.4407,45.2679],[-0.4689,45.2833],[-0.4852,45.289],[-0.4984,45.2909]],[[-0.4984,45.2909],[-0.5101,45.2901]],[[-0.1738,45.1011],[-0.2264,45.113],[-0.2397,45.1175],[-0.2508,45.1231],[-0.2682,45.1371],[-0.2779,45.1431],[-0.2922,45.1491],[-0.3073,45.1511],[-0.3391,45.1665],[-0.3507,45.1672]],[[-0.3507,45.1672],[-0.3777,45.1626]],[[-0.0336,45.1201],[-0.0608,45.1115]],[[-0.0608,45.1115],[-0.0888,45.119]],[[-0.0888,45.119],[-0.1038,45.1174],[-0.1453,45.1044],[-0.1603,45.1016],[-0.1738,45.1011]]]}},{"type":"Feature","properties":{"layer":"admin1"},"geometry":{"type":"LineString","coordinates":[[0.0003,45.192],[0,45.1919],[-0.0122,45.1776],[-0.0108,45.174],[-0.0067,45.1668],[0,45.1575],[-0.0012,45.1517],[-0.0056,45.1458],[-0.013,45.1416],[-0.0336,45.1201]]}},{"type":"Feature","properties":{"layer":"admin1"},"geometry":{"type":"MultiLineString","coordinates":[[[1.2604,45.4437],[1.2553,45.4465]],[[1.2904,45.3829],[1.2815,45.3842],[1.2729,45.3903],[1.2703,45.397],[1.2714,45.4037],[1.2757,45.4104],[1.2821,45.4173],[1.2875,45.4246],[1.2909,45.4336],[1.2873,45.4401],[1.2794,45.4439],[1.2721,45.4449]],[[1.2721,45.4449],[1.2604,45.4437]],[[1.253,45.1995],[1.2422,45.2024],[1.2391,45.2072],[1.2389,45.2132],[1.2419,45.2189],[1.247,45.2246],[1.2731,45.2401],[1.28,45.2466],[1.2826,45.2545],[1.2751,45.2607],[1.2621,45.2661],[1.2479,45.2754],[1.243,45.2824],[1.2433,45.2895],[1.247,45.2956],[1.2499,45.3017],[1.2509,45.3142],[1.2536,45.3204],[1.2601,45.3255],[1.2751,45.3329],[1.2904,45.3488],[1.3164,45.3607],[1.3235,45.3672],[1.3269,45.3764],[1.3246,45.383],[1.3182,45.3867],[1.3095,45.3869]],[[1.3095,45.3869],[1.3,45.3844],[1.2904,45.3829]],[[1.3331,45.1319],[1.322,45.1339],[1.3086,45.1376],[1.2891,45.1467],[1.2804,45.154],[1.2779,45.1609],[1.281,45.1668],[1.2859,45.1727],[1.29,45.1793],[1.2909,45.1864],[1.2883,45.195],[1.2811,45.2],[1.2728,45.201]],[[1.2728,45.201],[1.253,45.1995]],[[1.4586,45.0151],[1.4477,45.0302],[1.43,45.0407],[1.423,45.0479],[1.4163,45.0588],[1.405,45.0709],[1.3975,45.0847],[1.3938,45.0937],[1.3946,45.1015],[1.3972,45.1088],[1.4012,45.1166],[1.4019,45.1275],[1.397,45.1319],[1.3899,45.1339]],[[1.3899,45.1339],[1.3331,45.1319]]]}},{"type":"Feature","properties":{"layer":"admin1"},"geometry":{"type":"MultiLineString","coordinates":[[[1.4586,45.0151],[1.43,45.0001],[1.425,44.9838],[1.4467,44.9329],[1.4461,44.9214],[1.4411,44.9129],[1.4345,44.9061],[1.4343,44.8992],[1.4374,44.8899],[1.4373,44.8834],[1.4334,44.876],[1.4266,44.8702],[1.3991,44.8533],[1.3913,44.8462],[1.3833,44.8368],[1.3721,44.8196],[1.3637,44.811],[1.3545,44.8067]],[[1.3545,44.8067],[1.3458,44.8071]],[[1.3458,44.8071],[1.3356,44.8058],[1.3258,44.8018],[1.3139,44.7887],[1.3103,44.7803],[1.3117,44.7731],[1.3173,44.7681],[1.3223,44.7618],[1.3217,44.7514],[1.3149,44.7412],[1.2996,44.7256],[1.288,44.7174],[1.276,44.7122],[1.2579,44.707],[1.2496,44.7025],[1.2352,44.6926],[1.227,44.6891],[1.2181,44.6871],[1.1993,44.685],[1.1896,44.6826],[1.175,44.673],[1.1311,44.6152],[1.1199,44.6036],[1.0948,44.5853],[1.0772,44.5745]]]}},{"type":"Feature","properties":{"layer":"admin1"},"geometry":{"type":"LineString","coordinates":[[1.0772,44.5745],[1.0616,44.5649],[1.013,44.5476],[1.0021,44.5393],[0.9983,44.5327],[1.0003,44.5274],[1.0035,44.5232],[1.0099,44.5174],[1.0153,44.5113],[1.0195,44.5056],[1.0214,44.5005],[1.0198,44.4861],[1.0209,44.4796],[1.0234,44.475],[1.0271,44.4706],[1.03,44.4652],[1.034,44.4526],[1.0375,44.4464],[1.0442,44.4409],[1.0609,44.4307],[1.0675,44.4222],[1.0682,44.4124],[1.0651,44.4029],[1.0645,44.3787]]}},{"type":"Feature","properties":{"layer":"admin1"},"geometry":{"type":"LineString","coordinates":[[1.0645,44.3787],[1.0645,44.3784],[1.0643,44.3783]]}},{"type":"Feature","properties":{"layer":"admin1"},"geometry":{"type":"MultiLineString","coordinates":[[[0.9695,44.3628],[0.9495,44.3657],[0.9368,44.3705],[0.9305,44.3756],[0.9201,44.379]],[[0.9201,44.379],[0.9112,44.3776],[0.9042,44.3732],[0.9011,44.3671],[0.9003,44.3605],[0.9011,44.3539],[0.9011,44.3473],[0.9002,44.3412],[0.8972,44.3345],[0.8875,44.3194],[0.8865,44.3126],[0.8938,44.3014],[0.8983,44.2964],[0.905,44.2927],[0.9306,44.2868],[0.9384,44.2836],[0.9447,44.2791],[0.9472,44.2729],[0.9464,44.2663],[0.9433,44.2597],[0.9059,44.201],[0.8949,44.1927],[0.8718,44.1809],[0.8712,44.1759],[0.876,44.1725],[0.8841,44.1691],[0.8909,44.1644],[0.8946,44.1579],[0.8943,44.1497],[0.8895,44.144],[0.8817,44.1408],[0.8729,44.1398]],[[1.0643,44.3783],[1.0513,44.3678],[0.9695,44.3628]],[[0.8729,44.1398],[0.8639,44.14],[0.8547,44.1415],[0.8376,44.1474],[0.8285,44.1492]],[[0.8285,44.1492],[0.8189,44.149],[0.8079,44.1454],[0.8035,44.1421],[0.8009,44.1365],[0.7993,44.1303],[0.7951,44.1225],[0.7872,44.1181],[0.7657,44.1109],[0.7584,44.1054],[0.7527,44.0984],[0.7462,44.0841],[0.7444,44.0784],[0.7417,44.067]]]}},{"type":"Feature","properties":{"layer":"admin1"},"geometry":{"type":"MultiLineString","coordinates":[[[0.6589,44.0376],[0.6519,44.0413],[0.6235,44.0617],[0.6126,44.0673],[0.5925,44.0728]],[[0.5925,44.0728],[0.5766,44.0709],[0.5087,44.0524],[0.4998,44.0521]],[[0.7417,44.067],[0.6797,44.0405],[0.6589,44.0376]],[[0.4998,44.0521],[0.4909,44.0533],[0.4766,44.057]],[[0.4766,44.057],[0.4663,44.0563],[0.4559,44.0523],[0.4474,44.0459],[0.3746,44.0198],[0.3543,44.0175],[0.34,44.0122],[0.3143,43.9992],[0.3037,43.9966],[0.2942,43.9964]],[[0.2942,43.9964],[0.2874,43.998],[0.2685,44.0054],[0.2216,44.0186]],[[0.2216,44.0186],[0.2119,44.0171],[0.2036,44.013],[0.1982,44.0078],[0.1831,43.9876],[0.1771,43.981],[0.169,43.9748],[0.1571,43.9691],[0.1479,43.9677]],[[0.1479,43.9677],[0.1409,43.9694],[0.1338,43.9788],[0.124,43.9813]],[[0.124,43.9813],[0.1161,43.9807],[0.0897,43.9729],[0.0852,43.9673]]]}},{"type":"Feature","properties":{"layer":"admin1"},"geometry":{"type":"MultiLineString","coordinates":[[[0.0553,43.907],[0.0207,43.9091],[0.0124,43.9104],[0.0048,43.9126],[-0.0003,43.9149],[-0.005,43.9184],[-0.0089,43.924],[-0.0091,43.9299],[-0.0067,43.9354],[0.0013,43.9432],[0.0045,43.948],[0.0045,43.9533],[0.003,43.9587],[-0.0019,43.9635],[-0.009,43.9672],[-0.024,43.9711]],[[-0.024,43.9711],[-0.0344,43.9691],[-0.0446,43.9656],[-0.0694,43.952],[-0.0886,43.9349],[-0.1,43.9284],[-0.1124,43.9268],[-0.1318,43.9264]],[[0.0852,43.9673],[0.076,43.956],[0.082,43.9306],[0.08,43.922],[0.0733,43.9126],[0.0644,43.9085],[0.0553,43.907]],[[-0.1318,43.9264],[-0.1675,43.9309]],[[-0.1675,43.9309],[-0.1794,43.9263],[-0.2138,43.9071],[-0.2219,43.8987],[-0.2239,43.8914],[-0.2176,43.885],[-0.2025,43.8732],[-0.1976,43.8672],[-0.1923,43.8548],[-0.1876,43.8483],[-0.1839,43.8418],[-0.1834,43.8354],[-0.1912,43.8184],[-0.2026,43.8053],[-0.2068,43.7962],[-0.2081,43.788],[-0.207,43.7723],[-0.209,43.7632],[-0.209,43.7566],[-0.2043,43.7509],[-0.1985,43.7451],[-0.1953,43.7389],[-0.1969,43.7326],[-0.2155,43.6988],[-0.2221,43.6927],[-0.2274,43.6904],[-0.2433,43.6899],[-0.2527,43.6865],[-0.2547,43.6814],[-0.2516,43.6751],[-0.2459,43.6682],[-0.2453,43.6596],[-0.2509,43.6486],[-0.2635,43.637],[-0.2679,43.629],[-0.267,43.6232],[-0.2525,43.6161],[-0.2495,43.611],[-0.2466,43.5991],[-0.2439,43.5943],[-0.2363,43.5871]]]}},{"type":"Feature","properties":{"layer":"admin1"},"geometry":{"type":"MultiLineString","coordinates":[[[-0.203,43.589],[-0.1097,43.5748]],[[-0.2363,43.5871],[-0.203,43.589]]]}},{"type":"Feature","properties":{"layer":"admin1"},"geometry":{"type":"LineString","coordinates":[[2.2053,44.6223],[2.1946,44.6234],[2.1816,44.6312],[2.1757,44.6397],[2.1712,44.6502],[2.1647,44.6784],[2.1613,44.6846],[2.1532,44.6905],[2.1371,44.6954],[2.1323,44.6987],[2.1344,44.7063],[2.1428,44.7203],[2.1585,44.7745],[2.1568,44.7838],[2.1515,44.7958],[2.136,44.8181],[2.0937,44.8657],[2.0854,44.8798],[2.0793,44.897],[2.0711,44.9566],[2.0587,44.9751]]}},{"type":"Feature","properties":{"layer":"admin1"},"geometry":{"type":"MultiLineString","coordinates":[[[2.9801,44.6443],[3.0662,44.5642],[3.0844,44.5373],[3.0836,44.5306],[3.0819,44.5243],[3.081,44.5158],[3.0811,44.5058],[3.0855,44.4894],[3.0907,44.48],[3.0968,44.4729],[3.1352,44.4379],[3.1401,44.4287],[3.1407,44.421],[3.1385,44.4145],[3.1372,44.4071],[3.1373,44.398],[3.1355,44.3905],[3.1306,44.3841],[3.1268,44.3776],[3.1254,44.371],[3.1255,44.3635],[3.1274,44.3472],[3.1306,44.3349],[3.1452,44.3175],[3.1474,44.3102],[3.1457,44.3031],[3.1279,44.2775],[3.1241,44.2708],[3.1234,44.2634],[3.1286,44.2605],[3.1477,44.259],[3.1695,44.2474],[3.2042,44.2351],[3.213,44.2307],[3.2233,44.2236],[3.2281,44.2167],[3.2301,44.2092],[3.2309,44.2023],[3.2337,44.1949],[3.241,44.1922],[3.2495,44.1911]],[[3.3226,44.1964],[3.3411,44.1958],[3.3507,44.194],[3.3598,44.1894],[3.3696,44.1828],[3.377,44.1684],[3.3767,44.1683]],[[3.2495,44.1911],[3.3226,44.1964]]]}},{"type":"Feature","properties":{"layer":"admin1"},"geometry":{"type":"MultiLineString","coordinates":[[[3.3767,44.1683],[3.3418,44.1499],[3.3266,44.1332],[3.3244,44.1266],[3.3263,44.1127],[3.3237,44.1044],[3.3159,44.0987],[3.2965,44.0913],[3.2868,44.0862],[3.2862,44.081],[3.2906,44.0764],[3.2982,44.0721],[3.3065,44.0691],[3.315,44.0685]],[[3.3322,44.0719],[3.3394,44.0687],[3.3446,44.0616],[3.3516,44.0572],[3.3595,44.0551]],[[3.315,44.0685],[3.3238,44.071],[3.3322,44.0719]],[[3.3778,44.0552],[3.3864,44.054],[3.3945,44.0503],[3.4086,44.0401],[3.4328,44.0275],[3.4402,44.0223],[3.4469,44.0144],[3.4475,44.0081],[3.4451,44.0028],[3.4433,44.0009],[3.4424,44.0002],[3.4109,43.9788],[3.3994,43.9677],[3.3926,43.9623],[3.375,43.9522],[3.3648,43.9439],[3.3569,43.9386],[3.342,43.9039]],[[3.3595,44.0551],[3.3778,44.0552]]]}},{"type":"Feature","properties":{"layer":"admin1"},"geometry":{"type":"MultiLineString","coordinates":[[[3.342,43.9039],[3.3218,43.8911],[3.315,43.8897],[3.2744,43.8876],[3.261,43.882],[3.2447,43.872],[3.2375,43.8641],[3.2348,43.8567],[3.2342,43.8485],[3.2323,43.8391],[3.2202,43.8252],[3.2094,43.8185],[3.1987,43.8145],[3.1894,43.8131],[3.1809,43.8131]],[[3.1285,43.8165],[3.1203,43.8176],[3.1011,43.8218],[3.0881,43.8228]],[[3.0881,43.8228],[3.0675,43.8209],[3.0574,43.8163],[3.0529,43.8101],[3.0523,43.8038],[3.0492,43.7916],[3.0493,43.7852],[3.0524,43.7788],[3.0576,43.7726],[3.0612,43.7661],[3.061,43.7595],[3.0588,43.7531],[3.0556,43.7468],[3.0539,43.7398],[3.0559,43.7248],[3.0562,43.7156],[3.0509,43.7015],[3.0431,43.6947],[3.0341,43.6909],[3.025,43.6904]],[[3.1809,43.8131],[3.1726,43.814],[3.1578,43.8174],[3.1528,43.8179]],[[3.1528,43.8179],[3.1285,43.8165]],[[3.025,43.6904],[3.0166,43.6913],[3.0089,43.6935],[2.9977,43.6984],[2.9902,43.7007],[2.9821,43.701]],[[2.9821,43.701],[2.9624,43.699],[2.9345,43.6937]]]}},{"type":"Feature","properties":{"layer":"admin1"},"geometry":{"type":"MultiLineString","coordinates":[[[2.9345,43.6937],[2.9171,43.6825],[2.9032,43.6636],[2.8946,43.6574],[2.8856,43.6529],[2.7756,43.6179],[2.7605,43.6166]],[[2.7605,43.6166],[2.7517,43.6187],[2.7085,43.6355],[2.7,43.6376],[2.6882,43.6392],[2.6743,43.6399]],[[2.6743,43.6399],[2.6511,43.6377],[2.6414,43.6331],[2.6373,43.6268],[2.6362,43.6207],[2.6338,43.6149],[2.6246,43.6036],[2.622,43.5978],[2.6232,43.5851],[2.6211,43.5718],[2.6212,43.5652],[2.6239,43.5585],[2.6291,43.5522],[2.6361,43.5463],[2.6513,43.5363],[2.6573,43.5298],[2.6605,43.5215],[2.653,43.5038],[2.6511,43.501],[2.6507,43.5001],[2.6503,43.4991],[2.65,43.4964],[2.6503,43.4904],[2.6524,43.4846],[2.6564,43.4789],[2.6594,43.4761],[2.6611,43.4731],[2.662,43.4692],[2.6567,43.4608],[2.6296,43.4423],[2.6059,43.4306],[2.586,43.425],[2.5787,43.4237],[2.5675,43.4228]]]}},{"type":"Feature","properties":{"layer":"admin1"},"geometry":{"type":"MultiLineString","coordinates":[[[2.3672,43.4248],[2.282,43.437],[2.2615,43.4423]],[[2.2615,43.4423],[2.2499,43.4418],[2.2404,43.4382],[2.2339,43.4329],[2.2291,43.4271],[2.2268,43.4212],[2.2271,43.4152],[2.232,43.4026],[2.2314,43.396],[2.2271,43.3899],[2.2172,43.3842],[2.2082,43.3832]],[[2.5675,43.4228],[2.4617,43.43]],[[2.4617,43.43],[2.3672,43.4248]],[[2.1023,43.3921],[2.0902,43.3922],[2.0806,43.3932],[2.0719,43.3952],[2.0634,43.3986],[2.0317,43.4226]],[[2.2082,43.3832],[2.1996,43.3852],[2.1819,43.3963],[2.1672,43.401]],[[2.1672,43.401],[2.1531,43.4002],[2.1158,43.3934],[2.1023,43.3921]]]}},{"type":"Feature","properties":{"layer":"admin1"},"geometry":{"type":"MultiLineString","coordinates":[[[1.8839,43.3928],[1.8772,43.3965],[1.8755,43.4021],[1.8759,43.4083],[1.8736,43.4145],[1.8664,43.4197],[1.8498,43.4234]],[[1.8498,43.4234],[1.8409,43.4211],[1.8374,43.4162],[1.8362,43.41],[1.8329,43.404],[1.8267,43.3984],[1.8193,43.393],[1.8126,43.3872],[1.8073,43.3803],[1.8047,43.3734],[1.8056,43.3662],[1.8081,43.3601],[1.8118,43.3545],[1.8126,43.3498],[1.8112,43.3439],[1.8033,43.3358],[1.7949,43.3335],[1.7673,43.3321],[1.7423,43.3278],[1.7302,43.3227],[1.7254,43.3162],[1.7263,43.3097],[1.7245,43.303],[1.7094,43.2886],[1.7057,43.2818],[1.7026,43.2667]],[[2.0317,43.4226],[1.9506,43.4142],[1.9197,43.4059],[1.9096,43.4002],[1.8938,43.3936],[1.8839,43.3928]]]}},{"type":"Feature","properties":{"layer":"admin1"},"geometry":{"type":"MultiLineString","coordinates":[[[3.3573,44.9553],[3.3697,44.9542]],[[3.2751,44.9241],[3.2854,44.9263],[3.297,44.9301],[3.3377,44.9504],[3.3449,44.953],[3.3573,44.9553]],[[3.258,44.9264],[3.2662,44.9246],[3.2751,44.9241]],[[3.1542,44.8697],[3.1682,44.8718],[3.1876,44.881],[3.2442,44.9221],[3.258,44.9264]],[[3.1243,44.8957],[3.1314,44.8931],[3.1471,44.8754],[3.1542,44.8697]],[[2.9801,44.6443],[2.9943,44.6768],[3.0037,44.6897],[3.0212,44.707],[3.025,44.7151],[3.0305,44.7493],[3.0446,44.7918],[3.0535,44.8113],[3.0625,44.8236],[3.0797,44.8301],[3.0895,44.837],[3.0969,44.859],[3.1003,44.8815],[3.1071,44.8885],[3.1156,44.8938],[3.1243,44.8957]]]}},{"type":"Feature","properties":{"layer":"admin1"},"geometry":{"type":"LineString","coordinates":[[3.8722,44.7509],[3.8685,44.7221],[3.8711,44.7099],[3.8753,44.699],[3.8775,44.6953],[3.8804,44.6922],[3.8919,44.6632],[3.9003,44.6221],[3.9118,44.5949],[3.922,44.5803],[3.9433,44.5699],[3.9574,44.5509],[3.9655,44.5355],[3.994,44.4579]]}},{"type":"Feature","properties":{"layer":"admin1"},"geometry":{"type":"LineString","coordinates":[[4.6575,44.3268],[4.6578,44.2817]]}},{"type":"Feature","properties":{"layer":"admin1"},"geometry":{"type":"MultiLineString","coordinates":[[[4.6578,44.2817],[4.6673,44.258],[4.6773,44.2471],[4.6856,44.2403],[4.6884,44.2361],[4.6894,44.2321],[4.6883,44.2274],[4.6881,44.2194],[4.69,44.2149],[4.6937,44.212],[4.7063,44.2061],[4.7151,44.1993],[4.719,44.1946],[4.7213,44.1902],[4.7244,44.1603],[4.7244,44.1523],[4.723,44.1399],[4.7219,44.136],[4.7204,44.1329],[4.7196,44.1295],[4.719,44.1247],[4.7235,44.094],[4.726,44.0888],[4.7295,44.0859]],[[4.7497,44.0913],[4.7609,44.0906],[4.7663,44.0898],[4.773,44.0877],[4.7779,44.0843],[4.825,44.0373],[4.8444,44.0221],[4.8481,44.0172],[4.8498,44.0127],[4.8495,44.0087],[4.8487,44.0051],[4.8475,44.0022],[4.8464,44.0009],[4.8458,44.0004],[4.8455,44.0002],[4.8447,44],[4.8429,43.9997],[4.8398,43.9996]],[[4.7295,44.0859],[4.7331,44.0862],[4.7406,44.0892],[4.7449,44.0906],[4.7497,44.0913]],[[4.8398,43.9996],[4.8344,44.0001],[4.8333,44.0002],[4.8329,44.0004],[4.8285,44.001]],[[4.8285,44.001],[4.825,44.0009],[4.8209,44.0004],[4.8203,43.9993],[4.8201,43.9969],[4.8201,43.9908],[4.822,43.9758],[4.8214,43.9719],[4.82,43.9681],[4.818,43.9646],[4.8129,43.9588],[4.8064,43.9529],[4.8003,43.9488],[4.7881,43.9436],[4.7817,43.9394],[4.7792,43.9372],[4.7728,43.9328]]]}},{"type":"Feature","properties":{"layer":"admin1"},"geometry":{"type":"LineString","coordinates":[[3.8865,46.2762],[3.8211,46.2618],[3.8122,46.2577],[3.8058,46.2536],[3.8032,46.2513],[3.8002,46.2483],[3.7962,46.2448],[3.7894,46.2408],[3.7723,46.2338],[3.7665,46.2288],[3.7668,46.2212],[3.771,46.2168],[3.7746,46.2143],[3.7801,46.2117],[3.783,46.2087],[3.7855,46.2038],[3.7852,46.1897],[3.787,46.18],[3.7903,46.172],[3.7928,46.1619],[3.7928,46.1506],[3.7891,46.1312],[3.7889,46.1192],[3.7903,46.1095],[3.8013,46.0816],[3.8044,46.065],[3.8069,46.0369],[3.8087,46.0299],[3.8117,46.0228],[3.8154,46.0161],[3.8176,46.0086],[3.8163,46.001],[3.8089,45.992],[3.797,45.9854],[3.7805,45.9804],[3.7183,45.9718],[3.6795,45.957]]}},{"type":"Feature","properties":{"layer":"admin1"},"geometry":{"type":"LineString","coordinates":[[3.6795,45.957],[3.6747,45.9483],[3.6756,45.9422],[3.6817,45.9334],[3.6893,45.9279],[3.7148,45.9141],[3.7227,45.9076],[3.7281,45.9],[3.7304,45.892],[3.7285,45.8815],[3.7254,45.8744],[3.7133,45.8579],[3.711,45.8535],[3.7102,45.8499],[3.7097,45.8448],[3.7097,45.8386],[3.7107,45.8319],[3.7108,45.8253],[3.7093,45.819],[3.6961,45.8012],[3.6948,45.7953],[3.697,45.7893],[3.7119,45.7727],[3.7257,45.7528],[3.7296,45.7496],[3.7357,45.7479],[3.7427,45.7447],[3.7521,45.7329],[3.7818,45.6791],[3.7935,45.6616],[3.8039,45.6491],[3.9206,45.5767],[3.9271,45.5701],[3.9321,45.5635],[3.9573,45.5102],[3.9675,45.4982],[3.9692,45.4922],[3.9689,45.4824],[3.9613,45.4643],[3.9535,45.4527],[3.9412,45.4414],[3.9222,45.4274],[3.9079,45.4142],[3.8955,45.3958],[3.8855,45.3587]]}},{"type":"Feature","properties":{"layer":"admin1"},"geometry":{"type":"MultiLineString","coordinates":[[[4.3025,45.3929],[4.3134,45.3899],[4.3256,45.3809],[4.3449,45.3563],[4.3508,45.3436],[4.3517,45.3337],[4.3472,45.3278],[4.3418,45.322],[4.3385,45.3148],[4.3388,45.3067],[4.3466,45.2946],[4.3492,45.2858],[4.3536,45.2785],[4.3591,45.2736],[4.3747,45.2709],[4.4057,45.2694],[4.4296,45.2595],[4.4627,45.2365]],[[4.2646,45.3723],[4.2732,45.3739],[4.2814,45.3781],[4.2951,45.3888],[4.3025,45.3929]],[[4.1709,45.3876],[4.1967,45.387],[4.217,45.3841],[4.2558,45.3729],[4.2646,45.3723]],[[4.0032,45.3448],[4.0117,45.346],[4.0421,45.3464],[4.1276,45.3567],[4.1377,45.3596],[4.1462,45.3644],[4.1506,45.3703],[4.1518,45.377],[4.1521,45.3831],[4.16,45.3867],[4.1709,45.3876]],[[3.9618,45.3699],[3.9706,45.3685],[3.98,45.3616],[3.9872,45.355],[3.9924,45.349],[3.9986,45.3456],[4.0032,45.3448]],[[3.9025,45.3455],[3.9093,45.3482],[3.9211,45.3579],[3.9292,45.3616],[3.9462,45.3644],[3.9618,45.3699]],[[3.8855,45.3587],[3.8902,45.351],[3.8957,45.3475],[3.9025,45.3455]]]}},{"type":"Feature","properties":{"layer":"admin1"},"geometry":{"type":"MultiLineString","coordinates":[[[5.1553,46.5112],[5.1665,46.5094],[5.1786,46.5054],[5.196,46.4951],[5.2137,46.4798],[5.2404,46.4687],[5.311,46.4554]],[[5.0414,46.4909],[5.0641,46.4927],[5.1252,46.509],[5.1553,46.5112]],[[4.96,46.5095],[4.9732,46.5088],[4.9882,46.5057],[5.0253,46.4933],[5.0414,46.4909]],[[4.7978,46.1718],[4.7952,46.179],[4.7944,46.1824],[4.794,46.188],[4.7952,46.1923],[4.8012,46.2031],[4.8152,46.2506],[4.8186,46.2573],[4.8728,46.3376],[4.8745,46.3411],[4.8752,46.345],[4.8751,46.3487],[4.8742,46.356],[4.8742,46.3597],[4.8755,46.3634],[4.8776,46.3668],[4.8859,46.3755],[4.8993,46.3961],[4.9027,46.404],[4.9052,46.4128],[4.9119,46.4472],[4.9133,46.4512],[4.915,46.455],[4.9257,46.4727],[4.9274,46.4767],[4.9337,46.4874],[4.9351,46.4913],[4.9372,46.5005],[4.9376,46.5016],[4.9407,46.5044],[4.9466,46.5072],[4.96,46.5095]]]}},{"type":"Feature","properties":{"layer":"admin1"},"geometry":{"type":"MultiLineString","coordinates":[[[4.6381,46.2992],[4.665,46.2922],[4.673,46.2882],[4.6753,46.2799],[4.6741,46.2733],[4.674,46.2667],[4.6774,46.2613],[4.6973,46.2525],[4.7041,46.2475],[4.7059,46.2388],[4.7031,46.2247],[4.7052,46.218],[4.7142,46.2032],[4.7202,46.1886],[4.7392,46.177],[4.7978,46.1718]],[[4.5916,46.2624],[4.6057,46.2631],[4.6142,46.2673],[4.6189,46.2731],[4.6205,46.2794],[4.6213,46.286],[4.6229,46.2926],[4.6282,46.297],[4.6381,46.2992]],[[4.4228,46.2942],[4.46,46.2819],[4.4989,46.275]],[[4.3839,46.2248],[4.3885,46.2331],[4.3966,46.2541],[4.4029,46.2783],[4.4052,46.2842],[4.4085,46.2898],[4.4142,46.2935],[4.4228,46.2942]],[[4.5453,46.2887],[4.5543,46.2887],[4.5651,46.2801],[4.5719,46.2728],[4.5812,46.2659],[4.5916,46.2624]],[[4.4989,46.275],[4.5176,46.2762],[4.5306,46.2801],[4.5371,46.2856],[4.5453,46.2887]]]}},{"type":"Feature","properties":{"layer":"admin1"},"geometry":{"type":"MultiLineString","coordinates":[[[5.5217,47.2893],[5.5083,47.3008],[5.5032,47.3076],[5.4998,47.3202],[5.4989,47.3286],[5.4982,47.3566],[5.4969,47.3645],[5.4941,47.3712],[5.4848,47.3779],[5.475,47.3818],[5.4654,47.3869],[5.458,47.3953],[5.4543,47.4092],[5.4532,47.4184],[5.4532,47.4261],[5.4521,47.433],[5.4486,47.4395],[5.4394,47.4459],[5.4298,47.4482],[5.4201,47.4494],[5.4123,47.4517],[5.4073,47.4569],[5.4084,47.4655],[5.4103,47.4727],[5.4154,47.4862],[5.4216,47.4921],[5.4303,47.4956],[5.4394,47.4975],[5.4556,47.4988],[5.459,47.4996],[5.4607,47.5006],[5.4714,47.513],[5.4862,47.5248],[5.4927,47.531],[5.4958,47.5383],[5.4962,47.546],[5.4944,47.5532],[5.4914,47.5605],[5.4868,47.5673],[5.4806,47.5732],[5.4753,47.58],[5.4759,47.586],[5.4786,47.5924],[5.4787,47.5986],[5.4756,47.605],[5.4691,47.6113],[5.4612,47.6166],[5.4512,47.6194]],[[5.4512,47.6194],[5.4407,47.6186],[5.4278,47.6119],[5.4218,47.6049],[5.4088,47.5968]],[[5.4088,47.5968],[5.3749,47.6078]]]}},{"type":"Feature","properties":{"layer":"admin1"},"geometry":{"type":"LineString","coordinates":[[5.2506,46.9812],[5.268,46.9909],[5.3003,47.0027],[5.3066,47.007],[5.3107,47.0133],[5.3091,47.022],[5.3046,47.0281],[5.3017,47.0353],[5.3004,47.0435],[5.3021,47.0503],[5.3068,47.056],[5.3156,47.0598],[5.3365,47.066],[5.3492,47.0726],[5.3661,47.0778],[5.3826,47.0814],[5.3929,47.0878],[5.4044,47.0986],[5.4859,47.1911],[5.4939,47.2025],[5.4979,47.2295],[5.5217,47.2893]]}},{"type":"Feature","properties":{"layer":"admin1"},"geometry":{"type":"LineString","coordinates":[[5.2502,46.981],[5.2506,46.9812]]}},{"type":"Feature","properties":{"layer":"admin1"},"geometry":{"type":"MultiLineString","coordinates":[[[0.4172,48.9461],[0.4128,48.9415],[0.3957,48.9132],[0.397,48.9058],[0.4011,48.8972],[0.4067,48.8925],[0.4214,48.8836],[0.4302,48.8812],[0.4404,48.8807]],[[0.4635,48.8817],[0.5405,48.8675],[0.5503,48.8673]],[[0.4404,48.8807],[0.4635,48.8817]],[[0.5919,48.878],[0.5998,48.8739],[0.6049,48.8677],[0.6066,48.861],[0.6096,48.8539],[0.6137,48.8463],[0.66,48.8034],[0.6722,48.7964],[0.6867,48.7913],[0.7238,48.7845],[0.7349,48.7799],[0.7421,48.7757],[0.7472,48.7701],[0.7559,48.7584],[0.7596,48.7516],[0.7599,48.7506],[0.7599,48.7497],[0.7584,48.7437],[0.756,48.7382],[0.7517,48.732],[0.7444,48.7256],[0.736,48.7197],[0.7295,48.7134],[0.73,48.7063],[0.7366,48.7025],[0.7481,48.6993],[0.7548,48.6937],[0.7689,48.6788],[0.7801,48.6748],[0.7899,48.6729],[0.8164,48.6651]],[[0.5503,48.8673],[0.5593,48.8695],[0.5769,48.8772],[0.5919,48.878]]]}},{"type":"Feature","properties":{"layer":"admin1"},"geometry":{"type":"MultiLineString","coordinates":[[[3.0125,47.9089],[3.0212,47.9111],[3.0292,47.9165],[3.045,47.9299],[3.0549,47.9358],[3.0759,47.9441],[3.085,47.9488],[3.0937,47.9575],[3.1123,47.9887],[3.1179,48.0008],[3.1145,48.0184],[3.1123,48.0257],[3.108,48.0324],[3.0921,48.0439],[3.0615,48.0607],[3.0528,48.0675],[3.0451,48.0764],[3.0268,48.1251],[3.0227,48.1318],[3.0155,48.1375],[3.0081,48.1419],[2.9946,48.1467],[2.9566,48.1543],[2.9387,48.1559]],[[2.9387,48.1559],[2.9256,48.1559]],[[2.9992,47.9096],[3.0125,47.9089]],[[2.8997,47.7627],[2.9089,47.7631],[2.9182,47.765],[2.9503,47.7791],[2.9826,47.7878],[2.9924,47.7924],[3,47.8012],[3.0013,47.8086],[3,47.8155],[2.9975,47.823],[2.9989,47.829],[3.002,47.8336],[3.0071,47.8391],[3.0121,47.8472],[3.0102,47.8538],[3.0005,47.8649],[2.9963,47.8749],[2.9922,47.8999],[2.9946,47.9073],[2.9992,47.9096]],[[2.8808,47.7636],[2.8997,47.7627]],[[2.9693,47.5676],[2.9606,47.5833],[2.9311,47.6091],[2.925,47.619],[2.9246,47.6271],[2.9343,47.6392],[2.9343,47.6486],[2.9284,47.6595],[2.9146,47.6775],[2.9035,47.6866],[2.8753,47.7042],[2.8667,47.7083],[2.8566,47.7106],[2.8473,47.7109],[2.8369,47.7159],[2.8327,47.7221],[2.8309,47.7301],[2.832,47.7394],[2.8349,47.7491],[2.836,47.7507],[2.8428,47.7559],[2.8509,47.7594],[2.8603,47.7619],[2.8808,47.7636]]]}},{"type":"Feature","properties":{"layer":"admin1"},"geometry":{"type":"LineString","coordinates":[[2.8747,47.5205],[2.856,47.5364],[2.8586,47.5405],[2.8589,47.5443],[2.8999,47.5599],[2.9097,47.5622],[2.9485,47.5627],[2.9693,47.5676]]}},{"type":"Feature","properties":{"layer":"admin1"},"geometry":{"type":"MultiLineString","coordinates":[[[4.6985,48.022],[4.732,48.0059],[4.7933,47.9969],[4.8048,47.9913],[4.807,47.9854],[4.7975,47.9736],[4.8008,47.9664],[4.8116,47.9625],[4.8473,47.9537],[4.8565,47.9484],[4.8607,47.9438],[4.8604,47.9399],[4.858,47.9348],[4.8476,47.9236],[4.8439,47.917],[4.8435,47.9095],[4.8489,47.9003],[4.8562,47.8962],[4.8644,47.8956]],[[4.8841,47.9126],[4.8946,47.911],[4.9457,47.8664],[4.9679,47.8421],[4.9863,47.8139],[4.9893,47.8072],[4.9894,47.8008],[4.9863,47.7951],[4.9784,47.7912],[4.9696,47.7899],[4.95,47.789],[4.9406,47.7867],[4.9334,47.7818],[4.9316,47.7734],[4.937,47.7662],[4.9469,47.7588],[4.9545,47.751],[4.9547,47.7496],[4.9548,47.7436],[4.9604,47.7148],[4.9635,47.7056],[4.9715,47.6934],[4.9817,47.6878],[4.9914,47.6861]],[[4.8644,47.8956],[4.8708,47.8994],[4.8786,47.9095],[4.8841,47.9126]],[[5.0217,47.7055],[5.0337,47.7038],[5.0433,47.6951],[5.0593,47.6768],[5.0697,47.667],[5.0799,47.66],[5.0996,47.6512],[5.1094,47.6483],[5.1192,47.6478]],[[4.9914,47.6861],[4.9989,47.6882],[5.0043,47.6912],[5.0155,47.7014],[5.0217,47.7055]],[[5.1794,47.6766],[5.1864,47.6724],[5.1896,47.6669],[5.1904,47.6608],[5.1941,47.6535],[5.2036,47.6463],[5.2217,47.6356],[5.2464,47.6253],[5.2578,47.6225],[5.2635,47.619],[5.2667,47.6152],[5.2694,47.601],[5.2756,47.5908],[5.2838,47.5883]],[[5.1192,47.6478],[5.129,47.6485],[5.138,47.6505],[5.1456,47.6549],[5.1515,47.66],[5.1547,47.6659],[5.1609,47.6714],[5.1677,47.6754],[5.1794,47.6766]],[[5.3305,47.6086],[5.3393,47.6074],[5.3451,47.6023],[5.351,47.5949],[5.3586,47.5934]],[[5.2838,47.5883],[5.2938,47.5898],[5.3221,47.6053],[5.3305,47.6086]],[[5.3586,47.5934],[5.3656,47.5967],[5.3706,47.6006],[5.3749,47.6078]]]}},{"type":"Feature","properties":{"layer":"admin1"},"geometry":{"type":"MultiLineString","coordinates":[[[4.643,48.0086],[4.6592,48.0087],[4.6701,48.0108],[4.6985,48.022]],[[4.6102,48.0153],[4.643,48.0086]],[[4.2884,47.9243],[4.3259,47.946],[4.5418,47.9653],[4.5543,47.9692],[4.5604,47.9744],[4.5591,47.9807],[4.559,47.9889],[4.5632,47.9978],[4.5832,48.0107],[4.5972,48.0147],[4.6102,48.0153]]]}},{"type":"Feature","properties":{"layer":"admin1"},"geometry":{"type":"MultiLineString","coordinates":[[[5.2832,49.543],[5.3021,49.5495],[5.3537,49.579],[5.3706,49.5847],[5.3899,49.5933],[5.3912,49.6088]],[[5.1395,49.585],[5.1546,49.5815],[5.1841,49.5641],[5.1935,49.5611],[5.2034,49.5601]],[[4.9787,49.2357],[5.0199,49.263],[5.0427,49.2745],[5.0495,49.2798],[5.0501,49.2884],[5.0469,49.2958],[5.0416,49.3031],[5.0377,49.3099],[5.0363,49.3164],[5.0371,49.3233],[5.0421,49.3321],[5.0722,49.3623],[5.0919,49.3787],[5.1102,49.4115],[5.1139,49.4218],[5.112,49.4303],[5.103,49.447],[5.101,49.453],[5.1005,49.4577],[5.0996,49.4615],[5.0959,49.466],[5.0824,49.4718],[5.0788,49.4768],[5.0717,49.496],[5.0711,49.4989],[5.0713,49.5005],[5.0748,49.5033],[5.0809,49.5094],[5.0947,49.5208],[5.0976,49.5372],[5.0973,49.5422],[5.0996,49.5504],[5.0999,49.5544],[5.0999,49.5586],[5.1008,49.5635],[5.1055,49.5699],[5.1131,49.5764],[5.1263,49.5832],[5.1395,49.585]],[[5.2463,49.5626],[5.255,49.5614],[5.2629,49.5588],[5.2664,49.5537],[5.2689,49.5482],[5.2731,49.544],[5.2832,49.543]],[[5.2034,49.5601],[5.2463,49.5626]]]}},{"type":"Feature","properties":{"layer":"admin1"},"geometry":{"type":"LineString","coordinates":[[4.9921,48.6929],[4.9936,48.7221],[4.9851,48.7463],[4.9828,48.75],[4.9503,48.7709],[4.9172,48.7877],[4.9127,48.7906],[4.908,48.7968],[4.9069,48.8048],[4.9136,48.8167],[4.9302,48.8322],[4.9319,48.8396],[4.9278,48.8493],[4.9234,48.8573],[4.9212,48.8674],[4.9216,48.8785],[4.9288,48.8978],[4.9357,48.9083],[4.9452,48.9157],[4.9553,48.9187],[4.9888,48.9245],[4.9974,48.9272],[5.0026,48.9299],[5.0085,48.9347],[5.0137,48.9407],[5.0174,48.9472],[5.0191,48.9554],[5.0196,48.9656],[5.0172,48.9803],[5.0202,48.9913],[5.0253,48.9969],[5.0287,48.9994],[5.0307,49.0003],[5.0323,49.0018],[5.0341,49.006],[5.0338,49.0125],[5.0267,49.021],[5.0187,49.0256],[4.9978,49.0309],[4.9918,49.0369],[4.987,49.0476],[4.9868,49.0907],[4.9848,49.1028],[4.9789,49.1201],[4.9554,49.1652],[4.9554,49.1731],[4.9583,49.1814],[4.968,49.1929],[4.98,49.2098],[4.9787,49.2357]]}},{"type":"Feature","properties":{"layer":"admin1"},"geometry":{"type":"MultiLineString","coordinates":[[[5.2872,48.5073],[5.2686,48.5108],[5.187,48.5419],[5.117,48.5812],[5.0708,48.5979],[5.0359,48.6181],[5.0245,48.6265],[5.0149,48.6372],[5.0088,48.647],[5.0046,48.6554],[5,48.6869],[4.9921,48.6929]],[[5.4552,48.4192],[5.3563,48.4814],[5.349,48.4897],[5.3452,48.4961],[5.3451,48.4989],[5.3448,48.5004],[5.3353,48.5045],[5.3193,48.5074]],[[5.3193,48.5074],[5.2872,48.5073]]]}},{"type":"Feature","properties":{"layer":"admin1"},"geometry":{"type":"MultiLineString","coordinates":[[[7.1442,48.3321],[7.1348,48.3332],[7.1268,48.335],[7.1156,48.3389],[7.1099,48.3423],[7.1074,48.3458],[7.1043,48.3526],[7.1072,48.3618],[7.1158,48.3779],[7.1181,48.3871],[7.1187,48.4021],[7.1268,48.4473],[7.1277,48.4841],[7.1336,48.4918],[7.1412,48.4965],[7.1489,48.4999],[7.1395,48.5047],[7.0887,48.5234]],[[7.2087,48.3034],[7.209,48.3153],[7.2031,48.3217],[7.1885,48.331],[7.1758,48.3334]],[[7.1758,48.3334],[7.1442,48.3321]]]}},{"type":"Feature","properties":{"layer":"admin1"},"geometry":{"type":"MultiLineString","coordinates":[[[4.094,49.6389],[4.1054,49.642],[4.1176,49.6487],[4.1304,49.6652],[4.141,49.6739],[4.1512,49.6799],[4.1611,49.6827],[4.1698,49.6872],[4.1852,49.6992],[4.2212,49.7202],[4.231,49.7274],[4.2349,49.7367],[4.2353,49.75],[4.2285,49.7614],[4.2126,49.7714],[4.2098,49.7782],[4.2174,49.8135],[4.2236,49.8246],[4.2392,49.8421],[4.2479,49.8545],[4.2499,49.861],[4.2502,49.8702],[4.2466,49.8808],[4.2336,49.898],[4.2243,49.9071],[4.217,49.9168],[4.2181,49.938],[4.2159,49.9544]],[[4.0736,49.6395],[4.094,49.6389]],[[4.0553,49.4073],[4.0472,49.4218],[4.0339,49.4267],[4.0378,49.4345],[4.0435,49.4403],[4.0525,49.4448],[4.0722,49.4476],[4.0673,49.4588],[4.0485,49.4796],[4.043,49.4874],[4.042,49.4961],[4.0485,49.5052],[4.0665,49.5161],[4.0719,49.5226],[4.0699,49.533],[4.0659,49.5417],[4.0656,49.5498],[4.0702,49.5593],[4.0732,49.5673],[4.0705,49.5771],[4.0653,49.5839],[4.0614,49.5908],[4.0567,49.6042],[4.0486,49.6187],[4.0464,49.6257],[4.0542,49.6337],[4.0634,49.6377],[4.0736,49.6395]]]}},{"type":"Feature","properties":{"layer":"admin1"},"geometry":{"type":"LineString","coordinates":[[3.3954,48.4117],[3.3918,48.4211],[3.3946,48.4326],[3.4003,48.4451],[3.4011,48.4496],[3.4005,48.4534],[3.3895,48.4679],[3.391,48.4745],[3.3966,48.4811],[3.4179,48.4931],[3.4206,48.4985],[3.4196,48.5018],[3.4086,48.5132],[3.4041,48.5193],[3.4059,48.5247],[3.4114,48.5276],[3.427,48.5303],[3.4391,48.5305],[3.4514,48.5333],[3.4613,48.5398],[3.4688,48.5519],[3.4763,48.5697],[3.4936,48.5877],[3.5378,48.6134]]}},{"type":"Feature","properties":{"layer":"admin1"},"geometry":{"type":"LineString","coordinates":[[1.7545,49.7656],[1.7535,49.7768],[1.7503,49.7837],[1.7409,49.798],[1.7204,49.82],[1.7102,49.835],[1.6954,49.8742],[1.6809,49.8885],[1.5164,50.0007],[1.3731,50.0657]]}},{"type":"Feature","properties":{"layer":"admin1"},"geometry":{"type":"MultiLineString","coordinates":[[[1.7678,49.2458],[1.7752,49.2464],[1.7803,49.2487],[1.7825,49.2498],[1.7834,49.2512],[1.7766,49.2672],[1.7499,49.311],[1.7212,49.3821],[1.718,49.411]],[[1.7256,49.2704],[1.7353,49.2672],[1.7437,49.2619],[1.7553,49.2505],[1.7572,49.2492],[1.7608,49.2475],[1.7678,49.2458]],[[1.6981,49.2307],[1.6928,49.2431],[1.6909,49.2497],[1.6922,49.2523],[1.7051,49.2656],[1.7149,49.2697],[1.7256,49.2704]]]}},{"type":"Feature","properties":{"layer":"admin1"},"geometry":{"type":"LineString","coordinates":[[1.6199,49.0826],[1.6681,49.1907],[1.6981,49.2307]]}},{"type":"Feature","properties":{"layer":"admin1"},"geometry":{"type":"MultiLineString","coordinates":[[[3.0797,49.1062],[3.1409,49.0931],[3.1491,49.0871],[3.159,49.0781],[3.1741,49.0557],[3.1756,49.0461],[3.1724,49.0362],[3.1682,49.0297],[3.1656,49.0237],[3.1657,49.019],[3.1691,49.0103],[3.176,49.0043],[3.3199,48.9199],[3.3319,48.9174]],[[3.3564,48.9247],[3.3632,48.9205],[3.3673,48.9148],[3.3713,48.8995],[3.3729,48.8873],[3.3746,48.8805],[3.3831,48.8708],[3.4186,48.8529],[3.4352,48.8484],[3.4495,48.8469]],[[3.3319,48.9174],[3.3484,48.9238],[3.3564,48.9247]],[[3.4495,48.8469],[3.4779,48.8501]]]}},{"type":"Feature","properties":{"layer":"admin1"},"geometry":{"type":"MultiLineString","coordinates":[[[3.0453,49.0923],[3.0563,49.0954],[3.0797,49.1062]],[[2.6265,49.0978],[2.651,49.0941],[2.6688,49.0814],[2.6806,49.0758]],[[2.5833,49.0845],[2.6265,49.0978]],[[3.0298,49.0931],[3.0453,49.0923]],[[2.9786,49.0781],[2.9866,49.0789],[3.0023,49.0882],[3.0163,49.0921],[3.0298,49.0931]],[[2.9536,49.0889],[2.9638,49.0864],[2.9786,49.0781]],[[2.8594,49.075],[2.9379,49.0845],[2.9536,49.0889]],[[2.7947,49.0867],[2.8045,49.0859],[2.8594,49.075]],[[2.7557,49.0678],[2.7635,49.0704],[2.7687,49.0741],[2.7741,49.0796],[2.7849,49.0855],[2.7947,49.0867]],[[2.7121,49.0821],[2.7208,49.0801],[2.7305,49.0734],[2.7354,49.071],[2.7458,49.0679],[2.7557,49.0678]],[[2.6806,49.0758],[2.691,49.0759],[2.7121,49.0821]]]}},{"type":"Feature","properties":{"layer":"admin1"},"geometry":{"type":"LineString","coordinates":[[2.3907,48.3136],[2.3906,48.3136]]}},{"type":"Feature","properties":{"layer":"admin1"},"geometry":{"type":"MultiLineString","coordinates":[[[2.4976,48.1529],[2.502,48.1538],[2.5075,48.1572],[2.5089,48.1626],[2.5062,48.1684],[2.5006,48.1765],[2.5,48.1783],[2.5002,48.1812],[2.511,48.1935],[2.5134,48.1998],[2.5137,48.2066],[2.5062,48.2153],[2.4932,48.2247],[2.4369,48.2498],[2.4356,48.2515],[2.4338,48.2546],[2.4201,48.2921],[2.4145,48.301],[2.3995,48.3145]],[[2.3995,48.3145],[2.3907,48.3136]],[[2.8111,48.1308],[2.7955,48.1332],[2.7951,48.1392],[2.7989,48.1456],[2.8032,48.1514],[2.8006,48.1566],[2.7883,48.16]],[[2.7883,48.16],[2.7612,48.1583],[2.7458,48.1544],[2.7359,48.1481],[2.7283,48.1411],[2.7187,48.134],[2.6985,48.1254],[2.6848,48.1226]],[[2.4725,48.1569],[2.4976,48.1529]],[[2.4818,48.1217],[2.4668,48.1243],[2.4573,48.1288],[2.4505,48.1341],[2.4493,48.1401],[2.4508,48.1466],[2.4556,48.1523],[2.4635,48.1564],[2.4725,48.1569]],[[2.9256,48.1559],[2.8251,48.1315],[2.8111,48.1308]],[[2.6848,48.1226],[2.548,48.1301]],[[2.548,48.1301],[2.5318,48.1288],[2.4963,48.1218],[2.4818,48.1217]]]}},{"type":"Feature","properties":{"layer":"admin1"},"geometry":{"type":"MultiLineString","coordinates":[[[2.2559,48.3056],[2.244,48.3085],[2.2378,48.3132],[2.2359,48.3195],[2.2305,48.3263],[2.2215,48.3324],[2.2076,48.3391]],[[2.2076,48.3391],[2.1977,48.3387],[2.1906,48.3346],[2.1821,48.3213],[2.1766,48.3154],[2.1675,48.3097],[2.1335,48.2991],[1.9884,48.2767]],[[2.3604,48.3105],[2.316,48.328]],[[2.316,48.328],[2.3054,48.3271],[2.2992,48.3231],[2.2929,48.3162],[2.2816,48.3106],[2.2559,48.3056]],[[2.3906,48.3136],[2.3604,48.3105]]]}},{"type":"Feature","properties":{"layer":"admin1"},"geometry":{"type":"LineString","coordinates":[[1.9884,48.2767],[1.9723,48.2842],[1.9707,48.2891],[1.9717,48.2949],[1.9769,48.3002],[1.9855,48.3059],[1.9997,48.3199],[1.9987,48.3255],[1.9956,48.3291],[1.9772,48.3359],[1.9681,48.3466],[1.9631,48.3593],[1.9582,48.3825],[1.9507,48.3929],[1.9417,48.4001],[1.9324,48.405],[1.9231,48.4131],[1.92,48.4211],[1.9193,48.4445]]}},{"type":"Feature","properties":{"layer":"lake","name":"Léman"},"geometry":{"type":"Polygon","coordinates":[[[6.8712,46.4587],[6.9165,46.4419],[6.9354,46.4231],[6.9139,46.4043],[6.8677,46.4025],[6.6972,46.4231],[6.4994,46.4093],[6.4947,46.4063],[6.4841,46.3922],[6.4791,46.389],[6.4647,46.3857],[6.4329,46.3716],[6.4176,46.3684],[6.4082,46.3654],[6.3937,46.3513],[6.3837,46.348],[6.3761,46.3507],[6.3555,46.3716],[6.2948,46.3739],[6.2371,46.3124],[6.183,46.2388],[6.1332,46.2047],[6.1362,46.2132],[6.1403,46.2203],[6.1459,46.2265],[6.1532,46.2312],[6.16,46.2689],[6.1765,46.3001],[6.3184,46.4511],[6.3346,46.4614],[6.3528,46.4673],[6.4191,46.4731],[6.4358,46.4796],[6.495,46.5132],[6.5109,46.5176],[6.5977,46.5223],[6.6201,46.5194],[6.7844,46.4784],[6.8712,46.4587]]]}},{"type":"Feature","properties":{"layer":"lake","name":"Constance"},"geometry":{"type":"Polygon","coordinates":[[[9.7186,47.5467],[9.7321,47.5384],[9.7445,47.5199],[9.7024,47.5217],[9.6897,47.5199],[9.6871,47.5164],[9.6815,47.5031],[9.6762,47.4993],[9.6697,47.4984],[9.6488,47.4993],[9.6429,47.5017],[9.6412,47.5105],[9.6347,47.5123],[9.627,47.5105],[9.615,47.5019],[9.6079,47.4993],[9.5929,47.4993],[9.5788,47.5017],[9.5655,47.5064],[9.5529,47.5123],[9.5178,47.4928],[9.4946,47.4881],[9.4021,47.5435],[9.398,47.544],[9.3824,47.5697],[9.3807,47.5744],[9.3712,47.5811],[9.2067,47.6474],[9.1828,47.6706],[9.2064,47.6724],[9.2055,47.6815],[9.1828,47.7042],[9.1749,47.7189],[9.169,47.7333],[9.1616,47.7469],[9.1487,47.7595],[9.131,47.7678],[9.091,47.7792],[9.073,47.7875],[9.0401,47.811],[9.0321,47.8207],[9.0719,47.8166],[9.1761,47.7657],[9.2034,47.7625],[9.2108,47.7595],[9.2158,47.751],[9.2223,47.7292],[9.2267,47.7248],[9.3224,47.6818],[9.3412,47.678],[9.3845,47.6774],[9.403,47.675],[9.4566,47.6565],[9.4881,47.6538],[9.4981,47.65],[9.5072,47.6421],[9.5114,47.6329],[9.5149,47.6232],[9.5217,47.6126],[9.5375,47.5991],[9.5529,47.5935],[9.5944,47.5882],[9.6347,47.5744],[9.6762,47.554],[9.7186,47.5467]]]}},{"type":"Feature","properties":{"layer":"lake","name":null},"geometry":{"type":"Polygon","coordinates":[[[9.066,47.723],[9.1037,47.7006],[9.1275,47.6706],[9.0159,47.6792],[8.9974,47.6741],[8.9812,47.6624],[8.9447,47.6544],[8.9055,47.6521],[8.8811,47.6565],[8.9147,47.6565],[8.9353,47.6683],[8.9862,47.6865],[9.0047,47.7042],[8.9574,47.7283],[8.9462,47.7321],[8.9429,47.7339],[8.9432,47.7383],[8.9462,47.7433],[8.9494,47.7463],[8.9562,47.7474],[8.9615,47.7445],[8.9665,47.741],[8.9712,47.7389],[8.9815,47.7383],[8.9891,47.7371],[9.0047,47.7321],[9.0047,47.7389],[8.9836,47.7463],[8.9836,47.7525],[9.066,47.723]]]}},{"type":"Feature","properties":{"layer":"lake","name":"Côme"},"geometry":{"type":"Polygon","coordinates":[[[8.8461,46.1691],[8.8479,46.1673],[8.849,46.1649],[8.8417,46.1543],[8.7802,46.1176],[8.7534,46.0996],[8.7478,46.0943],[8.746,46.0925],[8.7448,46.0902],[8.7419,46.0834],[8.7419,46.064],[8.7439,46.0534],[8.7528,46.0289],[8.7531,46.0272],[8.7534,46.0175],[8.7531,46.016],[8.7528,46.0157],[8.7522,46.0142],[8.7504,46.0107],[8.746,46.0039],[8.7381,45.9945],[8.7325,45.9898],[8.7201,45.9816],[8.6486,45.9451],[8.6188,45.9227],[8.6168,45.9203],[8.6079,45.9086],[8.6079,45.9083],[8.6079,45.9077],[8.6074,45.9071],[8.6065,45.9059],[8.6062,45.9053],[8.6044,45.8826],[8.6215,45.847],[8.6215,45.827],[8.6182,45.8197],[8.6132,45.8141],[8.6074,45.8099],[8.5803,45.7985],[8.575,45.7943],[8.575,45.794],[8.5729,45.7911],[8.5712,45.7879],[8.5703,45.7837],[8.5703,45.779],[8.5706,45.7784],[8.572,45.7764],[8.572,45.7755],[8.5726,45.7743],[8.5767,45.7681],[8.577,45.7676],[8.5776,45.7667],[8.6206,45.7255],[8.6185,45.724],[8.6165,45.7234],[8.6144,45.7231],[8.6121,45.7222],[8.5941,45.7299],[8.5788,45.7419],[8.5661,45.757],[8.5558,45.7734],[8.5488,45.7911],[8.552,45.8005],[8.56,45.8076],[8.567,45.8185],[8.5744,45.852],[8.5664,45.87],[8.5211,45.8977],[8.5137,45.905],[8.4955,45.9297],[8.4929,45.9377],[8.4943,45.9398],[8.4964,45.9412],[8.4987,45.9424],[8.5014,45.9427],[8.5037,45.943],[8.5146,45.9412],[8.5405,45.933],[8.5603,45.9321],[8.5915,45.943],[8.6156,45.9551],[8.6271,45.9636],[8.6783,46.0104],[8.6877,46.0148],[8.6966,46.0204],[8.7136,46.0387],[8.7139,46.0519],[8.7069,46.0646],[8.7004,46.0811],[8.7001,46.0887],[8.7004,46.0916],[8.7004,46.0919],[8.7107,46.1105],[8.7333,46.1305],[8.7634,46.1493],[8.7952,46.1644],[8.8314,46.1717],[8.8411,46.1714],[8.8437,46.1702],[8.8461,46.1691]]]}},{"type":"Feature","properties":{"layer":"lake","name":"Orient"},"geometry":{"type":"Polygon","coordinates":[[[4.3108,48.2558],[4.2996,48.2665],[4.3045,48.2773],[4.3193,48.2947],[4.3482,48.3071],[4.3726,48.3008],[4.3704,48.2947],[4.3657,48.2867],[4.3582,48.2765],[4.3347,48.2628],[4.3108,48.2558],[4.3108,48.2558]]]}},{"type":"Feature","properties":{"layer":"lake","name":null},"geometry":{"type":"Polygon","coordinates":[[[-2.0954,47.3628],[-2.0945,47.3716],[-2.0921,47.3844],[-2.1097,47.3793],[-2.1243,47.364],[-2.1383,47.3571],[-2.1669,47.3668],[-2.1785,47.3929],[-2.1845,47.4185],[-2.1879,47.4303],[-2.175,47.4185],[-2.1562,47.4042],[-2.1417,47.3972],[-2.1249,47.3947],[-2.104,47.3969],[-2.0885,47.3883],[-2.0784,47.371],[-2.0839,47.3616],[-2.0954,47.3628],[-2.0954,47.3628]]]}},{"type":"Feature","properties":{"layer":"lake","name":"Étang de Bonnevais"},"geometry":{"type":"Polygon","coordinates":[[[4.8132,48.5831],[4.8306,48.5844],[4.8408,48.5764],[4.8257,48.5728],[4.819,48.5701],[4.8062,48.564],[4.7908,48.5561],[4.7804,48.5561],[4.7647,48.5652],[4.7388,48.5652],[4.7129,48.5664],[4.7059,48.5811],[4.7029,48.5956],[4.7047,48.605],[4.7239,48.616],[4.7612,48.616],[4.7892,48.6086],[4.788,48.5996],[4.7943,48.5862],[4.8101,48.5798],[4.8132,48.5831],[4.8132,48.5831]]]}},{"type":"Feature","properties":{"layer":"lake","name":"Walenstadt"},"geometry":{"type":"Polygon","coordinates":[[[9.2061,47.1224],[9.1644,47.1282],[9.138,47.1327],[9.1314,47.1406],[9.1504,47.1446],[9.2322,47.1394],[9.3021,47.1306],[9.28,47.1239],[9.2478,47.1218],[9.2061,47.1224],[9.2061,47.1224]]]}},{"type":"Feature","properties":{"layer":"lake","name":"Zoug"},"geometry":{"type":"Polygon","coordinates":[[[8.5071,47.0756],[8.4794,47.0941],[8.4757,47.1121],[8.4761,47.1233],[8.459,47.1561],[8.462,47.1868],[8.4924,47.1851],[8.5103,47.161],[8.5012,47.1373],[8.4995,47.1254],[8.5137,47.1088],[8.5269,47.0886],[8.5241,47.0741],[8.5071,47.0756],[8.5071,47.0756]]]}},{"type":"Feature","properties":{"layer":"lake","name":"Bienne"},"geometry":{"type":"Polygon","coordinates":[[[7.0916,47.0552],[7.0767,47.0598],[7.0913,47.0695],[7.1119,47.0786],[7.145,47.0956],[7.1976,47.1233],[7.2258,47.1406],[7.2332,47.1388],[7.2283,47.1303],[7.2141,47.1145],[7.2044,47.098],[7.187,47.0774],[7.1533,47.0552],[7.1226,47.0473],[7.1062,47.0507],[7.0916,47.0552],[7.0916,47.0552]]]}},{"type":"Feature","properties":{"layer":"lake","name":"Zurich"},"geometry":{"type":"Polygon","coordinates":[[[8.7232,47.2461],[8.7615,47.2424],[8.7913,47.2452],[8.8064,47.2458],[8.8176,47.2373],[8.8325,47.2275],[8.855,47.2279],[8.8699,47.2275],[8.9067,47.2294],[8.937,47.2282],[8.9221,47.2175],[8.8984,47.2148],[8.8731,47.2136],[8.8523,47.2057],[8.8338,47.202],[8.8052,47.2096],[8.7688,47.2154],[8.731,47.212],[8.7085,47.2178],[8.6907,47.23],[8.6658,47.2461],[8.6367,47.2595],[8.6104,47.2655],[8.5903,47.2765],[8.5781,47.292],[8.5657,47.3072],[8.5581,47.3187],[8.5471,47.3376],[8.5371,47.3607],[8.5523,47.3619],[8.5742,47.337],[8.5982,47.3038],[8.6526,47.2747],[8.7007,47.2567],[8.7232,47.2461],[8.7232,47.2461]]]}},{"type":"Feature","properties":{"layer":"lake","name":"Neuchâtel"},"geometry":{"type":"Polygon","coordinates":[[[6.8867,46.8914],[6.8533,46.8652],[6.8245,46.851],[6.7852,46.8297],[6.7496,46.813],[6.7305,46.8151],[6.6924,46.8048],[6.6597,46.7941],[6.6436,46.8018],[6.6472,46.8173],[6.6675,46.8267],[6.6895,46.8364],[6.7089,46.8501],[6.7341,46.8644],[6.759,46.8838],[6.7717,46.8975],[6.7925,46.9127],[6.8229,46.934],[6.8557,46.9482],[6.8731,46.9664],[6.88,46.9826],[6.9186,46.9948],[6.9649,47.0115],[6.9849,47.0197],[6.9988,47.0154],[7.022,47.0112],[7.0435,47.0023],[7.035,46.9802],[7.0016,46.9589],[6.9546,46.9304],[6.9131,46.9085],[6.8867,46.8914],[6.8867,46.8914]]]}},{"type":"Feature","properties":{"layer":"lake","name":"Morat"},"geometry":{"type":"Polygon","coordinates":[[[7.0567,46.913],[7.041,46.9211],[7.051,46.9403],[7.0889,46.9586],[7.1167,46.9653],[7.1295,46.9583],[7.1087,46.9352],[7.0736,46.9157],[7.0567,46.913],[7.0567,46.913]]]}},{"type":"Feature","properties":{"layer":"lake","name":"Quatre-Cantons"},"geometry":{"type":"Polygon","coordinates":[[[8.3533,47.0488],[8.386,47.0576],[8.421,47.0743],[8.4304,47.0677],[8.4131,47.0494],[8.4237,47.0385],[8.4653,47.03],[8.4876,47.0109],[8.5076,47.0009],[8.5374,46.9999],[8.5623,47.0029],[8.5806,47.009],[8.5991,47.006],[8.6155,46.978],[8.6167,46.947],[8.6171,46.9352],[8.6246,46.9215],[8.6167,46.905],[8.6006,46.8999],[8.5949,46.9157],[8.5879,46.9327],[8.5873,46.955],[8.5949,46.9838],[8.5912,46.9951],[8.57,46.989],[8.5316,46.9764],[8.4937,46.9716],[8.4724,46.9759],[8.4465,46.9817],[8.4221,46.9899],[8.439,46.9999],[8.4147,47.0098],[8.3599,47.0017],[8.3438,46.9905],[8.3384,46.9844],[8.3215,46.9707],[8.2942,46.9616],[8.283,46.9647],[8.2976,46.9777],[8.315,46.9944],[8.3113,47.009],[8.3128,47.0181],[8.324,47.0145],[8.3352,47.0115],[8.3392,47.0275],[8.3323,47.047],[8.3307,47.058],[8.3384,47.0595],[8.3533,47.0488],[8.3533,47.0488]]]}},{"type":"Feature","properties":{"layer":"lake","name":null},"geometry":{"type":"Polygon","coordinates":[[[-1.6915,47.0811],[-1.7073,47.0975],[-1.7006,47.1182],[-1.6705,47.1273],[-1.6423,47.1115],[-1.6389,47.0929],[-1.6483,47.0831],[-1.6659,47.0762],[-1.6915,47.0811],[-1.6915,47.0811]]]}},{"type":"Feature","properties":{"layer":"lake","name":"Côme"},"geometry":{"type":"Polygon","coordinates":[[[9.1292,45.8823],[9.1416,45.895],[9.1383,45.9081],[9.1311,45.9337],[9.1516,45.9656],[9.1848,45.9766],[9.2009,45.9823],[9.2144,45.9893],[9.231,45.9954],[9.2373,46.0064],[9.2365,46.0285],[9.2446,46.047],[9.2568,46.0582],[9.2708,46.0735],[9.2793,46.1027],[9.2854,46.1343],[9.2988,46.1443],[9.3076,46.1516],[9.3244,46.158],[9.3392,46.1625],[9.3489,46.1722],[9.3701,46.175],[9.3799,46.1619],[9.3731,46.1486],[9.3557,46.1425],[9.3286,46.1343],[9.317,46.1233],[9.3162,46.1039],[9.3054,46.0872],[9.3062,46.0786],[9.3131,46.0671],[9.3076,46.0535],[9.2937,46.0398],[9.2849,46.0258],[9.2942,45.9972],[9.303,45.9674],[9.3079,45.9537],[9.3137,45.9358],[9.3203,45.9209],[9.3311,45.9111],[9.3413,45.9036],[9.3632,45.8942],[9.3838,45.8705],[9.3923,45.8571],[9.4082,45.8416],[9.4129,45.8193],[9.4004,45.8197],[9.3964,45.8397],[9.3815,45.8589],[9.366,45.8695],[9.3562,45.8814],[9.3355,45.8911],[9.3097,45.9057],[9.282,45.9473],[9.2693,45.9765],[9.2647,45.9847],[9.2468,45.985],[9.2232,45.968],[9.1983,45.9568],[9.1681,45.9495],[9.1541,45.9334],[9.156,45.8991],[9.1475,45.8707],[9.1271,45.8665],[9.1061,45.854],[9.0894,45.8379],[9.083,45.8289],[9.0759,45.8228],[9.0675,45.8267],[9.0733,45.8422],[9.0847,45.8541],[9.0924,45.8607],[9.1069,45.8723],[9.1192,45.8774],[9.1292,45.8823],[9.1292,45.8823]]]}},{"type":"Feature","properties":{"layer":"lake","name":"Annecy"},"geometry":{"type":"Polygon","coordinates":[[[6.218,45.8021],[6.2111,45.8194],[6.2005,45.837],[6.1843,45.8449],[6.1654,45.8538],[6.1511,45.8586],[6.145,45.8805],[6.1393,45.9057],[6.1472,45.9136],[6.173,45.8942],[6.1887,45.8632],[6.2007,45.8513],[6.2207,45.8397],[6.2323,45.8222],[6.228,45.8085],[6.218,45.8021],[6.218,45.8021]]]}},{"type":"Feature","properties":{"layer":"lake","name":"Lugano"},"geometry":{"type":"Polygon","coordinates":[[[8.9656,45.9528],[8.9751,45.9385],[8.983,45.9215],[8.9773,45.9143],[8.9714,45.924],[8.9602,45.9388],[8.928,45.9279],[8.9015,45.9127],[8.8927,45.9419],[8.886,45.9744],[8.8897,45.9817],[8.8945,45.9911],[8.9033,45.9993],[8.9064,45.9875],[8.9031,45.9665],[8.9027,45.9501],[8.9088,45.9364],[8.9249,45.9364],[8.9392,45.9531],[8.9517,45.975],[8.9533,45.9981],[8.9605,46.0124],[8.9741,46.0112],[8.9898,46.0109],[9.0216,46.0233],[9.0667,46.0334],[9.1045,46.0394],[9.1218,46.0413],[9.1106,46.0264],[9.0684,46.0178],[9.0393,46.017],[9.0071,46.0033],[8.9714,45.975],[8.9656,45.9528],[8.9656,45.9528]]]}},{"type":"Feature","properties":{"layer":"lake","name":"Brienz"},"geometry":{"type":"Polygon","coordinates":[[[7.9046,46.6984],[7.8941,46.7063],[7.9131,46.7172],[7.949,46.7373],[7.9841,46.7583],[8.0055,46.7653],[8.0305,46.765],[8.0483,46.7555],[8.0377,46.7467],[8.0106,46.7398],[7.9854,46.7275],[7.9705,46.7215],[7.9441,46.7094],[7.9046,46.6984],[7.9046,46.6984]]]}},{"type":"Feature","properties":{"layer":"lake","name":"Thoune"},"geometry":{"type":"Polygon","coordinates":[[[7.7344,46.6722],[7.7036,46.6868],[7.686,46.6975],[7.6565,46.7108],[7.6444,46.7224],[7.6372,46.7285],[7.6332,46.7428],[7.645,46.7525],[7.6658,46.743],[7.6834,46.7306],[7.7073,46.7212],[7.7393,46.7033],[7.7776,46.6914],[7.8164,46.6865],[7.8223,46.6741],[7.8086,46.6704],[7.7962,46.6692],[7.7769,46.6644],[7.7344,46.6722],[7.7344,46.6722]]]}},{"type":"Feature","properties":{"layer":"lake","name":null},"geometry":{"type":"Polygon","coordinates":[[[6.3411,44.4693],[6.3074,44.4757],[6.2831,44.4802],[6.2734,44.4854],[6.2888,44.4963],[6.3076,44.5084],[6.322,44.5222],[6.3652,44.5347],[6.401,44.5435],[6.4143,44.5461],[6.4253,44.5425],[6.4143,44.5389],[6.3989,44.5347],[6.3828,44.5301],[6.3515,44.5216],[6.3229,44.5067],[6.3119,44.4918],[6.3164,44.4786],[6.3362,44.4744],[6.3555,44.4717],[6.3411,44.4693],[6.3411,44.4693]]]}},{"type":"Feature","properties":{"layer":"lake","name":"Petit étang de Biscarrosse"},"geometry":{"type":"Polygon","coordinates":[[[-1.1866,44.3152],[-1.1933,44.3292],[-1.1997,44.365],[-1.1937,44.3923],[-1.1727,44.3854],[-1.1417,44.3662],[-1.1122,44.358],[-1.0994,44.3517],[-1.1246,44.3422],[-1.1623,44.3334],[-1.176,44.3222],[-1.1866,44.3152],[-1.1866,44.3152]]]}},{"type":"Feature","properties":{"layer":"lake","name":"étang de Cazaux et de Sanguinet"},"geometry":{"type":"Polygon","coordinates":[[[-1.1797,44.4435],[-1.1954,44.4559],[-1.1973,44.4721],[-1.1979,44.493],[-1.1936,44.5167],[-1.1724,44.5322],[-1.1505,44.5325],[-1.1332,44.5252],[-1.1155,44.5176],[-1.0906,44.5039],[-1.0912,44.4936],[-1.1298,44.4738],[-1.1511,44.4568],[-1.1596,44.4486],[-1.1797,44.4435],[-1.1797,44.4435]]]}},{"type":"Feature","properties":{"layer":"lake","name":null},"geometry":{"type":"Polygon","coordinates":[[[-5.0771,42.9558],[-5.0813,42.9635],[-5.0605,42.9805],[-5.044,42.9854],[-5.0261,42.9933],[-5.0096,43.0051],[-5.0078,43.0149],[-4.9999,43.0034],[-4.9884,42.9842],[-4.9798,42.9708],[-4.9853,42.9666],[-4.9996,42.9663],[-5.0094,42.9688],[-5.019,42.968],[-5.0343,42.97],[-5.0525,42.9529],[-5.0771,42.9558]]]}},{"type":"Feature","properties":{"layer":"lake","name":"Iseo"},"geometry":{"type":"Polygon","coordinates":[[[10.0282,45.6659],[10.0082,45.6693],[9.9931,45.6735],[9.9773,45.6714],[9.9712,45.6747],[9.9896,45.6851],[10.0264,45.6905],[10.0501,45.6945],[10.052,45.7051],[10.0501,45.7282],[10.0457,45.7532],[10.0371,45.7711],[10.052,45.792],[10.0708,45.8146],[10.0806,45.8276],[10.0969,45.8188],[10.0947,45.7997],[10.0784,45.7924],[10.0714,45.7844],[10.0803,45.7659],[10.0918,45.7473],[10.1021,45.7343],[10.1104,45.7181],[10.0994,45.6975],[10.0669,45.6765],[10.0282,45.6659],[10.0282,45.6659]]]}},{"type":"Feature","properties":{"layer":"lake","name":"Hourtin et de Carcans"},"geometry":{"type":"Polygon","coordinates":[[[-1.0851,45.1267],[-1.0903,45.113],[-1.097,45.0948],[-1.1101,45.0741],[-1.1268,45.0708],[-1.1383,45.0769],[-1.1393,45.0978],[-1.1411,45.1198],[-1.1405,45.1289],[-1.1381,45.1453],[-1.1368,45.1626],[-1.1277,45.1845],[-1.1256,45.2116],[-1.1161,45.2185],[-1.0983,45.2118],[-1.0906,45.1993],[-1.0803,45.1808],[-1.0767,45.1641],[-1.0824,45.1486],[-1.0851,45.1267],[-1.0851,45.1267]]]}},{"type":"Feature","properties":{"layer":"lake","name":"du Bourget"},"geometry":{"type":"Polygon","coordinates":[[[5.8692,45.6616],[5.8587,45.6808],[5.8606,45.6993],[5.8596,45.7182],[5.8457,45.751],[5.8311,45.782],[5.8223,45.8024],[5.8257,45.8115],[5.8433,45.8118],[5.8618,45.7944],[5.8716,45.7732],[5.8821,45.7583],[5.8865,45.7461],[5.881,45.7365],[5.887,45.7255],[5.8889,45.7169],[5.891,45.7055],[5.8949,45.6787],[5.8861,45.6583],[5.8692,45.6616],[5.8692,45.6616]]]}},{"type":"Feature","properties":{"layer":"lake","name":null},"geometry":{"type":"Polygon","coordinates":[[[-6.03,41.6523],[-6.0178,41.6414],[-5.995,41.6317],[-5.9765,41.615],[-5.9598,41.6132],[-5.9382,41.6128],[-5.9277,41.6212],[-5.9275,41.6295],[-5.9133,41.652],[-5.9004,41.6641],[-5.8848,41.6856],[-5.8711,41.6954],[-5.8555,41.7051],[-5.8364,41.717],[-5.8081,41.7183],[-5.8057,41.7089],[-5.8125,41.7032],[-5.8223,41.7032],[-5.8301,41.6934],[-5.8437,41.6837],[-5.8516,41.6739],[-5.8574,41.6681],[-5.8586,41.6569],[-5.873,41.6505],[-5.8867,41.6485],[-5.8945,41.6401],[-5.907,41.6087],[-5.9141,41.6046],[-5.9293,41.5942],[-5.945,41.5883],[-5.959,41.5779],[-5.9593,41.5668],[-5.959,41.5432],[-5.9825,41.5502],[-5.9789,41.5648],[-5.9805,41.5821],[-5.985,41.5985],[-5.9892,41.6137],[-5.9941,41.6213],[-6.0051,41.6335],[-6.0224,41.6381],[-6.0327,41.6511],[-6.03,41.6523],[-6.03,41.6523]]]}},{"type":"Feature","properties":{"layer":"lake","name":null},"geometry":{"type":"Polygon","coordinates":[[[-6.2385,41.2399],[-6.2562,41.2478],[-6.2765,41.2505],[-6.2808,41.2374],[-6.284,41.2253],[-6.2956,41.2414],[-6.3069,41.2603],[-6.3218,41.2794],[-6.3236,41.2955],[-6.3102,41.2994],[-6.295,41.2907],[-6.2753,41.2858],[-6.2567,41.2888],[-6.2473,41.2694],[-6.2388,41.2631],[-6.2281,41.2556],[-6.2194,41.2492],[-6.1965,41.2385],[-6.1741,41.218],[-6.1996,41.2211],[-6.2172,41.2301],[-6.2385,41.2399],[-6.2385,41.2399]]]}},{"type":"Feature","properties":{"layer":"lake","name":null},"geometry":{"type":"Polygon","coordinates":[[[4.6011,43.5187],[4.5835,43.5147],[4.5706,43.5141],[4.5479,43.5139],[4.5178,43.5163],[4.5081,43.5071],[4.5181,43.4995],[4.526,43.4953],[4.5142,43.4907],[4.4999,43.4847],[4.4917,43.481],[4.4722,43.4835],[4.4514,43.4792],[4.4429,43.4829],[4.4448,43.5014],[4.4393,43.5151],[4.433,43.5251],[4.4448,43.5294],[4.4683,43.5288],[4.5077,43.5314],[4.5308,43.5363],[4.5078,43.5443],[4.4871,43.5591],[4.4922,43.5765],[4.5117,43.5819],[4.5372,43.5847],[4.5625,43.5849],[4.5889,43.5828],[4.6135,43.5792],[4.6326,43.5655],[4.6387,43.5473],[4.6242,43.532],[4.6011,43.5187],[4.6011,43.5187]]]}},{"type":"Feature","properties":{"layer":"lake","name":null},"geometry":{"type":"Polygon","coordinates":[[[4.2566,43.4789],[4.2321,43.4792],[4.2208,43.4877],[4.2168,43.5075],[4.2235,43.5214],[4.2293,43.532],[4.2162,43.5436],[4.1974,43.5479],[4.189,43.5658],[4.2011,43.5734],[4.2266,43.5649],[4.2439,43.5469],[4.2461,43.5253],[4.2509,43.5133],[4.2688,43.5062],[4.278,43.5133],[4.2937,43.5284],[4.3154,43.523],[4.3167,43.499],[4.3139,43.4829],[4.2944,43.4789],[4.2566,43.4789],[4.2566,43.4789]]]}},{"type":"Feature","properties":{"layer":"lake","name":null},"geometry":{"type":"Polygon","coordinates":[[[-3.9978,42.9869],[-4.0398,42.9854],[-4.0781,42.9918],[-4.0735,43.0043],[-4.0519,43.0155],[-4.0292,43.0186],[-4.0203,43.0134],[-4.0373,43.0088],[-4.0559,43.0027],[-4.0474,42.9933],[-4.0231,42.9906],[-4.0066,42.9997],[-3.996,43.0182],[-3.9802,43.0286],[-3.9674,43.0243],[-3.9501,43.0319],[-3.9178,43.0453],[-3.8857,43.041],[-3.8686,43.0277],[-3.8711,43.0076],[-3.8917,42.9976],[-3.9152,42.9991],[-3.9358,43.0015],[-3.948,43],[-3.9592,42.9976],[-3.9798,42.9949],[-3.9918,42.99],[-3.9978,42.9869],[-3.9978,42.9869]]]}},{"type":"Feature","properties":{"layer":"lake","name":"Sainte-Croix"},"geometry":{"type":"Polygon","coordinates":[[[6.1751,43.7401],[6.1533,43.745],[6.143,43.7532],[6.1585,43.7687],[6.1773,43.7821],[6.1992,43.8009],[6.2205,43.8079],[6.2083,43.786],[6.1868,43.7678],[6.177,43.7541],[6.1797,43.7389],[6.1751,43.7401],[6.1751,43.7401]]]}},{"type":"Feature","properties":{"layer":"lake","name":null},"geometry":{"type":"Polygon","coordinates":[[[3.5288,43.3455],[3.5258,43.3513],[3.5258,43.3621],[3.5291,43.3804],[3.5419,43.3956],[3.5504,43.4044],[3.5735,43.4235],[3.5996,43.4427],[3.6192,43.4564],[3.6449,43.4643],[3.6574,43.4716],[3.6653,43.4795],[3.6747,43.4713],[3.6838,43.46],[3.6929,43.4484],[3.6914,43.4351],[3.6765,43.4321],[3.6506,43.4196],[3.6255,43.4011],[3.6149,43.3959],[3.5886,43.3798],[3.5586,43.3564],[3.5449,43.347],[3.5288,43.3455],[3.5288,43.3455]]]}},{"type":"Feature","properties":{"layer":"river","name":"Vienne","rank":9},"geometry":{"type":"LineString","coordinates":[[1.9802,45.7037],[1.9201,45.6955],[1.8936,45.6962],[1.871,45.7099],[1.8582,45.6994],[1.846,45.6939],[1.8394,45.6964],[1.8432,45.7099],[1.8308,45.7158],[1.7886,45.7242],[1.7367,45.7421],[1.7183,45.7459],[1.7161,45.7467],[1.7007,45.7545],[1.6892,45.762],[1.6811,45.7654],[1.6514,45.7652],[1.6087,45.7772],[1.5571,45.7829],[1.5252,45.7938],[1.4975,45.809],[1.4544,45.8443],[1.3975,45.9023],[1.3831,45.8949],[1.3338,45.88],[1.323,45.8716],[1.3135,45.8533],[1.2915,45.8415],[1.2473,45.8266],[1.2151,45.8041],[1.1983,45.7957],[1.1753,45.7924],[1.1535,45.7961],[1.1384,45.8056],[1.117,45.8341],[1.0868,45.8631],[1.0539,45.8756],[0.8805,45.8955],[0.7949,45.8819],[0.7507,45.8844],[0.6934,45.8956],[0.6528,45.9172],[0.6584,45.9508],[0.6557,45.9656],[0.6846,46.0688],[0.6875,46.0892],[0.6877,46.1085],[0.6846,46.1275],[0.6795,46.1445],[0.6719,46.1624],[0.6787,46.1624],[0.6777,46.1701],[0.6725,46.1912],[0.6719,46.1971],[0.6773,46.2056],[0.6841,46.2127],[0.6885,46.2205],[0.6856,46.2313],[0.6924,46.2313],[0.6868,46.2438],[0.688,46.2468],[0.6924,46.2518],[0.6886,46.257],[0.6877,46.2591],[0.6924,46.2661],[0.6856,46.2661],[0.6912,46.2842],[0.6894,46.3278],[0.7048,46.3636],[0.7048,46.3846],[0.6958,46.4296],[0.689,46.4368],[0.6803,46.4433],[0.6719,46.451],[0.6642,46.4617],[0.6455,46.5012],[0.6415,46.5068],[0.6387,46.5133],[0.6371,46.5255],[0.6382,46.5331],[0.6432,46.5518],[0.6441,46.5602],[0.6359,46.5718],[0.603,46.6013],[0.596,46.6123],[0.552,46.7084],[0.5441,46.7373],[0.5348,46.8377],[0.5379,46.8539],[0.5515,46.8748],[0.5546,46.8924],[0.56,46.9039],[0.584,46.9309],[0.5894,46.947],[0.5856,46.9649],[0.5706,46.9888],[0.5689,47.0053],[0.5546,47.0537],[0.5447,47.0775],[0.5181,47.0989],[0.4859,47.1148],[0.459,47.122],[0.3405,47.1363],[0.3218,47.1458],[0.3034,47.1481],[0.195,47.1766],[0.1584,47.1802],[0.127,47.1896],[0.0996,47.2029],[0.0754,47.2182]]}},{"type":"Feature","properties":{"layer":"river","name":"Rhein","rank":4},"geometry":{"type":"MultiLineString","coordinates":[[[9.1829,47.6707],[9.2338,47.6564],[9.2726,47.6503],[9.5493,47.5338],[9.5523,47.5293],[9.5532,47.5211],[9.5527,47.515],[9.5544,47.5112]],[[9.1276,47.6707],[9.079,47.6887],[9.0522,47.6955],[9.0281,47.6949],[8.9871,47.6775],[8.965,47.6713],[8.9474,47.6651],[8.9289,47.6596],[8.9077,47.6551],[8.8931,47.6563],[8.8811,47.6564]]]}},{"type":"Feature","properties":{"layer":"river","name":"Rhein","rank":4},"geometry":{"type":"MultiLineString","coordinates":[[[9.1276,47.6707],[9.1829,47.6707]],[[9.4087,46.8346],[9.4963,46.8631],[9.5322,46.8875],[9.5527,46.9308],[9.5459,46.9614],[9.5459,46.9643],[9.5405,46.9747],[9.4956,47.0265],[9.4846,47.0432],[9.477,47.0599],[9.4754,47.0735],[9.487,47.0843],[9.5024,47.095],[9.5119,47.1083],[9.5112,47.1297],[9.5029,47.1456],[9.4922,47.1601],[9.4844,47.1766],[9.4868,47.2103],[9.5039,47.244],[9.5527,47.3001],[9.5868,47.3281],[9.5907,47.3349],[9.5959,47.3526],[9.6005,47.3615],[9.6392,47.3948],[9.6489,47.41],[9.6498,47.4523],[9.6211,47.4695],[9.584,47.481],[9.5544,47.5112]],[[8.7102,46.6227],[8.7141,46.6507],[8.7294,46.6693],[8.7478,46.6757],[8.7509,46.6763],[8.8291,46.6877],[8.8682,46.7149],[8.8923,46.7265],[8.9177,46.7343],[8.9649,46.7396],[9.0456,46.7578],[9.1357,46.7857],[9.1471,46.7867],[9.1829,46.7857],[9.197,46.7884],[9.2261,46.7974],[9.2646,46.8024],[9.3046,46.8161],[9.3466,46.8216],[9.3896,46.8321],[9.4155,46.8346]]]}},{"type":"Feature","properties":{"layer":"river","name":"Dora Baltea","rank":9},"geometry":{"type":"LineString","coordinates":[[6.8827,45.8056],[6.9285,45.8153],[6.9497,45.8153],[7.1049,45.7456],[7.1332,45.739],[7.231,45.7293],[7.2429,45.7327],[7.2543,45.7384],[7.2686,45.7438],[7.303,45.7487],[7.3381,45.7486],[7.4081,45.7451],[7.4628,45.7519],[7.4673,45.754],[7.4761,45.7615],[7.4807,45.7642],[7.4872,45.7649],[7.4922,45.7628],[7.4968,45.7602],[7.5024,45.7593],[7.5247,45.7654],[7.5341,45.7659],[7.5442,45.764],[7.5668,45.757],[7.5788,45.7554],[7.6358,45.7588],[7.6514,45.7504],[7.6614,45.7227],[7.6667,45.6984],[7.6733,45.6861],[7.6867,45.6793],[7.7122,45.6715],[7.7322,45.6606],[7.759,45.6299],[7.7775,45.6153],[7.8233,45.5914],[7.8342,45.5763],[7.8406,45.5472],[7.8403,45.5373],[7.8379,45.5316],[7.8372,45.5261],[7.8416,45.5161],[7.8518,45.505],[7.8936,45.4837],[7.9074,45.4667],[7.9172,45.4234],[7.9255,45.409],[7.9396,45.392],[7.948,45.3697],[7.9568,45.326],[7.9551,45.3236],[7.9507,45.321],[7.9468,45.3178],[7.9458,45.3131],[7.9487,45.3094],[7.9579,45.3021],[7.9612,45.2981],[7.9677,45.2875],[8.0186,45.2283],[8.0363,45.2134]]}},{"type":"Feature","properties":{"layer":"river","name":"Durance","rank":9},"geometry":{"type":"LineString","coordinates":[[6.6812,44.9222],[6.6596,44.9116],[6.6215,44.8841],[6.5808,44.8404],[6.5751,44.8277],[6.5725,44.8099],[6.5745,44.7665],[6.5778,44.7483],[6.5986,44.7032],[6.603,44.681],[6.5933,44.657],[6.5432,44.6113],[6.5283,44.5922],[6.5049,44.5683],[6.4758,44.5579],[6.3999,44.5519],[6.3906,44.5493],[6.3652,44.5347],[6.3247,44.4936],[6.297,44.4768],[6.2587,44.4678],[6.0944,44.4736],[6.0735,44.4676],[6.032,44.4344],[6.0163,44.4257],[5.9817,44.4141],[5.9661,44.4057],[5.9558,44.3955],[5.9373,44.3624],[5.928,44.3536],[5.9177,44.3458],[5.9086,44.337],[5.9038,44.3254],[5.9065,44.3165],[5.9142,44.3125],[5.9196,44.306],[5.9162,44.2895],[5.9143,44.2685],[5.9226,44.2469],[5.9375,44.2298],[5.9553,44.2223],[5.9599,44.2095],[5.9651,44.1826],[5.9697,44.1696],[6.0042,44.1135],[6.0112,44.0965],[6.0098,44.0794],[5.9963,44.0598],[5.9404,44.014],[5.9238,43.9929],[5.9118,43.9691],[5.8869,43.8942],[5.8711,43.8629],[5.759,43.7362],[5.7356,43.7179],[5.7109,43.7061],[5.6445,43.6949],[5.6223,43.6807],[5.5825,43.666],[5.5309,43.6693],[5.4136,43.6952],[5.3952,43.7019],[5.3779,43.7112],[5.3473,43.7344],[5.3366,43.7398],[5.3249,43.7416],[5.3083,43.7421],[5.2546,43.7493],[5.1926,43.7491],[5.0872,43.7868],[5.0659,43.7985],[4.9685,43.8667],[4.9059,43.8955],[4.7725,43.9328],[4.7627,43.9322]]}},{"type":"Feature","properties":{"layer":"river","name":"Tarn","rank":9},"geometry":{"type":"LineString","coordinates":[[3.5852,44.2191],[3.5811,44.2464],[3.5839,44.2699],[3.5959,44.2964],[3.5979,44.3128],[3.59,44.3343],[3.5715,44.3588],[3.5635,44.3628],[3.5571,44.3729],[3.54,44.375],[3.5282,44.3746],[3.5146,44.3705],[3.506,44.3644],[3.4985,44.3565],[3.4898,44.3497],[3.4777,44.3469],[3.4673,44.3494],[3.4348,44.3662],[3.4211,44.3679],[3.4091,44.3655],[3.3128,44.3245],[3.2516,44.3231],[3.2393,44.3148],[3.2297,44.2524],[3.2251,44.2401],[3.2192,44.2314],[3.2119,44.2254],[3.2029,44.221],[3.1638,44.2083],[3.1237,44.1784],[3.1022,44.1409],[3.0767,44.1094],[3.0247,44.0979],[2.9714,44.0968],[2.9189,44.0888],[2.9163,44.0864],[2.9142,44.0821],[2.9109,44.0776],[2.9052,44.0749],[2.8835,44.076],[2.8415,44.0882],[2.8202,44.0875],[2.8144,44.0843],[2.8034,44.0743],[2.7978,44.0704],[2.7883,44.0672],[2.7686,44.0629],[2.7593,44.0591],[2.7477,44.0503],[2.7267,44.0286],[2.7151,44.0194],[2.6816,44.0096],[2.6094,44.0158],[2.5759,44.0109],[2.5545,43.9989],[2.516,43.9688],[2.495,43.9571],[2.4666,43.9506],[2.1157,43.9361],[2.0662,43.9261],[1.9865,43.9186],[1.9611,43.9132],[1.9067,43.8917],[1.8189,43.8746],[1.8088,43.8692],[1.7922,43.8538],[1.7861,43.8494],[1.7644,43.8387],[1.7272,43.8089],[1.7066,43.7973],[1.6755,43.7906],[1.6438,43.7924],[1.6117,43.801],[1.5803,43.8143],[1.5186,43.8512],[1.4707,43.8961],[1.4514,43.908],[1.3854,43.9235],[1.3661,43.9343],[1.3552,43.9482],[1.329,44.0113],[1.3269,44.0181],[1.324,44.0246],[1.3171,44.0339],[1.2471,44.1038],[1.2258,44.1155],[1.1992,44.1185],[1.1428,44.1075],[1.1235,44.107],[1.0855,44.1177],[1.0708,44.1174],[1.0581,44.1131],[1.0459,44.106],[1.0359,44.0965],[1.0291,44.0828]]}},{"type":"Feature","properties":{"layer":"river","name":"Marne","rank":9},"geometry":{"type":"LineString","coordinates":[[5.4077,47.8772],[5.3875,47.8773],[5.3638,47.8826],[5.3318,47.8985],[5.3234,47.9028],[5.2991,47.925],[5.2627,48.0045],[5.2422,48.0272],[5.1929,48.0578],[5.1792,48.0718],[5.1624,48.0945],[5.1569,48.1048],[5.1528,48.118],[5.1511,48.1365],[5.1599,48.1822],[5.1559,48.2043],[5.1394,48.2409],[5.1394,48.2651],[5.1477,48.2934],[5.1448,48.307],[5.1283,48.3162],[5.1326,48.3179],[5.1372,48.3216],[5.1418,48.3269],[5.1463,48.3336],[5.154,48.3482],[5.1599,48.3641],[5.1633,48.3793],[5.1633,48.3916],[5.153,48.4373],[5.1538,48.4429],[5.1614,48.4521],[5.1621,48.4564],[5.1563,48.4623],[5.1332,48.4812],[5.1133,48.5113],[5.0597,48.5627],[5.0422,48.5887],[5.0415,48.5937],[5.0441,48.6057],[5.0434,48.6096],[5.0363,48.6133],[5.0295,48.6124],[5.0225,48.6105],[5.0158,48.6114],[4.9921,48.6225],[4.9706,48.6289],[4.9483,48.6314],[4.9006,48.6313],[4.8374,48.6446],[4.7952,48.6458],[4.7114,48.6386],[4.669,48.6469],[4.6448,48.6584],[4.5842,48.7029],[4.5806,48.7103],[4.5742,48.7464],[4.5683,48.7567],[4.5601,48.7661],[4.5507,48.7741],[4.5407,48.7806],[4.5332,48.789],[4.5125,48.8284],[4.4939,48.8463],[4.4734,48.8616],[4.4638,48.8653],[4.4412,48.8702],[4.4338,48.8752],[4.4186,48.8956],[4.4108,48.9038],[4.4003,48.9124],[4.3687,48.9319],[4.3589,48.9407],[4.3401,48.9696],[4.3298,48.9779],[4.3118,48.9851],[4.249,48.9997],[4.1677,49.0394],[4.1366,49.0453],[4.0339,49.0467],[4.0197,49.0494],[4.0148,49.0549],[4.0124,49.062],[4.0051,49.0692],[3.9949,49.0727],[3.9596,49.0758],[3.8945,49.0886],[3.8062,49.0826],[3.7568,49.0903],[3.5407,49.0889],[3.5138,49.0811],[3.4636,49.0555],[3.436,49.0489],[3.4138,49.0474],[3.4032,49.045],[3.3935,49.04],[3.3892,49.035],[3.3838,49.0214],[3.3801,49.0156],[3.3733,49.0101],[3.3462,48.9958],[3.3298,48.9901],[3.28,48.9815],[3.2634,48.9779],[3.2476,48.9776],[3.2322,48.9804],[3.1987,48.9921],[3.186,48.9932],[3.1751,48.9886],[3.1436,48.9661],[3.1253,48.9588],[3.1057,48.9553],[3.0383,48.9564],[3.0138,48.961],[3.0039,48.9699],[3.0153,48.9772],[3.0353,48.9811],[3.0473,48.9897],[3.0347,49.0109],[3.0244,49.0165],[3.0176,49.0122],[3.0114,49.0042],[3.0033,48.9991],[2.9924,48.9986],[2.9567,49.0026],[2.9526,49.004],[2.948,49.0029],[2.9401,48.9963],[2.9308,48.9838],[2.9356,48.9796],[2.9435,48.9755],[2.9436,48.9634],[2.9286,48.9464],[2.9086,48.9438],[2.8884,48.9467],[2.8728,48.946],[2.8648,48.9374],[2.8523,48.9122],[2.8445,48.9056],[2.8294,48.9064],[2.8205,48.9149],[2.8085,48.9383],[2.7959,48.9433],[2.7781,48.9383],[2.7573,48.9298],[2.7217,48.9204],[2.7236,48.9149],[2.7395,48.9057],[2.7498,48.9027],[2.7626,48.902],[2.768,48.899],[2.7565,48.8885],[2.7353,48.8806],[2.6371,48.8726],[2.5727,48.8792],[2.563,48.8789],[2.5536,48.8774],[2.5456,48.8736],[2.5375,48.8647],[2.5254,48.845],[2.5139,48.8366],[2.492,48.8328],[2.4824,48.8292],[2.4826,48.8223],[2.4932,48.8175],[2.5085,48.8134],[2.52,48.8072],[2.52,48.7955],[2.5086,48.7869],[2.4944,48.7888],[2.4806,48.7965],[2.4567,48.814],[2.4416,48.8179],[2.4255,48.8182],[2.4092,48.8161]]}},{"type":"Feature","properties":{"layer":"river","name":"Segre","rank":9},"geometry":{"type":"LineString","coordinates":[[1.8838,42.5646],[1.8499,42.5371],[1.8395,42.5245],[1.852,42.5024],[1.8828,42.4542],[1.8757,42.4173],[1.8235,42.401],[1.7768,42.3919],[1.5512,42.3778],[1.4834,42.3736],[1.4497,42.3672],[1.4202,42.353],[1.3803,42.3269],[1.363,42.3111],[1.3516,42.2907],[1.3005,42.079],[1.2941,42.0645],[1.2334,41.9759],[1.2136,41.954],[1.1873,41.9343],[1.1648,41.9273],[1.0348,41.9103],[0.9672,41.9139],[0.9325,41.9114],[0.9011,41.9002],[0.8357,41.8546],[0.8251,41.8453],[0.8129,41.826],[0.789,41.76],[0.7715,41.7351],[0.7058,41.6704],[0.6795,41.6568],[0.6577,41.6415],[0.6172,41.6026],[0.6105,41.5938],[0.6061,41.5865],[0.5999,41.5803],[0.5877,41.5743],[0.5776,41.572],[0.5579,41.5714],[0.5483,41.5699],[0.5242,41.5576],[0.4701,41.4989],[0.3371,41.4068],[0.3124,41.3725]]}},{"type":"Feature","properties":{"layer":"river","name":"Seine","rank":4},"geometry":{"type":"LineString","coordinates":[[4.7127,47.5126],[4.7041,47.527],[4.7009,47.541],[4.7048,47.5545],[4.7053,47.5718],[4.7077,47.5779],[4.7045,47.5853],[4.6974,47.5916],[4.6904,47.5997],[4.6872,47.6126],[4.687,47.6358],[4.6853,47.6444],[4.6736,47.6786],[4.6675,47.6844],[4.653,47.6912],[4.6231,47.6976],[4.6104,47.7033],[4.6052,47.7147],[4.5996,47.741],[4.5852,47.763],[4.5652,47.7806],[4.5431,47.7936],[4.5466,47.8059],[4.5636,47.8345],[4.5705,47.8526],[4.5762,47.8626],[4.5847,47.8692],[4.5662,47.8689],[4.553,47.8754],[4.5437,47.8858],[4.5369,47.8966],[4.5429,47.8994],[4.5457,47.9026],[4.5476,47.9062],[4.5505,47.9102],[4.5361,47.9199],[4.5059,47.9581],[4.5055,47.9669],[4.4917,47.9858],[4.4754,48.0037],[4.4675,48.0093],[4.4535,48.027],[4.3926,48.062],[4.3787,48.0921],[4.3787,48.1129],[4.3759,48.1231],[4.366,48.1287],[4.3447,48.1362],[4.3356,48.1408],[4.3305,48.1452],[4.3245,48.1485],[4.3135,48.1498],[4.2844,48.1485],[4.2756,48.1498],[4.1828,48.2126],[4.1596,48.2119],[4.1528,48.2261],[4.145,48.2391],[4.1343,48.2502],[4.1255,48.2591],[4.1118,48.2752],[4.0845,48.3249],[4.0671,48.3354],[4.0434,48.3429],[4.0053,48.3758],[3.9773,48.3919],[3.9404,48.4446],[3.9133,48.4724],[3.9037,48.4871],[3.9058,48.4993],[3.8728,48.5217],[3.8311,48.5288],[3.7873,48.5313],[3.7481,48.5402],[3.7433,48.5445],[3.731,48.5607],[3.7266,48.5629],[3.7209,48.5668],[3.716,48.5687],[3.7139,48.5645],[3.7118,48.5621],[3.707,48.5587],[3.7012,48.5558],[3.697,48.5545],[3.6765,48.5532],[3.655,48.5488],[3.6357,48.5413],[3.6213,48.5303],[3.6082,48.523],[3.5889,48.5205],[3.5501,48.5198],[3.5439,48.522],[3.537,48.5262],[3.5313,48.5263],[3.529,48.5167],[3.5248,48.5122],[3.5049,48.5014],[3.4985,48.4993],[3.4889,48.4984],[3.476,48.494],[3.4675,48.4925],[3.4616,48.4927],[3.456,48.4937],[3.4492,48.494],[3.4402,48.4925],[3.4392,48.4899],[3.4191,48.4726],[3.4098,48.4693],[3.402,48.4694],[3.396,48.4676],[3.3923,48.4583],[3.3849,48.4583],[3.3708,48.4658],[3.3503,48.4669],[3.3316,48.4611],[3.3235,48.4481],[3.3146,48.4393],[3.2939,48.4317],[3.2546,48.4241],[3.2102,48.4334],[3.1873,48.4357],[3.169,48.4279],[3.1545,48.418],[3.1132,48.4012],[3.0969,48.3968],[3.0747,48.3956],[3.0122,48.4037],[2.863,48.3816],[2.8511,48.3869],[2.8469,48.3913],[2.8268,48.4017],[2.8201,48.4037],[2.8151,48.4027],[2.8057,48.398],[2.7997,48.3968],[2.7959,48.3998],[2.7964,48.4066],[2.7978,48.4135],[2.7966,48.4173],[2.783,48.4187],[2.7686,48.4178],[2.7559,48.4183],[2.7475,48.4241],[2.7458,48.4371],[2.7527,48.4475],[2.7624,48.4564],[2.768,48.4652],[2.7617,48.484],[2.7393,48.4877],[2.7109,48.4871],[2.6867,48.4925],[2.678,48.5021],[2.677,48.5122],[2.6774,48.5229],[2.6718,48.534],[2.6603,48.5404],[2.6497,48.5377],[2.6314,48.5266],[2.6143,48.5232],[2.605,48.5244],[2.583,48.534],[2.5471,48.5424],[2.5352,48.5471],[2.5352,48.5545],[2.5484,48.5611],[2.5441,48.5667],[2.5154,48.575],[2.4917,48.5759],[2.4885,48.5828],[2.488,48.6054],[2.4758,48.6295],[2.4473,48.6523],[2.3919,48.6849],[2.426,48.7149],[2.4409,48.7315],[2.4431,48.7429],[2.4277,48.7568],[2.422,48.7637],[2.4197,48.7708],[2.4203,48.7918],[2.4182,48.7967],[2.4123,48.8078],[2.3909,48.8338],[2.3588,48.8554],[2.3225,48.8668],[2.2888,48.8624],[2.2548,48.8385],[2.2354,48.8338],[2.2268,48.8528],[2.2332,48.8691],[2.2485,48.8863],[2.2666,48.9012],[2.282,48.9108],[2.3191,48.9234],[2.3273,48.9307],[2.3298,48.9483],[2.3189,48.9581],[2.2947,48.9567],[2.2546,48.9449],[2.2293,48.9283],[2.2139,48.9208],[2.1963,48.9177],[2.1838,48.9129],[2.1629,48.8905],[2.1516,48.8829],[2.1249,48.8862],[2.1218,48.9107],[2.1362,48.9385],[2.1665,48.9541],[2.1723,48.96],[2.177,48.9678],[2.179,48.9757],[2.1774,48.985],[2.1731,48.9886],[2.1667,48.9901],[2.1453,48.9972],[2.0933,49.0002],[2.0728,48.9952],[2.061,48.983],[2.0418,48.9518],[2.0244,48.9428],[2.0083,48.9466],[2.0003,48.9598],[2.0077,48.9791],[1.99,49.0014],[1.978,49.0095],[1.9599,49.0139],[1.9411,49.0136],[1.8139,48.9813],[1.7988,48.9793],[1.7647,48.9791],[1.7511,48.9822],[1.7339,48.9901],[1.7192,49.0001],[1.7128,49.0101],[1.704,49.0135],[1.6479,49.0139],[1.6193,49.0202],[1.6369,49.0355],[1.6991,49.069],[1.6747,49.0764],[1.6535,49.0782],[1.6331,49.0736],[1.5891,49.0475],[1.5776,49.0428],[1.562,49.0411],[1.547,49.0464],[1.5348,49.0579],[1.5252,49.0694],[1.5138,49.0775],[1.5097,49.091],[1.5073,49.0958],[1.502,49.0978],[1.4855,49.1005],[1.4794,49.1026],[1.457,49.1262],[1.449,49.13],[1.439,49.133],[1.4321,49.1403],[1.426,49.1494],[1.4186,49.1572],[1.3871,49.1743],[1.3845,49.1783],[1.3588,49.1833],[1.3464,49.1975],[1.3506,49.2124],[1.3743,49.2193],[1.3899,49.2264],[1.3897,49.2412],[1.3755,49.2534],[1.3498,49.2534],[1.3334,49.2446],[1.2956,49.218],[1.2786,49.2125],[1.2682,49.2136],[1.2439,49.2193],[1.2328,49.2235],[1.2353,49.2329],[1.2428,49.2423],[1.2473,49.2466],[1.2538,49.2564],[1.2587,49.2604],[1.2612,49.2658],[1.2602,49.2917],[1.2587,49.3005],[1.2539,49.3061],[1.0886,49.3146],[1.0347,49.2974],[1.0063,49.2945],[0.9934,49.3081],[1.0033,49.3194],[1.0264,49.328],[1.0527,49.3334],[1.0925,49.3369],[1.1086,49.3429],[1.1193,49.3553],[1.1238,49.3763],[1.1148,49.4119],[1.0898,49.44],[1.0562,49.45],[1.0214,49.4309],[1.0007,49.372],[0.99,49.3627],[0.9523,49.3562],[0.933,49.3575],[0.9177,49.3701],[0.9136,49.3887],[0.9192,49.4077],[0.9277,49.4274],[0.9321,49.4486],[0.9291,49.4728],[0.9201,49.4862],[0.905,49.4901],[0.874,49.4836],[0.8666,49.481],[0.8609,49.4759],[0.8562,49.4657],[0.8572,49.4584],[0.8666,49.4309],[0.8723,49.4256],[0.8679,49.4141],[0.8604,49.4035],[0.8562,49.4005],[0.851,49.3944],[0.8393,49.399],[0.8115,49.42],[0.809,49.4262],[0.8085,49.4383],[0.8202,49.4558],[0.8249,49.4674],[0.8193,49.4725],[0.8139,49.4747],[0.8,49.4841],[0.7803,49.4889],[0.778,49.4957],[0.7782,49.5046],[0.7743,49.5135],[0.7597,49.5221],[0.7399,49.5261],[0.6955,49.5272],[0.6812,49.5196],[0.6716,49.5019],[0.6584,49.4657],[0.6476,49.4531],[0.6338,49.4446],[0.6159,49.4399],[0.5925,49.4383],[0.5729,49.444],[0.5402,49.4732],[0.5204,49.4862],[0.5081,49.4921],[0.5019,49.4936],[0.4932,49.4936]]}},{"type":"Feature","properties":{"layer":"river","name":"Rhin","rank":4},"geometry":{"type":"LineString","coordinates":[[8.8811,47.6564],[8.8521,47.671],[8.8157,47.6843],[8.7765,47.6937],[8.6398,47.6962],[8.6315,47.6905],[8.6245,47.6815],[8.6074,47.6707],[8.6174,47.6663],[8.6245,47.659],[8.6248,47.6506],[8.6143,47.6427],[8.6067,47.6566],[8.6025,47.6475],[8.5999,47.6126],[8.5944,47.6005],[8.568,47.5755],[8.5596,47.5608],[8.5393,47.5687],[8.523,47.5777],[8.5051,47.585],[8.4802,47.5881],[8.4175,47.5811],[8.3535,47.5812],[8.3157,47.5881],[8.3058,47.5925],[8.2988,47.6021],[8.2934,47.6117],[8.2881,47.616],[8.2765,47.6169],[8.2505,47.6223],[8.2324,47.6221],[8.1786,47.616],[8.1733,47.6138],[8.1684,47.6089],[8.1616,47.604],[8.1432,47.6004],[8.1216,47.5924],[8.1133,47.5881],[8.105,47.5815],[8.1008,47.5764],[8.0964,47.5721],[8.0867,47.5677],[8.0417,47.5608],[7.9116,47.5608],[7.9089,47.565],[7.907,47.5745],[7.9037,47.5838],[7.8976,47.5881],[7.8332,47.5908],[7.8191,47.5955],[7.801,47.5763],[7.7849,47.5634],[7.7661,47.5562],[7.6829,47.5445],[7.6609,47.5465],[7.6091,47.565],[7.5886,47.5677],[7.5835,47.5729],[7.5854,47.5843],[7.5896,47.595],[7.592,47.5987],[7.5898,47.6082],[7.5846,47.6135],[7.5781,47.6172],[7.572,47.6223],[7.5497,47.6527],[7.5361,47.6655],[7.5213,47.6707],[7.5173,47.6753],[7.5141,47.6861],[7.5112,47.7076],[7.5148,47.7136],[7.5315,47.7255],[7.5374,47.7321],[7.5378,47.7484],[7.5254,47.7834],[7.5281,47.7973],[7.5424,47.8297],[7.5479,47.8345],[7.5615,47.8395],[7.5636,47.8507],[7.5585,47.8692],[7.5586,47.8737],[7.5579,47.8763],[7.5573,47.8788],[7.5585,47.8829],[7.5615,47.8874],[7.5679,47.8916],[7.572,47.8966],[7.5784,47.9066],[7.5801,47.9111],[7.5789,47.9273],[7.5845,47.9407],[7.6111,47.9597],[7.6206,47.9717],[7.6184,48.0029],[7.5752,48.0539],[7.572,48.0952],[7.5783,48.1148],[7.5851,48.13],[7.5923,48.1389],[7.5991,48.145],[7.6043,48.1529],[7.6064,48.1672],[7.6128,48.1795],[7.676,48.2387],[7.6865,48.2532],[7.6929,48.2701],[7.695,48.2905],[7.7019,48.3115],[7.718,48.3203],[7.7363,48.3269],[7.7503,48.3416],[7.7515,48.3556],[7.7463,48.369],[7.7398,48.3817],[7.7366,48.3937],[7.7378,48.4068],[7.7451,48.4333],[7.7503,48.4446],[7.7571,48.4542],[7.7637,48.4606],[7.7688,48.4703],[7.7708,48.4893],[7.7759,48.4984],[7.7879,48.5065],[7.8129,48.5198],[7.8129,48.5266],[7.8012,48.5478],[7.8013,48.5826],[7.8097,48.6153],[7.8518,48.659],[7.8635,48.6644],[7.8801,48.6679],[7.8954,48.6768],[7.9228,48.6986],[7.9346,48.7036],[7.948,48.7122],[7.9587,48.7216],[7.9631,48.7296],[7.9644,48.7486],[7.9697,48.7575],[7.981,48.76],[8.009,48.7604],[8.0168,48.762],[8.0224,48.7653],[8.0246,48.7708],[8.0268,48.7803],[8.0314,48.7856],[8.0361,48.7885],[8.0383,48.791],[8.047,48.7913],[8.0837,48.8044],[8.0898,48.8078],[8.1022,48.8216],[8.1475,48.904],[8.1787,48.9429],[8.1997,48.9588],[8.23,48.9654]]}},{"type":"Feature","properties":{"layer":"river","name":"Rhine","rank":4},"geometry":{"type":"LineString","coordinates":[[8.23,48.9654],[8.2624,48.9883],[8.2835,49.0098],[8.3569,49.1094],[8.3613,49.1195],[8.3805,49.2147],[8.3871,49.2319],[8.398,49.2391],[8.4107,49.2435],[8.4797,49.2968],[8.4833,49.3094],[8.4597,49.3149],[8.4617,49.3233],[8.4976,49.3763],[8.4975,49.3863],[8.491,49.4029],[8.49,49.4111],[8.4919,49.413],[8.5014,49.429],[8.5044,49.4309],[8.4937,49.4425],[8.4777,49.4462],[8.4594,49.4476],[8.4423,49.452],[8.4423,49.4588],[8.4634,49.4657],[8.4634,49.4725],[8.45,49.4911],[8.4275,49.534],[8.4082,49.555],[8.4167,49.5793],[8.3998,49.6102],[8.3753,49.6409],[8.3604,49.6643],[8.3621,49.6907],[8.3789,49.7103],[8.4063,49.7223],[8.4389,49.7264],[8.4606,49.7436],[8.4736,49.7573],[8.4765,49.7674],[8.4624,49.7709],[8.4421,49.7679],[8.4236,49.7672],[8.4157,49.7776],[8.4136,49.7845],[8.4085,49.7925],[8.3897,49.8151],[8.3862,49.8237],[8.384,49.8321],[8.3801,49.8424],[8.3703,49.8565],[8.3474,49.8784],[8.3399,49.8909],[8.355,49.9255],[8.3352,49.9595],[8.228,50.038],[8.2128,50.0443],[8.2006,50.0462],[8.1736,50.0457],[8.0483,50.0183],[8.0095,49.9991],[7.9617,49.983],[7.9185,49.9737],[7.8779,49.9728],[7.8601,49.9899],[7.8572,50.0025],[7.8496,50.0106],[7.7849,50.0484],[7.7651,50.0637],[7.7571,50.0861],[7.7524,50.093],[7.7302,50.1133],[7.7229,50.1236],[7.7243,50.1446],[7.7199,50.1584],[7.7061,50.1646],[7.693,50.1669],[7.6513,50.1788],[7.643,50.1847],[7.6243,50.2139],[7.613,50.226],[7.5881,50.2409],[7.5793,50.2499],[7.5886,50.254],[7.6218,50.2539],[7.6365,50.2557],[7.6479,50.2608],[7.6479,50.2676],[7.6159,50.2869],[7.601,50.3005],[7.592,50.3155],[7.5912,50.3322],[7.5972,50.348],[7.606,50.3644],[7.613,50.3837],[7.5808,50.4112],[7.5436,50.4175],[7.5034,50.4175],[7.4628,50.4253],[7.3984,50.4498],[7.3872,50.4492],[7.3325,50.4868],[7.2693,50.5668],[7.2431,50.583],[7.2233,50.5892],[7.2133,50.5958],[7.2095,50.6087],[7.209,50.6338],[7.2055,50.6511],[7.1965,50.6696],[7.1853,50.6866],[7.175,50.699],[7.1591,50.7101],[7.121,50.7287],[7.106,50.7399],[7.0886,50.7637],[7.082,50.7673],[7.0712,50.7695],[7.0434,50.7804],[7.0378,50.7847],[7.0281,50.8055],[7.0066,50.8199],[6.9854,50.8305],[6.9756,50.8399],[6.9863,50.8554],[7.0356,50.8749],[7.0514,50.8908],[6.9856,50.9017],[6.9756,50.9085],[6.9736,50.9184],[6.9646,50.934],[6.9627,50.9427],[6.9663,50.9528],[6.9839,50.9624],[6.9893,50.9727],[6.9863,50.9802],[6.9775,50.9856],[6.968,50.99],[6.9627,50.9945],[6.9627,51.004],[6.9687,51.0242],[6.9661,51.0279],[6.9506,51.0332],[6.8943,51.0689],[6.86,51.0728],[6.8528,51.0764],[6.8513,51.0868],[6.8591,51.093],[6.8689,51.0968],[6.8738,51.1003],[6.8781,51.1139],[6.8757,51.1207],[6.8494,51.1275],[6.8479,51.1365],[6.8528,51.1515],[6.8457,51.1597],[6.8434,51.1608],[6.8389,51.159],[6.8255,51.1583],[6.811,51.1512],[6.8022,51.1511],[6.7981,51.1614],[6.7931,51.1835],[6.7797,51.1852],[6.7598,51.1813],[6.7361,51.1862],[6.728,51.1965],[6.7234,51.2123],[6.7243,51.227],[6.7329,51.2334],[6.7409,51.2313],[6.7495,51.2277],[6.7583,51.2261],[6.7671,51.2303],[6.7703,51.2376],[6.7661,51.2426],[6.7598,51.2468],[6.7565,51.2511],[6.7454,51.2564],[6.7224,51.2622],[6.7039,51.2709],[6.7053,51.2856],[6.7248,51.3029],[6.7288,51.3106],[6.7299,51.3262],[6.7114,51.3371],[6.676,51.3476],[6.6537,51.3601],[6.6746,51.3775],[6.6909,51.3804],[6.709,51.3809],[6.725,51.3829],[6.7361,51.3911],[6.7393,51.4068],[6.7324,51.4199],[6.7088,51.4395],[6.7088,51.4457],[6.7173,51.4534],[6.7206,51.4626],[6.717,51.4703],[6.7053,51.4737],[6.6889,51.4754],[6.6848,51.48],[6.6885,51.4866],[6.6951,51.4941],[6.7048,51.4999],[6.7149,51.5025],[6.7192,51.5069],[6.7122,51.5183],[6.7026,51.5257],[6.6923,51.5314],[6.6823,51.5383],[6.6746,51.5494],[6.6857,51.565],[6.6559,51.572],[6.5921,51.5767],[6.5921,51.5828],[6.594,51.5942],[6.5893,51.6126],[6.5867,51.6299],[6.5959,51.6375],[6.6006,51.6407],[6.5971,51.648],[6.5903,51.6554],[6.5859,51.6592],[6.5764,51.661],[6.5442,51.6592],[6.5105,51.6638],[6.4917,51.6686],[6.4792,51.6754],[6.4517,51.7036],[6.4362,51.7137],[6.414,51.72],[6.4203,51.7409],[6.4075,51.7536],[6.385,51.7599],[6.363,51.7616],[6.3422,51.7657],[6.3305,51.7759],[6.3223,51.7893],[6.3136,51.8]]}},{"type":"Feature","properties":{"layer":"river","name":"Waal","rank":4},"geometry":{"type":"MultiLineString","coordinates":[[[4.7848,51.8],[4.7615,51.7889],[4.7398,51.7743],[4.7256,51.7569],[4.6755,51.7194]],[[4.4032,51.7083],[4.324,51.7287],[4.2562,51.757],[4.1619,51.8]]]}},{"type":"Feature","properties":{"layer":"river","name":"Ebro","rank":5},"geometry":{"type":"LineString","coordinates":[[-4.3093,43.0169],[-4.2764,43.0184],[-4.2501,43.025],[-4.2276,43.0269],[-4.2117,43.0225],[-4.1888,43.0112],[-4.1763,43.0086],[-4.1622,43.0084],[-4.1355,43.0123],[-4.1302,43.0124],[-4.1182,43.0103],[-4.0999,43.0091],[-4.086,43.0052],[-4.0733,42.9982],[-4.0644,42.9889],[-4.0589,42.9744],[-4.0561,42.97],[-4.0439,42.9582],[-4.0404,42.9539],[-4.0374,42.9472],[-4.0367,42.9401],[-4.0486,42.8819],[-4.0497,42.8671],[-4.0452,42.8427],[-4.034,42.8341],[-4.0179,42.829],[-3.9989,42.8153],[-3.9837,42.8129],[-3.9626,42.8214],[-3.9329,42.8392],[-3.8979,42.8497],[-3.8542,42.8541],[-3.8106,42.8511],[-3.7754,42.8392],[-3.7445,42.8123],[-3.7251,42.805],[-3.7037,42.8153],[-3.7002,42.8247],[-3.701,42.8372],[-3.705,42.8482],[-3.7108,42.8529],[-3.7176,42.857],[-3.71,42.8658],[-3.6983,42.8732],[-3.6934,42.8734],[-3.6898,42.8912],[-3.691,42.9009],[-3.6885,42.907],[-3.6736,42.9143],[-3.6616,42.9156],[-3.5998,42.9068],[-3.5879,42.9019],[-3.5801,42.8924],[-3.5774,42.8771],[-3.5708,42.8638],[-3.5551,42.8552],[-3.5221,42.8455],[-3.4887,42.8292],[-3.4538,42.7983],[-3.4276,42.7941],[-3.3337,42.8045],[-3.3166,42.8019],[-3.2905,42.7918],[-3.2757,42.7908],[-3.2545,42.7932],[-3.2398,42.7932],[-3.2261,42.7902],[-3.2074,42.784],[-3.1853,42.7888],[-3.1197,42.7686],[-3.0941,42.7744],[-3.0636,42.7852],[-3.0316,42.7726],[-3.0034,42.7531],[-2.9843,42.743],[-2.9688,42.7376],[-2.9435,42.7142],[-2.918,42.7057],[-2.8526,42.6653],[-2.8419,42.6557],[-2.8375,42.644],[-2.8377,42.6343],[-2.8362,42.6214],[-2.8301,42.6137],[-2.8164,42.6201],[-2.8128,42.6109],[-2.8149,42.6058],[-2.827,42.5959],[-2.827,42.5901],[-2.8213,42.5842],[-2.8131,42.5807],[-2.8061,42.5823],[-2.7937,42.5869],[-2.7616,42.5838],[-2.7481,42.5854],[-2.7502,42.581],[-2.755,42.5655],[-2.7202,42.5655],[-2.7202,42.5581],[-2.7258,42.5499],[-2.7207,42.5434],[-2.7092,42.5391],[-2.6963,42.5375],[-2.6849,42.5377],[-2.6769,42.5368],[-2.6676,42.533],[-2.6322,42.5125],[-2.618,42.5076],[-2.6116,42.5137],[-2.6063,42.5168],[-2.5952,42.5174],[-2.5853,42.5119],[-2.5836,42.4966],[-2.5715,42.5055],[-2.5579,42.5108],[-2.5418,42.5123],[-2.5222,42.5103],[-2.5243,42.5131],[-2.5255,42.5142],[-2.5267,42.515],[-2.529,42.5171],[-2.5242,42.525],[-2.5181,42.531],[-2.5108,42.5351],[-2.5017,42.5375],[-2.4918,42.52],[-2.4622,42.5071],[-2.4273,42.4993],[-2.3846,42.4946],[-2.3435,42.4829],[-2.2786,42.4898],[-2.2681,42.4868],[-2.2388,42.4719],[-2.2305,42.4656],[-2.2185,42.4533],[-2.2061,42.4464],[-2.1916,42.4428],[-2.1721,42.4414],[-2.1051,42.4451],[-2.0767,42.4425],[-2.0554,42.4283],[-2.0604,42.4234],[-2.065,42.4173],[-2.0697,42.4147],[-2.0557,42.399],[-2.0325,42.3929],[-1.9769,42.3929],[-1.9014,42.3253],[-1.8636,42.3048],[-1.8616,42.2993],[-1.8624,42.2919],[-1.8621,42.284],[-1.8574,42.2775],[-1.8514,42.2761],[-1.836,42.2781],[-1.8294,42.2775],[-1.8201,42.2728],[-1.796,42.2564],[-1.7476,42.2359],[-1.7271,42.2314],[-1.6917,42.2128],[-1.6688,42.2086],[-1.6553,42.2039],[-1.585,42.1527],[-1.5799,42.1417],[-1.5831,42.1022],[-1.5782,42.0889],[-1.5666,42.0769],[-1.5421,42.0578],[-1.5128,42.0397],[-1.44,42.0128],[-1.4112,41.9964],[-1.2911,41.8924],[-1.2537,41.8747],[-1.2507,41.8728],[-1.2446,41.8709],[-1.2291,41.8608],[-1.2105,41.8445],[-1.1927,41.8381],[-1.1833,41.8365],[-1.163,41.8356],[-1.1517,41.8319],[-1.145,41.8247],[-1.1423,41.8155],[-1.1383,41.8078],[-1.1272,41.8045],[-1.0863,41.8045],[-1.0825,41.8024],[-1.083,41.793],[-1.0791,41.7909],[-1.0736,41.7923],[-1.066,41.7973],[-1.0623,41.7971],[-1.005,41.7559],[-0.9903,41.7499],[-0.9718,41.7458],[-0.9547,41.7355],[-0.9251,41.7089],[-0.9211,41.7071],[-0.9082,41.7033],[-0.9047,41.7015],[-0.9038,41.697],[-0.9045,41.691],[-0.9072,41.6868],[-0.9114,41.6878],[-0.9097,41.6851],[-0.9064,41.6771],[-0.9047,41.6742],[-0.8997,41.6726],[-0.8862,41.6734],[-0.8804,41.6708],[-0.8721,41.6647],[-0.8619,41.6617],[-0.8394,41.6605],[-0.8343,41.6568],[-0.8153,41.6326],[-0.796,41.6187],[-0.7266,41.5854],[-0.6378,41.5612],[-0.6243,41.5611],[-0.5675,41.5312],[-0.5583,41.5234],[-0.5474,41.5169],[-0.5312,41.4888],[-0.5171,41.4824],[-0.5003,41.4805],[-0.4891,41.4746],[-0.4861,41.4639],[-0.4937,41.4483],[-0.4795,41.4497],[-0.4685,41.4488],[-0.4615,41.4434],[-0.4591,41.4312],[-0.4583,41.4145],[-0.4559,41.4053],[-0.442,41.39],[-0.4195,41.3724],[-0.4138,41.366],[-0.411,41.3546],[-0.4117,41.3422],[-0.4109,41.3308],[-0.4031,41.322],[-0.3941,41.32],[-0.3619,41.3224],[-0.3223,41.3182],[-0.2856,41.3209],[-0.2735,41.3198],[-0.2434,41.3116],[-0.134,41.3012],[-0.0581,41.2776],[-0.0303,41.2764],[-0.0037,41.2706],[0.0049,41.2716],[0.0117,41.2779],[0.0134,41.2853],[0.0101,41.3008],[0.0105,41.3081],[0.0151,41.3163],[0.0202,41.3184],[0.0263,41.3165],[0.0412,41.3081],[0.0479,41.3059],[0.0553,41.3067],[0.0641,41.3115],[0.0695,41.3167],[0.0784,41.3286],[0.0829,41.3333],[0.0911,41.3373],[0.0993,41.3382],[0.1078,41.338],[0.1169,41.3387],[0.1279,41.3475],[0.1304,41.3635],[0.1305,41.3819],[0.1348,41.3981],[0.1465,41.4095],[0.1614,41.4145],[0.2287,41.4144],[0.2446,41.4116],[0.2608,41.4039],[0.2881,41.3821],[0.298,41.3761],[0.3071,41.373],[0.335,41.3688],[0.3516,41.3624],[0.3649,41.3525],[0.3738,41.3388],[0.3771,41.3214],[0.3522,41.2791],[0.354,41.2562],[0.395,41.2543],[0.4055,41.2562],[0.417,41.2556],[0.4487,41.2503],[0.4561,41.2515],[0.4719,41.259],[0.4824,41.2623],[0.4927,41.263],[0.5029,41.2611],[0.513,41.2569],[0.5269,41.253],[0.5571,41.2518],[0.5689,41.2471],[0.5746,41.2383],[0.5764,41.2271],[0.5757,41.2047],[0.5823,41.1863],[0.5983,41.1784],[0.6182,41.1743],[0.6371,41.1671],[0.6463,41.1556],[0.6528,41.1372],[0.6569,41.1158],[0.6584,41.0951],[0.657,41.0771],[0.6518,41.065],[0.6413,41.055],[0.5514,41]]}},{"type":"Feature","properties":{"layer":"river","name":"Rhne","rank":6},"geometry":{"type":"LineString","coordinates":[[6.1333,46.2046],[6.1406,46.2152],[6.1481,46.2202],[6.163,46.2325],[6.1751,46.2486],[6.1853,46.2686],[6.2136,46.3157],[6.2189,46.3294],[6.24,46.3492],[6.2685,46.3753],[6.301,46.3947],[6.3318,46.4016],[6.3647,46.4027],[6.3972,46.4085],[6.4824,46.4489],[6.5464,46.4576],[6.613,46.4561],[6.7622,46.4295],[6.7614,46.4312],[6.8383,46.4175],[6.8564,46.409],[6.8661,46.4028]]}},{"type":"Feature","properties":{"layer":"river","name":"Rhône","rank":6},"geometry":{"type":"MultiLineString","coordinates":[[[8.3786,46.5788],[8.3692,46.5645],[8.3567,46.5564],[8.3482,46.5435],[8.3255,46.5272],[8.2927,46.5087],[8.2612,46.4888],[8.2505,46.4822],[8.1065,46.3935],[8.0383,46.3625],[8.0291,46.3491],[8.0075,46.3381],[7.9631,46.3247],[7.9243,46.3189],[7.7986,46.3247],[7.6267,46.3314],[7.6043,46.3272],[7.5679,46.3089],[7.4765,46.2905],[7.4296,46.2613],[7.3913,46.2539],[7.3616,46.2373],[7.1953,46.1813],[7.1021,46.1321],[7.0718,46.1282],[7.063,46.134],[7.0517,46.1454],[7.0419,46.1577],[7.0378,46.1661],[7.0369,46.1869],[7.0334,46.2001],[7.0259,46.2099],[7.0034,46.2308],[6.94,46.3075],[6.9353,46.3166],[6.9309,46.3343],[6.9202,46.3402],[6.9067,46.3421],[6.8943,46.348],[6.8906,46.3554],[6.8918,46.3629],[6.8942,46.3696],[6.8943,46.3747],[6.888,46.3832],[6.8731,46.3954],[6.8664,46.4026]],[[6.1333,46.2046],[6.1223,46.2053],[6.1086,46.2076],[6.0986,46.2108],[6.0934,46.2119],[6.0922,46.213],[6.082,46.211],[6.072,46.2087],[6.0618,46.2075],[6.0508,46.2046],[6.02,46.1835],[6.0017,46.1756],[5.9677,46.1392],[5.9546,46.1282],[5.9448,46.1271],[5.9234,46.1296],[5.9137,46.1282],[5.9055,46.1226],[5.893,46.1059],[5.8862,46.0993],[5.8716,46.0933],[5.8637,46.0972],[5.8569,46.105],[5.846,46.111],[5.8252,46.0953],[5.8242,46.0502],[5.8391,45.9706],[5.8406,45.9329],[5.832,45.8982],[5.7996,45.8319],[5.792,45.8111],[5.7888,45.7969],[5.7754,45.7955],[5.7583,45.7955],[5.7359,45.7925],[5.7205,45.7774],[5.708,45.7571],[5.7087,45.7341],[5.7134,45.7132],[5.7129,45.7001],[5.6941,45.6871],[5.6606,45.657],[5.6409,45.6458],[5.6199,45.6437],[5.6005,45.6556],[5.5659,45.7014],[5.547,45.7195],[5.4777,45.7641],[5.4502,45.793],[5.433,45.8311],[5.4343,45.832],[5.4375,45.8328],[5.439,45.8337],[5.435,45.8392],[5.4302,45.8443],[5.3849,45.8739],[5.3691,45.88],[5.362,45.8792],[5.3571,45.8759],[5.3471,45.8739],[5.3335,45.868],[5.3188,45.854],[5.2729,45.7998],[5.2573,45.7897],[5.2392,45.7857],[5.2199,45.7888],[5.1911,45.8029],[5.1669,45.809],[5.1338,45.8227],[5.1184,45.8266],[5.1025,45.8262],[5.0674,45.8207],[5.0503,45.8198],[4.9922,45.8266],[4.9756,45.8246],[4.947,45.8156],[4.9169,45.8113],[4.8774,45.7992],[4.8652,45.7924],[4.8615,45.7783],[4.8611,45.7602],[4.856,45.7499],[4.8381,45.7589],[4.8306,45.7524],[4.8244,45.7447],[4.8437,45.7174],[4.8405,45.6832],[4.8232,45.6481],[4.7998,45.618],[4.8024,45.593],[4.8393,45.5729],[4.87,45.5497],[4.8547,45.515],[4.7864,45.4731],[4.76,45.4444],[4.7554,45.402],[4.7734,45.3566],[4.7759,45.3372],[4.7835,45.3249],[4.799,45.3134],[4.8115,45.2993],[4.8107,45.2791],[4.8169,45.2791],[4.8125,45.2602],[4.8115,45.2287],[4.8141,45.1974],[4.8273,45.1579],[4.8224,45.1328],[4.8228,45.1112],[4.8447,45.101],[4.8411,45.0883],[4.8459,45.0808],[4.8534,45.0745],[4.8584,45.0656],[4.8586,45.0538],[4.8525,45.0333],[4.851,45.0216],[4.8574,45.0023],[4.8859,44.9667],[4.8926,44.9495],[4.8886,44.9322],[4.8686,44.8848],[4.8618,44.8751],[4.8581,44.8711],[4.8359,44.8541],[4.8306,44.8509],[4.8283,44.837],[4.8223,44.8308],[4.8136,44.8269],[4.8032,44.8205],[4.7883,44.8076],[4.7776,44.7954],[4.7713,44.7794],[4.7691,44.7547],[4.773,44.7415],[4.7912,44.7128],[4.7964,44.6964],[4.7895,44.6585],[4.7666,44.6315],[4.74,44.6063],[4.7214,44.5734],[4.7034,44.4747],[4.6996,44.4655],[4.677,44.4372],[4.6721,44.4285],[4.6703,44.4209],[4.6735,44.4151],[4.666,44.3917],[4.6576,44.2757],[4.6598,44.2644],[4.666,44.2582],[4.6752,44.2533],[4.6835,44.2464],[4.6924,44.2171],[4.7041,44.2073],[4.7158,44.1944],[4.7214,44.1687],[4.7175,44.1231],[4.7192,44.1031],[4.7288,44.0856],[4.7356,44.0856],[4.7526,44.0965],[4.7707,44.0882],[4.7873,44.0739],[4.7998,44.0663],[4.851,44.0254],[4.8508,44.0139],[4.8464,44.0075],[4.8384,44.0048],[4.8274,44.0042],[4.8167,44.0008],[4.8186,43.9927],[4.8233,43.9825],[4.8206,43.9732],[4.7707,43.9369],[4.7622,43.9322],[4.7538,43.931],[4.7077,43.9081],[4.6554,43.8889],[4.6467,43.8841],[4.6467,43.8118],[4.6413,43.7893],[4.6115,43.7373],[4.6164,43.7136],[4.6159,43.7091]],[[4.6174,43.71],[4.6159,43.7091]],[[4.6159,43.7091],[4.6028,43.7016],[4.5913,43.7061],[4.5742,43.7094],[4.5125,43.7094],[4.4797,43.6997],[4.4617,43.6772],[4.4478,43.6518],[4.427,43.6337],[4.427,43.6275],[4.4401,43.6225],[4.4546,43.621],[4.4639,43.6175],[4.4612,43.6064],[4.4489,43.596],[4.4194,43.5892],[4.4067,43.5791],[4.4033,43.5716],[4.3881,43.5619],[4.3513,43.5449],[4.3595,43.5374],[4.4011,43.4532]],[[4.6159,43.7091],[4.6103,43.6587],[4.6223,43.648],[4.6421,43.6387],[4.677,43.5943],[4.6946,43.5791]]]}},{"type":"Feature","properties":{"layer":"river","name":"Thames","rank":6},"geometry":{"type":"LineString","coordinates":[[-1.982,51.8],[-1.9797,51.797],[-1.9712,51.7706],[-1.9695,51.7352],[-1.9516,51.7132],[-1.938,51.69],[-1.8482,51.6581],[-1.8287,51.6553],[-1.8182,51.6574],[-1.7397,51.66],[-1.7203,51.6654],[-1.7151,51.6696],[-1.71,51.6758],[-1.7033,51.682],[-1.6929,51.6859],[-1.6827,51.6854],[-1.6409,51.6784],[-1.62,51.6817],[-1.562,51.7001],[-1.4837,51.7001],[-1.4728,51.7023],[-1.4512,51.7117],[-1.4394,51.7138],[-1.4285,51.7117],[-1.4168,51.7075],[-1.4043,51.7047],[-1.3913,51.7064],[-1.3752,51.7205],[-1.3615,51.7602],[-1.3435,51.7753],[-1.3255,51.7819],[-1.314,51.7836],[-1.3013,51.7821],[-1.2942,51.7764],[-1.2843,51.7586],[-1.2578,51.7451],[-1.2481,51.7237],[-1.2415,51.7025],[-1.2302,51.6927],[-1.2222,51.6895],[-1.2222,51.6825],[-1.2298,51.6754],[-1.2889,51.6592],[-1.2729,51.6473],[-1.2526,51.6435],[-1.2163,51.645],[-1.2149,51.6497],[-1.2065,51.658],[-1.1971,51.6606],[-1.1903,51.64],[-1.1838,51.6358],[-1.1431,51.6241],[-1.1307,51.6172],[-1.1251,51.6044],[-1.1238,51.5798],[-1.1308,51.5656],[-1.1435,51.5528],[-1.1501,51.5372],[-1.138,51.5146],[-1.1231,51.5032],[-1.1033,51.4946],[-1.0811,51.4891],[-1.0589,51.4873],[-1.0416,51.4822],[-1.0037,51.4593],[-0.9873,51.4532],[-0.9645,51.4547],[-0.9312,51.4699],[-0.9068,51.4765],[-0.887,51.4912],[-0.8804,51.4975],[-0.8733,51.5075],[-0.8741,51.513],[-0.8789,51.5183],[-0.8836,51.5283],[-0.887,51.5482],[-0.8822,51.5511],[-0.8687,51.5462],[-0.8463,51.5425],[-0.7742,51.5568],[-0.7607,51.5555],[-0.7432,51.5621],[-0.719,51.5633],[-0.6968,51.5592],[-0.6856,51.5494],[-0.6888,51.5298],[-0.6995,51.5174],[-0.7012,51.5072],[-0.6788,51.4941],[-0.6617,51.4916],[-0.6202,51.4951],[-0.6036,51.4941],[-0.5905,51.4873],[-0.5791,51.4755],[-0.5729,51.461],[-0.5758,51.4457],[-0.5316,51.4337],[-0.4698,51.3896],[-0.4249,51.3911],[-0.418,51.3944],[-0.4114,51.3984],[-0.4031,51.4022],[-0.3907,51.4047],[-0.385,51.4072],[-0.3797,51.4112],[-0.3739,51.4128],[-0.3496,51.3998],[-0.3492,51.3985],[-0.3344,51.3984],[-0.3237,51.4009],[-0.3155,51.4073],[-0.3082,51.419],[-0.3188,51.428],[-0.3204,51.4361],[-0.3082,51.4457],[-0.3231,51.4647],[-0.3101,51.4727],[-0.271,51.4737],[-0.2596,51.4758],[-0.2471,51.4852],[-0.2365,51.4873],[-0.2261,51.4842],[-0.2099,51.4706],[-0.1983,51.4674],[-0.1793,51.4701],[-0.1567,51.4774],[-0.1355,51.4872],[-0.1022,51.5091],[-0.0848,51.5117],[-0.0672,51.5081],[-0.0488,51.5009],[-0.0377,51.4975],[-0.0066,51.4941],[0.0099,51.5006],[0.0207,51.5024],[0.0483,51.4912],[0.072,51.4925],[0.1287,51.5046],[0.1484,51.5052],[0.1685,51.4995],[0.1884,51.4838],[0.2034,51.4765],[0.2747,51.46],[0.3063,51.4669],[0.3223,51.467],[0.3293,51.4566],[0.3376,51.4488],[0.3564,51.4464],[0.3682,51.4488],[0.3845,51.4532]]}},{"type":"Feature","properties":{"layer":"river","name":"Duero","rank":6},"geometry":{"type":"LineString","coordinates":[[-2.9451,41.9754],[-2.9263,41.9524],[-2.8713,41.9454],[-2.8375,41.9381],[-2.8249,41.9195],[-2.7908,41.9041],[-2.7755,41.9007],[-2.7519,41.9031],[-2.7357,41.9083],[-2.722,41.9078],[-2.7065,41.8933],[-2.6777,41.8885],[-2.6326,41.8874],[-2.5955,41.8824],[-2.5911,41.866],[-2.572,41.8602],[-2.5274,41.8519],[-2.5079,41.8455],[-2.4986,41.8387],[-2.4854,41.8229],[-2.4805,41.8188],[-2.4678,41.8191],[-2.4542,41.823],[-2.4434,41.8239],[-2.439,41.815],[-2.4482,41.7779],[-2.4503,41.7535],[-2.4427,41.7425],[-2.4477,41.7333],[-2.4459,41.7154],[-2.4348,41.7026],[-2.4123,41.7089],[-2.3824,41.686],[-2.3775,41.6844],[-2.3758,41.6721],[-2.3705,41.6629],[-2.3621,41.657],[-2.3509,41.6537],[-2.3589,41.642],[-2.3636,41.6371],[-2.3714,41.6326],[-2.3657,41.6313],[-2.3581,41.6276],[-2.3509,41.6264],[-2.3551,41.6101],[-2.3571,41.6053],[-2.3697,41.5994],[-2.4153,41.5876],[-2.4533,41.5822],[-2.4678,41.5729],[-2.4776,41.5579],[-2.4874,41.5377],[-2.5124,41.5074],[-2.5454,41.4935],[-2.5836,41.4911],[-2.6894,41.503],[-2.6997,41.5063],[-2.7115,41.5169],[-2.738,41.5161],[-2.7829,41.5097],[-2.8116,41.5334],[-2.8309,41.5396],[-2.8542,41.527],[-2.8694,41.5161],[-2.8892,41.5063],[-2.9097,41.499],[-2.9263,41.4954],[-2.9696,41.4975],[-2.9918,41.5012],[-3.0013,41.5063],[-3.005,41.5318],[-3.015,41.5396],[-3.0301,41.5369],[-3.0687,41.5244],[-3.0791,41.5224],[-3.0907,41.5234],[-3.0958,41.5274],[-3.0994,41.5344],[-3.1048,41.541],[-3.1226,41.547],[-3.137,41.5611],[-3.1488,41.5643],[-3.1602,41.5655],[-3.1671,41.5687],[-3.1802,41.5779],[-3.23,41.6018],[-3.2447,41.6053],[-3.3089,41.5983],[-3.3303,41.5991],[-3.346,41.6046],[-3.3802,41.6225],[-3.3958,41.6264],[-3.4193,41.6279],[-3.438,41.6319],[-3.4925,41.6536],[-3.5084,41.6573],[-3.5242,41.6554],[-3.5426,41.6463],[-3.5592,41.6558],[-3.5767,41.6623],[-3.5954,41.6661],[-3.6562,41.6673],[-3.6658,41.67],[-3.6771,41.6831],[-3.6866,41.6878],[-3.698,41.6884],[-3.707,41.6859],[-3.7145,41.6827],[-3.7213,41.681],[-3.7473,41.6868],[-3.7818,41.6895],[-3.8011,41.694],[-3.8573,41.7153],[-3.8748,41.7169],[-3.9097,41.7152],[-3.9229,41.713],[-3.9283,41.7073],[-3.9311,41.6996],[-3.9368,41.6912],[-4.0147,41.6304],[-4.0329,41.6264],[-4.1112,41.6326],[-4.1304,41.6431],[-4.1391,41.6463],[-4.1509,41.6485],[-4.1575,41.6481],[-4.1645,41.647],[-4.2558,41.6514],[-4.2659,41.6542],[-4.2801,41.6625],[-4.2899,41.6651],[-4.3023,41.6646],[-4.4272,41.6413],[-4.4854,41.644],[-4.5059,41.6407],[-4.544,41.6238],[-4.672,41.5882],[-4.7082,41.5826],[-4.7308,41.5823],[-4.7935,41.5894],[-4.8201,41.5882],[-4.8342,41.5833],[-4.8591,41.5552],[-4.8887,41.5346],[-4.9255,41.5246],[-5.0482,41.5155],[-5.0733,41.51],[-5.0884,41.5037],[-5.1061,41.4909],[-5.1233,41.4846],[-5.1669,41.4802],[-5.1899,41.4744],[-5.2218,41.4561],[-5.2389,41.4522],[-5.2588,41.4414],[-5.2712,41.4373],[-5.2768,41.4426],[-5.2816,41.453],[-5.2922,41.4619],[-5.3109,41.4733],[-5.3298,41.4931],[-5.3381,41.4998],[-5.3984,41.5314],[-5.4139,41.5422],[-5.4362,41.5333],[-5.488,41.5225],[-5.5394,41.5203],[-5.5523,41.5231],[-5.5579,41.5317],[-5.5625,41.5416],[-5.5735,41.5399],[-5.5989,41.5286],[-5.6121,41.5281],[-5.6473,41.5348],[-5.7413,41.5311],[-5.7839,41.5211],[-5.7852,41.5211],[-5.7895,41.52],[-5.7962,41.5162],[-5.8054,41.5084],[-5.8223,41.4863],[-5.8301,41.4832],[-5.8393,41.4934],[-5.848,41.5084],[-5.8543,41.5166],[-5.8599,41.5191],[-5.8657,41.5172],[-5.8718,41.5115],[-5.8771,41.503],[-5.8858,41.4821],[-5.8912,41.4632],[-5.8971,41.4584],[-6.0115,41.4754],[-6.0181,41.4779],[-6.0264,41.4859],[-6.0371,41.494],[-6.0557,41.5003],[-6.1053,41.5562],[-6.1601,41.5946],[-6.174,41.5963],[-6.1922,41.5863],[-6.2543,41.5177],[-6.2801,41.4972],[-6.2864,41.4871],[-6.2858,41.4792],[-6.2831,41.4725],[-6.2835,41.4659],[-6.3216,41.4198],[-6.3217,41.4112],[-6.353,41.4095],[-6.3669,41.4055],[-6.3797,41.3976],[-6.3768,41.3971],[-6.3761,41.391],[-6.3773,41.3832],[-6.3797,41.3778],[-6.3839,41.3768],[-6.3961,41.3787],[-6.4002,41.3778],[-6.4315,41.3392],[-6.4639,41.3143],[-6.4964,41.2952],[-6.5,41.294]]}},{"type":"Feature","properties":{"layer":"river","name":"Donau","rank":2},"geometry":{"type":"LineString","coordinates":[[8.1792,48.0935],[8.1951,48.076],[8.2121,48.0567],[8.2306,48.0474],[8.2756,48.0498],[8.2915,48.0468],[8.3059,48.0381],[8.314,48.0273],[8.3205,48.0152],[8.3294,48.0024],[8.3361,47.999],[8.3454,47.9981],[8.3638,47.999],[8.372,47.9974],[8.3767,47.9936],[8.381,47.9891],[8.3877,47.9854],[8.4194,47.9796],[8.4355,47.9732],[8.4423,47.9615],[8.4457,47.9449],[8.4553,47.9342],[8.4705,47.9295],[8.49,47.9307],[8.5083,47.9388],[8.5197,47.9478],[8.5309,47.9491],[8.5488,47.9344],[8.5628,47.9265],[8.5972,47.9237],[8.6143,47.9171],[8.6391,47.9274],[8.7644,47.9382],[8.7641,47.9578],[8.7817,47.9715],[8.8447,48.002],[8.8948,48.0406],[8.919,48.0355],[8.927,48.03],[8.9146,48.0201],[8.9146,48.0126],[8.9423,48.0185],[8.9568,48.0233],[8.9631,48.0301],[8.9616,48.0368],[8.9592,48.0399],[8.96,48.0432],[8.9672,48.0505],[8.9744,48.053],[8.9933,48.0547],[8.9972,48.0576],[9.0137,48.078],[9.0501,48.0909],[9.0877,48.0931],[9.1071,48.0816],[9.1145,48.0816],[9.1237,48.0877],[9.1386,48.087],[9.1726,48.0816],[9.1809,48.0827],[9.2026,48.089],[9.2109,48.0882],[9.2145,48.0862],[9.2173,48.0838],[9.2232,48.0816],[9.3467,48.0673],[9.3771,48.0731],[9.4026,48.0873],[9.4627,48.142],[9.5119,48.2051],[9.5186,48.2119],[9.5246,48.2235],[9.5304,48.2321],[9.539,48.2391],[9.5527,48.2454],[9.5681,48.2485],[9.5849,48.2485],[9.6079,48.2454],[9.6313,48.2393],[9.6401,48.2386],[9.6703,48.2399],[9.6838,48.2388],[9.6967,48.2396],[9.7104,48.2454],[9.7437,48.2728],[9.7582,48.2808],[9.7729,48.2846],[9.8196,48.2871],[9.834,48.2919],[9.8552,48.3073],[9.8674,48.3143],[9.9096,48.3267],[9.9158,48.3279],[9.9431,48.3465],[10.0364,48.4333],[10.0462,48.4378],[10.068,48.4429],[10.1758,48.4515],[10.1965,48.456],[10.2344,48.4698],[10.314,48.4803],[10.3701,48.4982],[10.3875,48.5087],[10.3949,48.5232],[10.3997,48.5465],[10.412,48.5615],[10.4296,48.5704],[10.5,48.5856]]}},{"type":"Feature","properties":{"layer":"river","name":"Mosel","rank":7},"geometry":{"type":"LineString","coordinates":[[6.922,48.0154],[6.8789,48.0117],[6.8567,48.0045],[6.8407,47.993],[6.8296,47.9717],[6.8169,47.9632],[6.7969,47.9586],[6.7739,47.9579],[6.7525,47.9626],[6.7359,47.9711],[6.7234,47.9854],[6.7119,48.004],[6.6945,48.0183],[6.667,48.022],[6.6352,48.0231],[6.6069,48.031],[6.5942,48.0453],[6.5991,48.0618],[6.6074,48.0796],[6.6057,48.089],[6.5951,48.0934],[6.5605,48.1141],[6.5505,48.1225],[6.5442,48.1225],[6.5366,48.1202],[6.5252,48.1214],[6.5148,48.1257],[6.5102,48.1331],[6.5068,48.1466],[6.4985,48.1475],[6.4875,48.1439],[6.4761,48.1436],[6.456,48.1564],[6.4467,48.1745],[6.4451,48.1957],[6.448,48.2181],[6.4275,48.2529],[6.414,48.2734],[6.3976,48.2871],[6.3935,48.2938],[6.393,48.3058],[6.2568,48.4037],[6.2568,48.4099],[6.2647,48.4152],[6.2756,48.4296],[6.2842,48.4378],[6.3015,48.446],[6.3086,48.4515],[6.3115,48.4617],[6.3069,48.4853],[6.2951,48.5044],[6.2631,48.534],[6.2471,48.545],[6.2289,48.5545],[6.2233,48.5592],[6.2219,48.5637],[6.2197,48.5669],[6.2118,48.5682],[6.1975,48.5677],[6.1906,48.5685],[6.1848,48.5716],[6.1708,48.5838],[6.1496,48.5988],[6.126,48.6077],[6.1054,48.6017],[6.0873,48.6103],[6.0668,48.617],[6.0485,48.6263],[6.0371,48.6433],[6.0176,48.6506],[5.9137,48.6467],[5.9104,48.6502],[5.9033,48.6502],[5.8963,48.652],[5.8931,48.661],[5.8942,48.6717],[5.8975,48.6769],[5.9137,48.6849],[5.9216,48.6857],[5.9433,48.6844],[5.9478,48.688],[5.9506,48.6932],[5.9689,48.7047],[5.9899,48.7363],[6.0029,48.7484],[6.02,48.7531],[6.0576,48.7531],[6.0696,48.7501],[6.0785,48.7506],[6.0886,48.7565],[6.1056,48.7642],[6.124,48.7669],[6.1357,48.7722],[6.1333,48.7879],[6.1228,48.7968],[6.1115,48.8004],[6.1074,48.806],[6.1191,48.8214],[6.11,48.8255],[6.1033,48.8275],[6.0977,48.8265],[6.0925,48.8214],[6.0849,48.8342],[6.0796,48.8487],[6.081,48.8616],[6.0925,48.8698],[6.0925,48.8767],[6.072,48.8812],[6.054,48.8968],[6.0449,48.9175],[6.0508,48.9313],[6.0576,48.9374],[6.0496,48.9499],[6.0304,48.9927],[6.0422,49.0008],[6.0471,49.0123],[6.0505,49.0261],[6.0576,49.0411],[6.085,49.0821],[6.1022,49.0961],[6.152,49.1246],[6.1709,49.13],[6.1902,49.1388],[6.2038,49.1583],[6.2056,49.1772],[6.1886,49.1845],[6.1936,49.1993],[6.1957,49.2154],[6.1924,49.2298],[6.1812,49.2391],[6.1886,49.2466],[6.1812,49.2534],[6.1863,49.2584],[6.1896,49.2635],[6.1948,49.2739],[6.1709,49.2873],[6.1679,49.3095],[6.168,49.3344],[6.1532,49.3558],[6.1813,49.3646],[6.1956,49.3712],[6.2017,49.3801],[6.2095,49.3859],[6.2532,49.4042],[6.2632,49.4056],[6.27,49.4092],[6.2808,49.421],[6.2898,49.427],[6.2966,49.4258],[6.3035,49.4231],[6.3115,49.4248],[6.3186,49.4326],[6.322,49.4416],[6.3259,49.449],[6.3357,49.452],[6.346,49.4521],[6.3453,49.4553],[6.3454,49.4627],[6.3423,49.493],[6.3508,49.5349],[6.3508,49.5666],[6.3564,49.5776],[6.3715,49.593],[6.3976,49.6139],[6.4077,49.6274],[6.4152,49.6346],[6.4179,49.6391],[6.417,49.6458],[6.4109,49.6496],[6.4045,49.6525],[6.4027,49.6558],[6.4182,49.6699],[6.4917,49.7008],[6.5102,49.7127],[6.5364,49.713],[6.5632,49.7089],[6.589,49.7083],[6.6126,49.7189],[6.6206,49.7316],[6.6301,49.7615],[6.6371,49.7674],[6.6872,49.78],[6.6951,49.7844],[6.698,49.8024],[6.7023,49.815],[6.7088,49.8226],[6.7221,49.8249],[6.7343,49.822],[6.7468,49.8175],[6.7713,49.8121],[6.7941,49.7984],[6.8042,49.7946],[6.8195,49.7952],[6.8298,49.798],[6.8395,49.7991],[6.8528,49.7946],[6.8445,49.8147],[6.8393,49.8227],[6.8323,49.8288],[6.8466,49.8418],[6.8589,49.8414],[6.8989,49.8199],[6.9003,49.8232],[6.9006,49.8362],[6.8952,49.8569],[6.8943,49.8706],[6.9006,49.8834],[6.9116,49.8897],[6.9218,49.8866],[6.9299,49.877],[6.9353,49.8636],[6.9519,49.8898],[6.9689,49.9075],[6.9931,49.9168],[7.0601,49.9215],[7.0496,49.9339],[6.9961,49.9666],[7.0104,49.978],[7.0253,49.9792],[7.0649,49.9717],[7.0685,49.9691],[7.0729,49.9694],[7.0894,49.9825],[7.0954,49.9851],[7.1005,49.9842],[7.106,49.9796],[7.106,49.9735],[7.1008,49.9613],[7.1096,49.9532],[7.1237,49.9536],[7.1332,49.9666],[7.1288,49.9754],[7.1184,49.9847],[7.1121,49.9952],[7.1196,50.0075],[7.1143,50.0235],[7.1135,50.0413],[7.1184,50.0516],[7.1301,50.0448],[7.1538,50.0225],[7.1684,50.0152],[7.175,50.0243],[7.1687,50.0406],[7.1545,50.0479],[7.1386,50.0528],[7.1271,50.0622],[7.1262,50.0749],[7.1299,50.0873],[7.1286,50.0975],[7.1128,50.1031],[7.1345,50.1031],[7.156,50.0983],[7.1748,50.0908],[7.1879,50.0827],[7.195,50.0865],[7.2022,50.0895],[7.1973,50.0944],[7.1952,50.0978],[7.193,50.1005],[7.1879,50.1031],[7.199,50.1082],[7.2107,50.1102],[7.2363,50.1099],[7.2363,50.1174],[7.2258,50.1256],[7.2268,50.1354],[7.231,50.1446],[7.2295,50.1509],[7.2195,50.1511],[7.1904,50.1402],[7.1782,50.1373],[7.1714,50.1406],[7.1675,50.1478],[7.1672,50.1551],[7.1712,50.1584],[7.2465,50.1721],[7.2761,50.1719],[7.2891,50.1748],[7.3015,50.182],[7.3142,50.1865],[7.3457,50.1836],[7.3598,50.1851],[7.3682,50.1925],[7.3759,50.2042],[7.385,50.2151],[7.3977,50.2198],[7.4216,50.2244],[7.4492,50.2329],[7.4492,50.2403],[7.4418,50.2403],[7.4418,50.2465],[7.4465,50.2509],[7.447,50.2517],[7.4448,50.2533],[7.4418,50.2608],[7.4528,50.2678],[7.4566,50.2809],[7.458,50.296],[7.4628,50.3092],[7.4736,50.317],[7.4872,50.3184],[7.5213,50.3155],[7.53,50.3196],[7.5449,50.329],[7.5562,50.3384],[7.5547,50.3427],[7.5518,50.347],[7.5571,50.3567],[7.5686,50.3707],[7.5786,50.3701],[7.6064,50.3638]]}},{"type":"Feature","properties":{"layer":"river","name":"Weser","rank":7},"geometry":{"type":"LineString","coordinates":[[10.5,50.5241],[10.4502,50.5277],[10.4177,50.5432],[10.3989,50.6035],[10.3677,50.6239],[10.3692,50.6429],[10.352,50.6757],[10.3547,50.6853],[10.3547,50.6928],[10.3481,50.6994],[10.3488,50.7044],[10.3525,50.7088],[10.3547,50.7133],[10.3547,50.7369],[10.3495,50.7488],[10.3368,50.7553],[10.3211,50.7602],[10.3069,50.7673],[10.2998,50.7782],[10.2958,50.7918],[10.2896,50.8033],[10.2758,50.8082],[10.2039,50.8219],[10.1502,50.843],[10.1418,50.8399],[10.133,50.833],[10.1128,50.835],[10.0735,50.8436],[10.0087,50.8397],[9.9789,50.8447],[9.9574,50.8635],[9.9672,50.8628],[9.9756,50.8641],[9.9916,50.8703],[9.9841,50.8771],[9.9972,50.8868],[10.0191,50.9188],[10.0319,50.9317],[10.0517,50.9369],[10.0617,50.9413],[10.0659,50.9498],[10.0698,50.9611],[10.0788,50.9685],[10.1015,50.9802],[10.0966,50.9817],[10.0959,50.9824],[10.096,50.9838],[10.094,50.987],[10.1027,51.0037],[10.1099,51.0113],[10.1213,51.015],[10.1365,51.0003],[10.1672,50.9979],[10.1975,50.9997],[10.2114,50.9976],[10.2144,51.0071],[10.2212,51.012],[10.228,51.0182],[10.2311,51.0317],[10.2289,51.0339],[10.2249,51.0397],[10.2231,51.0457],[10.2278,51.0484],[10.2377,51.0487],[10.2438,51.0502],[10.2477,51.0545],[10.2516,51.0627],[10.2588,51.0602],[10.2619,51.0586],[10.2659,51.0553],[10.2659,51.0596],[10.2669,51.0643],[10.2675,51.0698],[10.2659,51.0764],[10.2807,51.0754],[10.2866,51.0738],[10.2939,51.0689],[10.3018,51.0751],[10.3132,51.0793],[10.3264,51.0817],[10.3403,51.0826],[10.3318,51.0873],[10.3029,51.0955],[10.2898,51.0969],[10.2874,51.0945],[10.2813,51.0905],[10.2749,51.0887],[10.2721,51.0935],[10.2739,51.1001],[10.2788,51.1047],[10.2857,51.1078],[10.2939,51.1099],[10.2847,51.1142],[10.268,51.1149],[10.259,51.1174],[10.2537,51.1218],[10.2412,51.1349],[10.2373,51.1378],[10.2205,51.1351],[10.2078,51.1284],[10.1945,51.1263],[10.1758,51.1378],[10.1834,51.1446],[10.1728,51.1479],[10.165,51.1545],[10.1628,51.163],[10.1697,51.1719],[10.152,51.1904],[10.1226,51.1943],[10.0598,51.1925],[10.0483,51.1968],[10.0287,51.2106],[10.022,51.2136],[10.0065,51.2145],[9.9963,51.2184],[9.9928,51.2266],[9.9978,51.2408],[9.9944,51.2412],[9.9841,51.2408],[9.9841,51.2477],[9.9946,51.247],[10.0019,51.2487],[10.007,51.2532],[10.0114,51.2613],[9.9851,51.2698],[9.9622,51.3076],[9.9431,51.3023],[9.9455,51.3078],[9.9457,51.3107],[9.9463,51.313],[9.95,51.3166],[9.95,51.3228],[9.9341,51.3203],[9.8916,51.3228],[9.8796,51.329],[9.874,51.3411],[9.8678,51.3492],[9.8538,51.3433],[9.843,51.353],[9.8124,51.3655],[9.8059,51.374],[9.8001,51.3854],[9.7857,51.3896],[9.752,51.3911],[9.7366,51.3962],[9.7161,51.4095],[9.6843,51.414],[9.6572,51.4226],[9.6421,51.4252],[9.6365,51.4304],[9.6343,51.4356],[9.636,51.4407],[9.6421,51.4457],[9.6421,51.4532],[9.636,51.4563],[9.6333,51.4592],[9.6318,51.4625],[9.6284,51.4674],[9.6421,51.4674],[9.6421,51.4737],[9.6215,51.4826],[9.611,51.4958],[9.6022,51.51],[9.5868,51.522],[9.6077,51.5247],[9.617,51.5358],[9.6157,51.5511],[9.6043,51.5661],[9.5966,51.5742],[9.5872,51.5892],[9.58,51.5965],[9.5707,51.6019],[9.5391,51.6108],[9.5391,51.617],[9.5451,51.6206],[9.5542,51.6275],[9.5608,51.6363],[9.5596,51.645],[9.5525,51.6454],[9.53,51.6343],[9.5217,51.6313],[9.5073,51.6316],[9.4978,51.6341],[9.4924,51.6413],[9.4907,51.6555],[9.4848,51.6608],[9.4714,51.6581],[9.4577,51.6514],[9.4504,51.645],[9.4324,51.6507],[9.4177,51.645],[9.4036,51.6373],[9.3882,51.6375],[9.3754,51.6485],[9.3745,51.6618],[9.3823,51.673],[9.3952,51.6784],[9.3913,51.69],[9.3903,51.7076],[9.3918,51.7244],[9.3952,51.7337],[9.3826,51.7452],[9.3776,51.7614],[9.3823,51.7758],[9.4116,51.7871],[9.4204,51.7978],[9.4201,51.8]]}},{"type":"Feature","properties":{"layer":"river","name":"Dordogne","rank":8},"geometry":{"type":"MultiLineString","coordinates":[[[2.7549,45.5939],[2.731,45.5952],[2.6961,45.6105],[2.6399,45.6176],[2.6189,45.618],[2.5973,45.6143],[2.5888,45.6102],[2.5527,45.5858],[2.5346,45.5743],[2.5315,45.5733],[2.5234,45.5638],[2.5208,45.5188],[2.5154,45.5045],[2.5208,45.4859],[2.5153,45.4637],[2.5064,45.4406],[2.5017,45.4191],[2.496,45.4055],[2.4812,45.397],[2.4612,45.3936],[2.4397,45.3952],[2.4201,45.4018],[2.3837,45.419],[2.3611,45.4226],[2.3527,45.4197],[2.352,45.413],[2.356,45.4051],[2.3684,45.3901],[2.3703,45.3837],[2.3684,45.3769],[2.3604,45.3592],[2.3442,45.3406],[2.3399,45.3384],[2.3201,45.3237],[2.3198,45.3201],[2.3123,45.3158],[2.3052,45.2965],[2.299,45.2922],[2.2869,45.2909],[2.2775,45.2875],[2.2615,45.2791],[2.2573,45.2789],[2.2551,45.2811],[2.2526,45.2824],[2.2478,45.2791],[2.2455,45.2758],[2.2427,45.2684],[2.2309,45.2489],[2.2246,45.241],[2.2168,45.2376],[2.1448,45.2307],[2.138,45.232],[2.1262,45.2366],[2.121,45.2376],[2.1142,45.2354],[2.1082,45.2307],[2.1043,45.226],[2.1039,45.2239],[2.0917,45.2254],[2.0691,45.2309],[2.0561,45.2307],[2.0383,45.2213],[2.0261,45.203],[2.0077,45.1618],[1.9924,45.1437],[1.9325,45.1079],[1.9113,45.0843],[1.9128,45.0873],[1.9004,45.0766],[1.9006,45.0712],[1.9128,45.0656],[1.9128,45.0594],[1.9013,45.0572],[1.8574,45.0563],[1.8359,45.0391],[1.8293,45.0274],[1.8432,45.0184],[1.8305,45.0069],[1.8318,44.9951],[1.8389,44.982],[1.8432,44.9669],[1.8395,44.9515],[1.8306,44.9371],[1.8195,44.9246],[1.809,44.9154]],[[1.809,44.9086],[1.7713,44.9112],[1.7236,44.9154],[1.718,44.9187],[1.7012,44.9332],[1.6961,44.9365],[1.6733,44.9348],[1.6614,44.9324],[1.6514,44.9291],[1.635,44.9175],[1.6028,44.8874],[1.5862,44.8813],[1.5773,44.8825],[1.5751,44.8837],[1.5657,44.8714],[1.5593,44.8655],[1.5513,44.8606],[1.5427,44.857],[1.5347,44.8546],[1.5202,44.8531],[1.5017,44.855],[1.4861,44.8626],[1.4794,44.8782],[1.47,44.887],[1.4478,44.8878],[1.4043,44.8813],[1.345,44.8582],[1.3176,44.8524],[1.302,44.8426],[1.292,44.8403],[1.2807,44.8415],[1.2603,44.8464],[1.2542,44.8472],[1.2499,44.8447],[1.2459,44.8395],[1.2426,44.833],[1.2405,44.8267],[1.2222,44.8309],[1.1918,44.8128],[1.1716,44.8205],[1.179,44.8267],[1.1755,44.8281],[1.1731,44.8277],[1.1719,44.8285],[1.1716,44.8335],[1.1653,44.8335],[1.1609,44.8271],[1.1538,44.8212],[1.1471,44.8207],[1.1443,44.8301],[1.1388,44.8341],[1.1264,44.8321],[1.1126,44.8282],[1.1033,44.8267],[1.0439,44.8582],[1.0276,44.8614],[1.0195,44.8554],[1.0125,44.8373],[1.0037,44.8335],[0.97,44.8323],[0.9592,44.8335],[0.9419,44.8419],[0.926,44.8539],[0.9097,44.861],[0.8904,44.8546],[0.8775,44.8636],[0.8721,44.87],[0.87,44.8782],[0.865,44.8861],[0.855,44.8782],[0.8473,44.8663],[0.8494,44.8614],[0.8298,44.8641],[0.8051,44.8874],[0.7886,44.8813],[0.7907,44.8525],[0.7519,44.8434],[0.3703,44.8614],[0.36,44.8601],[0.342,44.8555],[0.3327,44.8546],[0.3222,44.8566],[0.3154,44.8612],[0.3102,44.8657],[0.3049,44.8676],[0.2511,44.8792],[0.2331,44.8813],[0.2399,44.8676],[0.2238,44.8576],[0.1931,44.8319],[0.1745,44.8267],[0.0311,44.8403],[0.028,44.8434],[0.0105,44.8563],[0.0065,44.858],[0.0007,44.863],[-0.0127,44.8614],[-0.0345,44.8546],[-0.0977,44.8455],[-0.1321,44.8262],[-0.1495,44.829],[-0.1778,44.8472],[-0.1881,44.8509],[-0.1968,44.8521],[-0.2044,44.8544],[-0.212,44.8614],[-0.2169,44.8702],[-0.2164,44.8757],[-0.2136,44.8815],[-0.212,44.8915],[-0.2164,44.8997],[-0.2259,44.9022],[-0.2355,44.9009],[-0.24,44.898],[-0.2444,44.8898],[-0.2535,44.8984],[-0.261,44.9112],[-0.2603,44.9154],[-0.2812,44.9235],[-0.2903,44.9173],[-0.2982,44.9083],[-0.3157,44.9086],[-0.3293,44.9365],[-0.3377,44.9417],[-0.3482,44.9459],[-0.3586,44.9486],[-0.3665,44.9495],[-0.449,44.9495],[-0.4605,44.9562],[-0.4797,44.9876],[-0.4937,44.998]]]}},{"type":"Feature","properties":{"layer":"river","name":"Ticino","rank":8},"geometry":{"type":"LineString","coordinates":[[8.6205,45.7264],[8.5925,45.7385],[8.5866,45.7442],[8.5689,45.7658],[8.5629,45.7929],[8.5737,45.8117],[8.5844,45.8248],[8.5949,45.8415],[8.5959,45.8633],[8.5838,45.8862],[8.5776,45.9051],[8.5874,45.9222],[8.6074,45.9363],[8.6283,45.9457],[8.6525,45.9647],[8.7017,46.0004],[8.73,46.036],[8.7239,46.0612],[8.7261,46.0873],[8.7376,46.1096],[8.7614,46.1284],[8.7861,46.1444],[8.8171,46.1599],[8.8432,46.1717]]}},{"type":"Feature","properties":{"layer":"river","name":"Ticino","rank":8},"geometry":{"type":"LineString","coordinates":[[8.404,46.496],[8.4273,46.4891],[8.4524,46.4887],[8.4802,46.4976],[8.5144,46.5118],[8.5273,46.5228],[8.5696,46.5351],[8.614,46.543],[8.676,46.5417],[8.7097,46.5354],[8.7344,46.524],[8.7568,46.5106],[8.8063,46.4918],[8.8298,46.476],[8.8794,46.4253],[8.9341,46.3912],[8.9626,46.3653],[8.9849,46.336],[9.0254,46.2663],[9.0431,46.25],[9.0481,46.2407],[9.0412,46.2309],[9.0322,46.2231],[9.0186,46.205],[9.0108,46.1984],[8.9841,46.1892],[8.8432,46.1717]]}},{"type":"Feature","properties":{"layer":"river","name":"Inn","rank":8},"geometry":{"type":"LineString","coordinates":[[9.746,46.4032],[9.7444,46.4247],[9.7555,46.4383],[9.783,46.455],[9.7991,46.4641],[9.8056,46.4754],[9.8158,46.4828],[9.8271,46.4887],[9.8367,46.4954],[9.8709,46.5363],[9.9048,46.566],[10.0105,46.6384],[10.0869,46.6977],[10.0956,46.7062],[10.0972,46.7166],[10.0884,46.7371],[10.0898,46.7476],[10.0969,46.7589],[10.1052,46.7682],[10.1157,46.7751],[10.1299,46.7792],[10.19,46.7813],[10.2992,46.8068],[10.3918,46.841],[10.4289,46.8621],[10.4607,46.8898],[10.5,46.9412]]}},{"type":"Feature","properties":{"layer":"river","name":"Main","rank":8},"geometry":{"type":"LineString","coordinates":[[10.5,50.0299],[10.4912,50.0342],[10.4692,50.0209],[10.4392,50.0144],[10.3745,50.0144],[10.3472,50.019],[10.3268,50.0274],[10.2939,50.0494],[10.2796,50.0548],[10.2521,50.0537],[10.228,50.041],[10.1799,49.9987],[10.1752,49.9925],[10.1745,49.9853],[10.1758,49.9735],[10.1826,49.9462],[10.1828,49.9342],[10.1758,49.925],[10.1758,49.9182],[10.19,49.9061],[10.1834,49.8966],[10.1697,49.8885],[10.1623,49.8803],[10.1697,49.8701],[10.2055,49.8683],[10.2175,49.8567],[10.1846,49.8593],[10.1707,49.8563],[10.1728,49.8459],[10.2053,49.8229],[10.2114,49.8151],[10.2127,49.8034],[10.2083,49.7973],[10.1973,49.795],[10.1796,49.7946],[10.1635,49.7926],[10.157,49.7862],[10.1492,49.7599],[10.1614,49.7434],[10.1516,49.7236],[10.1213,49.6917],[10.1492,49.678],[10.1171,49.6669],[10.0822,49.6669],[10.0507,49.6751],[10.0288,49.6885],[10.0241,49.6955],[10.02,49.7089],[10.0148,49.7158],[10.0081,49.7193],[10.0004,49.7213],[9.9942,49.7239],[9.9851,49.7457],[9.9709,49.7569],[9.9566,49.7647],[9.95,49.7708],[9.9445,49.7786],[9.9089,49.8015],[9.9011,49.8041],[9.8874,49.806],[9.8818,49.8083],[9.8754,49.8133],[9.8731,49.817],[9.8715,49.8214],[9.8674,49.8288],[9.8476,49.8567],[9.8425,49.8779],[9.8401,49.8834],[9.8142,49.9068],[9.8064,49.9193],[9.8122,49.9312],[9.8037,49.937],[9.7719,49.9486],[9.7582,49.9864],[9.7417,49.9981],[9.7228,50.0047],[9.7128,50.0142],[9.7236,50.0341],[9.706,50.0382],[9.6999,50.0383],[9.6873,50.0356],[9.6828,50.0354],[9.6646,50.0392],[9.6582,50.0394],[9.6521,50.0386],[9.6403,50.0349],[9.6347,50.0325],[9.6165,50.0207],[9.6095,50.0179],[9.5913,50.0133],[9.5856,50.0106],[9.5798,50.0061],[9.5767,50.0008],[9.5713,49.9884],[9.5629,49.9739],[9.5606,49.9685],[9.559,49.9604],[9.5595,49.9539],[9.5625,49.9482],[9.5725,49.9374],[9.6011,49.882],[9.603,49.872],[9.6004,49.8627],[9.5911,49.8433],[9.5837,49.8317],[9.5808,49.8254],[9.5803,49.8167],[9.5849,49.8121],[9.6013,49.8076],[9.6106,49.8024],[9.6095,49.7973],[9.6021,49.7925],[9.569,49.7801],[9.5568,49.7779],[9.5447,49.7786],[9.4909,49.7951],[9.4723,49.7954],[9.4367,49.7919],[9.4004,49.7834],[9.3517,49.7856],[9.3396,49.783],[9.3281,49.7782],[9.3176,49.7712],[9.2936,49.7469],[9.2759,49.7366],[9.2691,49.731],[9.2644,49.7213],[9.263,49.7167],[9.261,49.7125],[9.2581,49.7091],[9.2538,49.7064],[9.251,49.7054],[9.2478,49.7049],[9.2454,49.7057],[9.2443,49.709],[9.2383,49.7187],[9.2244,49.7244],[9.2085,49.7282],[9.1965,49.7326],[9.1851,49.7426],[9.1814,49.7524],[9.1829,49.7776],[9.1769,49.7899],[9.1637,49.7988],[9.1489,49.8055],[9.1387,49.8117],[9.1377,49.8221],[9.1554,49.8636],[9.1569,49.8856],[9.1493,49.9092],[9.1328,49.9304],[9.1071,49.9449],[9.1071,49.9523],[9.1174,49.9538],[9.1257,49.9579],[9.1333,49.9645],[9.1419,49.9735],[9.1274,49.9789],[9.1106,49.9805],[9.0764,49.9796],[9.0684,49.9845],[9.032,50.0212],[9.0266,50.043],[9.0258,50.0448],[9.0213,50.0482],[9.0115,50.0494],[9.0017,50.0482],[8.9972,50.0448],[8.9922,50.0456],[8.9833,50.0498],[8.9799,50.0591],[8.991,50.0752],[8.975,50.0821],[8.9473,50.0895],[8.9357,50.0963],[8.9146,50.1181],[8.9046,50.1253],[8.888,50.1304],[8.8013,50.1387],[8.783,50.1381],[8.7725,50.1321],[8.7781,50.1174],[8.7609,50.1121],[8.6996,50.107],[8.6426,50.0961],[8.5488,50.0963],[8.5336,50.0921],[8.5234,50.0821],[8.5078,50.0584],[8.4668,50.0274],[8.445,50.02],[8.4212,50.006],[8.3952,49.9977],[8.3672,50.0075],[8.3488,50.0013],[8.3053,50.0005],[8.2915,49.9933]]}},{"type":"Feature","properties":{"layer":"river","name":"Ems","rank":8},"geometry":{"type":"LineString","coordinates":[[8.4904,51.8],[8.4851,51.798],[8.4426,51.7946],[8.4355,51.7957],[8.4304,51.8]]}},{"type":"Feature","properties":{"layer":"river","name":"Yonne","rank":8},"geometry":{"type":"LineString","coordinates":[[3.9678,47.0401],[3.9404,47.0878],[3.9368,47.1046],[3.9356,47.1188],[3.9296,47.1295],[3.9126,47.1356],[3.8783,47.1697],[3.8613,47.1688],[3.8486,47.1724],[3.8237,47.184],[3.8097,47.1872],[3.7759,47.184],[3.7456,47.1886],[3.7161,47.201],[3.6882,47.2195],[3.6626,47.2421],[3.6501,47.2576],[3.6503,47.2652],[3.6558,47.2717],[3.6592,47.283],[3.6606,47.2903],[3.6635,47.2943],[3.6659,47.2986],[3.666,47.307],[3.6636,47.31],[3.6586,47.3128],[3.654,47.317],[3.6497,47.3338],[3.6445,47.334],[3.6382,47.3321],[3.6326,47.3349],[3.6296,47.342],[3.6252,47.3585],[3.6108,47.3807],[3.6087,47.3918],[3.6121,47.4237],[3.5977,47.4182],[3.5803,47.4205],[3.5635,47.4278],[3.5501,47.4373],[3.553,47.4476],[3.5503,47.4542],[3.5441,47.4558],[3.5364,47.451],[3.5183,47.4733],[3.5192,47.4963],[3.532,47.5156],[3.5501,47.5267],[3.5651,47.5292],[3.5907,47.5265],[3.6047,47.5267],[3.6032,47.5283],[3.6079,47.5328],[3.6183,47.5403],[3.617,47.5372],[3.6238,47.5351],[3.6382,47.5335],[3.6349,47.5428],[3.6359,47.5495],[3.6415,47.5533],[3.6519,47.554],[3.6459,47.5791],[3.6457,47.5847],[3.6493,47.5958],[3.6585,47.5955],[3.6697,47.5926],[3.6799,47.5955],[3.685,47.6043],[3.6843,47.6119],[3.6814,47.6187],[3.6799,47.6257],[3.6811,47.6817],[3.6774,47.6871],[3.666,47.6973],[3.6562,47.7019],[3.645,47.7038],[3.6362,47.7086],[3.6326,47.7215],[3.5994,47.7376],[3.5911,47.7464],[3.5913,47.7557],[3.5971,47.7642],[3.6121,47.7799],[3.5942,47.7909],[3.5852,47.798],[3.5774,47.8072],[3.5786,47.8113],[3.5761,47.8394],[3.574,47.8451],[3.5359,47.9032],[3.5364,47.9205],[3.5139,47.9544],[3.4623,47.9721],[3.3692,47.9876],[3.3693,47.9886],[3.3545,47.9945],[3.303,48.0126],[3.303,48.0201],[3.322,48.0286],[3.3189,48.0406],[3.2962,48.0611],[3.289,48.0703],[3.2871,48.074],[3.2887,48.0921],[3.2864,48.1004],[3.281,48.1075],[3.2743,48.1127],[3.2688,48.1157],[3.2781,48.1253],[3.3045,48.1434],[3.3098,48.1533],[3.3029,48.1606],[3.2621,48.1846],[3.2749,48.2088],[3.2636,48.2305],[3.2446,48.2506],[3.2306,48.2772],[3.1948,48.3214],[3.184,48.3286],[3.1076,48.3485],[3.1069,48.3504],[3.0954,48.3596],[3.0901,48.3627],[3.0824,48.3638],[3.0664,48.3625],[3.0597,48.3658],[3.0359,48.3727],[3.002,48.3732],[2.9722,48.3778],[2.9609,48.3968]]}},{"type":"Feature","properties":{"layer":"river","name":"Schelde","rank":8},"geometry":{"type":"LineString","coordinates":[[3.2637,49.9905],[3.2297,50.0079],[3.208,50.0248],[3.2029,50.0457],[3.2192,50.0747],[3.2292,50.0833],[3.2389,50.0895],[3.2444,50.0965],[3.2414,50.1072],[3.2346,50.1098],[3.1974,50.118],[3.1813,50.1312],[3.1914,50.1524],[3.2121,50.1732],[3.2749,50.2228],[3.2878,50.2371],[3.3195,50.2792],[3.3368,50.2947],[3.3571,50.3065],[3.3818,50.3157],[3.406,50.3195],[3.4492,50.3155],[3.4712,50.317],[3.4916,50.3275],[3.506,50.3455],[3.5314,50.3858],[3.5817,50.4317],[3.5868,50.4389],[3.5835,50.4446],[3.5725,50.4531],[3.5574,50.4616],[3.4526,50.5009],[3.4382,50.5091],[3.4303,50.5213],[3.4294,50.5358],[3.4358,50.5664],[3.4347,50.5797],[3.4265,50.5873],[3.4036,50.5991],[3.383,50.6175],[3.3671,50.6365],[3.3561,50.6581],[3.3503,50.6842],[3.3674,50.7174],[3.4128,50.7474],[3.5929,50.8322],[3.606,50.8424],[3.6369,50.878],[3.6465,50.8843],[3.6672,50.893],[3.6772,50.8996],[3.6834,50.9107],[3.676,50.9173],[3.6637,50.9234],[3.656,50.9331],[3.6553,50.9474],[3.6606,50.9514],[3.6701,50.9519],[3.6821,50.9561],[3.7077,50.9742],[3.728,50.9942],[3.7438,51.0174],[3.7553,51.0456],[3.7795,51.0425],[3.7932,51.0337],[3.8049,51.0216],[3.8229,51.0087],[3.8364,51.0035],[3.8472,51.0029],[3.8731,51.0087],[3.9897,51.015],[4.0108,51.0131],[4.0209,51.0135],[4.0326,51.0183],[4.0417,51.0265],[4.0549,51.0453],[4.0664,51.0521],[4.0794,51.0538],[4.0894,51.0511],[4.0989,51.0465],[4.1104,51.0432],[4.1221,51.0447],[4.1419,51.0569],[4.153,51.0595],[4.1621,51.055],[4.1703,51.0465],[4.1795,51.0408],[4.1914,51.0446],[4.1963,51.0545],[4.1933,51.0661],[4.1875,51.0774],[4.1846,51.0867],[4.1834,51.0956],[4.1821,51.0999],[4.1853,51.1043],[4.1979,51.1136],[4.2158,51.1215],[4.2356,51.124],[4.2761,51.124],[4.3159,51.1321],[4.3285,51.1478],[4.333,51.1697],[4.3486,51.1966],[4.3918,51.2249],[4.3953,51.2344],[4.3084,51.2686]]}},{"type":"Feature","properties":{"layer":"river","name":"Doubs","rank":8},"geometry":{"type":"LineString","coordinates":[[6.1502,46.6476],[6.1433,46.6682],[6.1463,46.6861],[6.1633,46.7001],[6.1858,46.7109],[6.2228,46.7332],[6.2583,46.7477],[6.2859,46.763],[6.288,46.7769],[6.2861,46.794],[6.2973,46.8005],[6.3388,46.8346],[6.34,46.8519],[6.3499,46.8619],[6.3628,46.8686],[6.373,46.8756],[6.3567,46.9131],[6.353,46.9335],[6.3593,46.95],[6.3669,46.9461],[6.375,46.9446],[6.3836,46.9455],[6.3925,46.9483],[6.4241,46.9687],[6.4841,47.0223],[6.5064,47.0332],[6.5542,47.0332],[6.5663,47.0357],[6.6017,47.0528],[6.6055,47.053],[6.6157,47.0517],[6.6208,47.0521],[6.6271,47.0546],[6.6391,47.062],[6.6459,47.0639],[6.6447,47.0677],[6.6489,47.0769],[6.6587,47.0915],[6.6668,47.0961],[6.6765,47.0992],[6.6958,47.1017],[6.7311,47.0991],[6.7455,47.1043],[6.7442,47.1213],[6.7742,47.1284],[6.8398,47.1697],[6.8588,47.1912],[6.8879,47.2115],[6.9558,47.2455],[6.9517,47.2703],[6.958,47.2908],[6.9768,47.304],[7.0098,47.307],[7.0187,47.3096],[7.0291,47.3173],[7.0378,47.3206],[7.0427,47.3199],[7.0486,47.317],[7.0558,47.3144],[7.0651,47.3144],[7.1332,47.3349],[7.1567,47.3475],[7.1684,47.3585],[7.1675,47.369],[7.1025,47.3615],[7.0838,47.3563],[7.0752,47.3553],[7.0476,47.3553],[6.9863,47.3479],[6.9179,47.3479],[6.8989,47.3454],[6.8683,47.3354],[6.8595,47.3349],[6.8494,47.3292],[6.8329,47.3267],[6.7981,47.3281],[6.7786,47.3323],[6.7665,47.3383],[6.7598,47.3461],[6.7565,47.3553],[6.7568,47.3631],[6.7607,47.3736],[6.7678,47.3852],[6.7776,47.3963],[6.7732,47.4068],[6.7785,47.4152],[6.7866,47.4254],[6.7956,47.4559],[6.8074,47.4555],[6.8223,47.4512],[6.8359,47.4544],[6.844,47.4667],[6.842,47.4777],[6.8324,47.4864],[6.8186,47.4919],[6.8042,47.4922],[6.7919,47.4878],[6.7808,47.482],[6.7702,47.4782],[6.7228,47.4782],[6.7156,47.4748],[6.7092,47.4695],[6.6945,47.4639],[6.6479,47.454],[6.6257,47.439],[6.6126,47.4373],[6.605,47.4429],[6.5974,47.4533],[6.5896,47.4615],[6.582,47.4612],[6.5647,47.4448],[6.5553,47.4468],[6.5461,47.4455],[6.5376,47.442],[6.5305,47.4373],[6.5468,47.4322],[6.5549,47.4306],[6.5647,47.4305],[6.5647,47.4237],[6.5478,47.4219],[6.531,47.4183],[6.5156,47.4121],[6.5027,47.4025],[6.5046,47.3984],[6.5081,47.3874],[6.5102,47.3832],[6.4902,47.3785],[6.4382,47.3758],[6.4245,47.3724],[6.416,47.3663],[6.4062,47.363],[6.3838,47.3615],[6.3788,47.3592],[6.3518,47.3417],[6.3372,47.3436],[6.3118,47.3391],[6.2879,47.3316],[6.2774,47.3243],[6.2659,47.3145],[6.2109,47.2965],[6.1426,47.2897],[6.1199,47.2838],[6.0986,47.2734],[6.0932,47.2726],[6.0866,47.2736],[6.0811,47.2736],[6.0788,47.2697],[6.0785,47.2604],[6.0771,47.256],[6.0679,47.2486],[6.0553,47.241],[6.0439,47.2407],[6.0166,47.2455],[6.0213,47.2409],[6.0264,47.2348],[6.0304,47.2319],[5.9478,47.1971],[5.9582,47.1975],[5.9614,47.1971],[5.9614,47.1909],[5.9301,47.1796],[5.9165,47.1798],[5.8993,47.1909],[5.8931,47.184],[5.9067,47.1766],[5.9067,47.1697],[5.8984,47.1646],[5.8958,47.1593],[5.8947,47.1533],[5.8897,47.1458],[5.8821,47.1423],[5.8638,47.1423],[5.8447,47.1341],[5.8483,47.1617],[5.8423,47.1697],[5.7935,47.1718],[5.7771,47.1697],[5.7312,47.1488],[5.7219,47.1424],[5.7156,47.1424],[5.7072,47.1509],[5.6885,47.1527],[5.6166,47.1434],[5.5854,47.1356],[5.5707,47.1267],[5.5496,47.1041],[5.5369,47.0947],[5.5209,47.0926],[5.5,47.0922],[5.4855,47.088],[5.4892,47.0742],[5.4812,47.0679],[5.4592,47.0559],[5.4509,47.0537],[5.4526,47.0525],[5.4529,47.0491],[5.4519,47.0444],[5.4499,47.0386],[5.4468,47.0327],[5.4431,47.027],[5.4387,47.0223],[5.4338,47.0189],[5.4413,47.0128],[5.4164,47.0128],[5.3906,47.0079],[5.3762,46.9932],[5.386,46.9643],[5.3759,46.9574],[5.3693,46.9331],[5.3582,46.9234],[5.3484,46.9294],[5.3379,46.9314],[5.3276,46.9294],[5.3178,46.9234],[5.2961,46.935],[5.2634,46.9378],[5.2305,46.9317],[5.2085,46.9165],[5.2065,46.9248],[5.2023,46.9301],[5.1963,46.9339],[5.188,46.937],[5.173,46.9315],[5.1677,46.9308],[5.1633,46.9331],[5.1582,46.9376],[5.1543,46.942],[5.154,46.9439],[5.1313,46.9432],[5.1157,46.9373],[5.0763,46.9054],[5.0625,46.9008],[5.0478,46.9007],[5.0134,46.9043],[4.9934,46.9041],[4.9728,46.8998],[4.9546,46.8892],[4.9675,46.8738],[4.9643,46.8531],[4.9511,46.8334]]}},{"type":"Feature","properties":{"layer":"river","name":"Severn","rank":8},"geometry":{"type":"LineString","coordinates":[[-2.3685,51.8],[-2.3841,51.7885],[-2.3913,51.7778]]}},{"type":"Feature","properties":{"layer":"river","name":"Esla","rank":8},"geometry":{"type":"LineString","coordinates":[[-5.0771,42.9558],[-5.095,42.9481],[-5.1155,42.9325],[-5.1343,42.914],[-5.1463,42.8975],[-5.1518,42.8828],[-5.1492,42.8766],[-5.1424,42.8714],[-5.1351,42.8597],[-5.1287,42.8265],[-5.1314,42.7923],[-5.1409,42.7587],[-5.1542,42.7269],[-5.1849,42.6782],[-5.2213,42.6348],[-5.2777,42.5934],[-5.3384,42.5422],[-5.379,42.52],[-5.4705,42.4881],[-5.5206,42.4596],[-5.5519,42.4161],[-5.5631,42.3644],[-5.5527,42.3111],[-5.5454,42.3011],[-5.5369,42.2936],[-5.5314,42.2848],[-5.5332,42.2705],[-5.5736,42.1551],[-5.598,42.021],[-5.6115,41.9962],[-5.6321,41.9739],[-5.7745,41.8698],[-5.7807,41.8621],[-5.7848,41.8529],[-5.793,41.8223],[-5.7972,41.8155],[-5.8131,41.7976],[-5.8174,41.7901],[-5.8202,41.7823],[-5.8213,41.7741],[-5.82,41.7656],[-5.8155,41.7574],[-5.8026,41.7466],[-5.7969,41.7405],[-5.7935,41.7257],[-5.8028,41.7163],[-5.8328,41.7049],[-5.8586,41.691],[-5.8707,41.6824],[-5.8814,41.673],[-5.8917,41.6599],[-5.9083,41.6308],[-5.9184,41.6176],[-5.932,41.6093],[-5.963,41.5975],[-5.9723,41.5861],[-5.9737,41.5762],[-5.969,41.5463],[-5.97,41.5361],[-5.9735,41.5288],[-5.9781,41.522],[-5.9825,41.5135],[-6.009,41.5096],[-6.0246,41.5039],[-6.0352,41.4908]]}},{"type":"Feature","properties":{"layer":"river","name":"Ticino","rank":8},"geometry":{"type":"LineString","coordinates":[[8.6205,45.7264],[8.6425,45.7215],[8.6497,45.7135],[8.6484,45.6852],[8.6531,45.6778],[8.6725,45.6707],[8.6799,45.6623],[8.6825,45.648],[8.6787,45.6398],[8.6742,45.6324],[8.6741,45.6203],[8.6777,45.6156],[8.6926,45.6046],[8.6975,45.5998],[8.6992,45.5935],[8.6983,45.581],[8.7007,45.5754],[8.7082,45.5624],[8.7202,45.5191],[8.7273,45.5098],[8.737,45.505],[8.7581,45.4976],[8.7786,45.4811],[8.8159,45.4219],[8.8648,45.3593],[8.9406,45.3042],[8.9902,45.2578],[9.0278,45.2322],[9.0674,45.2116],[9.1724,45.178],[9.2058,45.1622],[9.2241,45.1406]]}},{"type":"Feature","properties":{"layer":"river","name":"Sane","rank":8},"geometry":{"type":"LineString","coordinates":[[4.9511,46.8334],[4.9343,46.8209],[4.9174,46.8118],[4.9085,46.8082],[4.8811,46.8063],[4.8767,46.8037],[4.8735,46.7967],[4.8618,46.7831],[4.8657,46.7712],[4.885,46.7539],[4.9081,46.7383],[4.9446,46.7242],[4.9592,46.7056],[4.9671,46.681],[4.9683,46.6558],[4.964,46.631],[4.9561,46.6039],[4.9456,46.5789],[4.9343,46.5602],[4.9396,46.5423],[4.9423,46.5169],[4.94,46.4943],[4.9203,46.4751],[4.9063,46.4095],[4.8979,46.396],[4.8864,46.3829],[4.8765,46.3684],[4.8671,46.3317],[4.8554,46.3148],[4.8306,46.2866],[4.8123,46.2504],[4.8057,46.2291],[4.8022,46.2017],[4.7975,46.184],[4.7963,46.1591],[4.7946,46.1514],[4.7902,46.1419],[4.7742,46.1181],[4.7691,46.1078],[4.7588,46.077],[4.749,46.0594],[4.7497,46.0405],[4.7539,46.02],[4.7554,45.9979],[4.7468,45.9666],[4.7485,45.9569],[4.7573,45.9514],[4.7844,45.9448],[4.7902,45.9402],[4.7944,45.9312],[4.8127,45.9227],[4.8201,45.9066],[4.8381,45.8887],[4.8391,45.879],[4.8381,45.8545],[4.8412,45.8466],[4.8494,45.8325],[4.851,45.8232],[4.8491,45.8137],[4.84,45.8],[4.8381,45.789],[4.8374,45.7772],[4.8361,45.7686],[4.8306,45.7515]]}},{"type":"Feature","properties":{"layer":"river","name":"Maas","rank":8},"geometry":{"type":"MultiLineString","coordinates":[[[5.6909,50.7681],[5.6983,50.784],[5.7041,50.8245],[5.7004,50.8643],[5.6814,50.8846],[5.6879,50.8894],[5.7014,50.9051],[5.7055,50.9068],[5.7171,50.9095],[5.7219,50.9119],[5.7346,50.9243],[5.752,50.9475],[5.7634,50.9597],[5.7538,50.9633],[5.7441,50.9635],[5.7219,50.9597],[5.7612,50.9995],[5.7771,51.0239],[5.7634,51.0354],[5.7658,51.0487],[5.7709,51.0584],[5.7791,51.0616],[5.7907,51.0553],[5.7983,51.0617],[5.8039,51.0689],[5.8113,51.0826],[5.8085,51.0866],[5.8069,51.0897],[5.8045,51.0969],[5.8154,51.0961],[5.8261,51.0972],[5.8362,51.0998],[5.8454,51.1037],[5.8228,51.1191],[5.8259,51.1304],[5.8596,51.1515],[5.8748,51.1527],[5.8838,51.159],[5.8906,51.1668],[5.8993,51.1719],[5.9165,51.1715],[5.9328,51.167],[5.9463,51.1667],[5.9546,51.1788],[5.9457,51.1808],[5.9417,51.1835],[5.939,51.1873],[5.9341,51.1925],[5.9538,51.192],[5.969,51.1934],[5.979,51.2003],[5.9826,51.217],[5.9902,51.2289],[6.0054,51.2394],[6.0156,51.2497],[6.0092,51.2613],[6.0092,51.2676],[6.031,51.2702],[6.0647,51.296],[6.1005,51.3089],[6.113,51.3244],[6.1228,51.3427],[6.1333,51.3575],[6.1425,51.3627],[6.1528,51.3661],[6.1619,51.3719],[6.1675,51.3842],[6.166,51.3918],[6.1558,51.4068],[6.1532,51.4156],[6.1567,51.4311],[6.1745,51.4639],[6.1812,51.4804],[6.1801,51.4811],[6.1803,51.5033],[6.1812,51.5084],[6.1723,51.5127],[6.1458,51.5186],[6.1403,51.5251],[6.1326,51.544],[6.114,51.5534],[6.0713,51.563],[6.0593,51.5673],[6.0534,51.5703],[6.0493,51.5745],[6.0434,51.5828],[6.031,51.6126],[6.027,51.617],[6.0258,51.6206],[6.0061,51.6412],[5.9971,51.6468],[5.9871,51.6507],[5.9821,51.6558],[5.9887,51.6654],[5.9732,51.6762],[5.9597,51.7123],[5.9443,51.72],[5.904,51.7226],[5.8881,51.7289],[5.8794,51.7412],[5.8825,51.7532],[5.8626,51.7593],[5.7598,51.7625],[5.69,51.7926],[5.6706,51.7957],[5.6614,51.8]],[[5.3759,51.8],[5.3725,51.7921],[5.3674,51.7753],[5.3544,51.7625],[5.3369,51.7532],[5.3178,51.7473],[5.1188,51.7337],[5.089,51.7316],[5.0715,51.7222],[5.0608,51.72],[4.9035,51.7197],[4.8789,51.7269],[4.8665,51.7213],[4.8408,51.7177],[4.8267,51.7138]],[[4.1772,51.686],[4.1916,51.68],[4.2177,51.6644],[4.2508,51.6538],[4.2802,51.6482],[4.3337,51.6569],[4.3727,51.6736],[4.4032,51.7083],[4.5065,51.6952],[4.5449,51.696],[4.5796,51.7025],[4.6208,51.7147],[4.644,51.7191],[4.6755,51.7194],[4.7402,51.7255],[4.7622,51.7254],[4.8117,51.7128],[4.8306,51.7123]]]}},{"type":"Feature","properties":{"layer":"river","name":"Maas","rank":8},"geometry":{"type":"LineString","coordinates":[[4.7077,49.7674],[4.7014,49.7674]]}},{"type":"Feature","properties":{"layer":"river","name":"Maas","rank":8},"geometry":{"type":"LineString","coordinates":[[5.6052,48.0013],[5.5813,47.9998],[5.5613,48.001],[5.5469,48.0061],[5.5369,48.0059],[5.53,48.0264],[5.5573,48.1567],[5.575,48.1929],[5.5937,48.2148],[5.6194,48.2529],[5.6253,48.2566],[5.6294,48.2567],[5.6321,48.2591],[5.6331,48.2699],[5.6366,48.2728],[5.6445,48.2741],[5.6537,48.2742],[5.6604,48.2734],[5.6601,48.3098],[5.6917,48.3798],[5.674,48.4037],[5.6774,48.4137],[5.6846,48.4515],[5.695,48.454],[5.7023,48.4606],[5.7067,48.4705],[5.7083,48.4825],[5.7114,48.4922],[5.7256,48.5128],[5.7293,48.5198],[5.7288,48.5307],[5.7256,48.538],[5.7207,48.5378],[5.7156,48.5266],[5.7083,48.5266],[5.7045,48.5385],[5.6975,48.5475],[5.6873,48.553],[5.674,48.5545],[5.674,48.5607],[5.6869,48.5693],[5.6872,48.5843],[5.6826,48.6013],[5.6814,48.6159],[5.6902,48.6267],[5.7021,48.6356],[5.7051,48.645],[5.6877,48.6575],[5.7157,48.6646],[5.7278,48.6715],[5.7256,48.6815],[5.7094,48.701],[5.7009,48.7083],[5.6877,48.7122],[5.676,48.7107],[5.6531,48.7009],[5.643,48.6986],[5.6333,48.7031],[5.6328,48.7129],[5.6401,48.7224],[5.6536,48.7259],[5.6536,48.7332],[5.6438,48.7416],[5.6374,48.7449],[5.6296,48.7464],[5.6221,48.7498],[5.6193,48.7578],[5.6172,48.7671],[5.612,48.7742],[5.5901,48.7796],[5.5884,48.7805],[5.5766,48.7827],[5.5755,48.7882],[5.5774,48.7959],[5.5747,48.8044],[5.5676,48.8077],[5.5507,48.8059],[5.5437,48.8078],[5.5398,48.8145],[5.5358,48.8321],[5.5335,48.8357],[5.5178,48.8397],[5.5202,48.8485],[5.5335,48.8576],[5.5505,48.8624],[5.5368,48.8724],[5.5254,48.8732],[5.5127,48.8706],[5.4959,48.8698],[5.5039,48.8792],[5.518,48.8869],[5.531,48.892],[5.5369,48.8934],[5.5331,48.9095],[5.5242,48.916],[5.5127,48.9207],[5.5021,48.9313],[5.501,48.9409],[5.5073,48.9619],[5.5059,48.9688],[5.4242,49.0243],[5.4168,49.0275],[5.4121,49.0345],[5.4138,49.0502],[5.4202,49.0747],[5.4106,49.1326],[5.4031,49.1402],[5.3793,49.151],[5.3867,49.1669],[5.3782,49.1743],[5.365,49.1775],[5.3582,49.1814],[5.36,49.191],[5.3725,49.2193],[5.3189,49.2213],[5.3041,49.2255],[5.2974,49.2362],[5.3086,49.2435],[5.3376,49.2534],[5.2863,49.291],[5.2638,49.3133],[5.2632,49.3292],[5.2475,49.3347],[5.2129,49.3388],[5.198,49.3459],[5.1902,49.3577],[5.1858,49.3885],[5.1806,49.4042],[5.1911,49.4061],[5.1975,49.4105],[5.2007,49.4178],[5.2017,49.4278],[5.1995,49.4335],[5.1902,49.4427],[5.188,49.4486],[5.189,49.4544],[5.1912,49.4573],[5.1934,49.4594],[5.1943,49.4623],[5.1951,49.4686],[5.1965,49.4727],[5.1967,49.4776],[5.1943,49.4862],[5.165,49.5395],[5.1575,49.5472],[5.1453,49.5488],[5.1049,49.5473],[5.0986,49.5482],[5.0955,49.5516],[5.0915,49.5576],[5.084,49.5623],[5.0707,49.5619],[5.0707,49.5681],[5.0901,49.5787],[5.0993,49.5911],[5.096,49.6041],[5.0781,49.6165],[4.9584,49.6739],[4.9404,49.6854],[4.9268,49.7127],[4.9063,49.7394],[4.8945,49.7374],[4.8932,49.7316],[4.895,49.723],[4.8926,49.7127],[4.8953,49.7137],[4.8979,49.7105],[4.8975,49.7049],[4.8926,49.6984],[4.8886,49.6974],[4.8721,49.6984],[4.8303,49.6947],[4.8062,49.6951],[4.7902,49.6984],[4.779,49.7081],[4.7793,49.7161],[4.7831,49.7239],[4.7827,49.7326],[4.7764,49.7442],[4.7725,49.7484],[4.7554,49.7537],[4.7355,49.7575],[4.6916,49.7599],[4.6735,49.7674],[4.6833,49.7726],[4.6926,49.7741],[4.7009,49.7722],[4.7077,49.7674],[4.7356,49.7674],[4.7214,49.781],[4.7307,49.7822],[4.7397,49.7818],[4.7478,49.7828],[4.7554,49.7879],[4.7541,49.8027],[4.7493,49.8118],[4.7458,49.8211],[4.7485,49.8362],[4.7542,49.8449],[4.7621,49.8482],[4.7719,49.847],[4.7827,49.8424],[4.7754,49.8542],[4.7637,49.8612],[4.7356,49.8697],[4.7402,49.876],[4.7414,49.8809],[4.7377,49.8854],[4.7288,49.8909],[4.7189,49.8782],[4.7102,49.8835],[4.7039,49.8985],[4.7014,49.9148],[4.6956,49.9156],[4.6835,49.9139],[4.6735,49.9185],[4.6735,49.9387],[4.6667,49.9387],[4.6594,49.9269],[4.6511,49.9286],[4.6404,49.9353],[4.6257,49.9387],[4.6257,49.9449],[4.642,49.9466],[4.6542,49.9546],[4.6608,49.9664],[4.6598,49.9796],[4.6672,49.9838],[4.6758,49.9858],[4.698,49.9864],[4.7124,49.9894],[4.7136,49.9956],[4.7078,50.0006],[4.7014,50.0001],[4.7018,50.0022],[4.7072,50.0142],[4.7117,50.0157],[4.7188,50.0142],[4.7258,50.0137],[4.7288,50.0178],[4.7293,50.0799],[4.7312,50.0865],[4.7424,50.0963],[4.7747,50.1138],[4.7793,50.1174],[4.7888,50.1136],[4.7922,50.0979],[4.8032,50.0963],[4.8139,50.1014],[4.8152,50.1095],[4.8105,50.1178],[4.8032,50.1236],[4.8032,50.1304],[4.833,50.1444],[4.8455,50.154],[4.8342,50.1584],[4.8298,50.1669],[4.8306,50.2124],[4.843,50.2132],[4.8591,50.2064],[4.8731,50.2036],[4.8789,50.2161],[4.8843,50.2192],[4.8953,50.2206],[4.9041,50.2231],[4.9032,50.2294],[4.8994,50.2388],[4.9058,50.2445],[4.9168,50.2468],[4.9268,50.2465],[4.9147,50.2768],[4.9097,50.2813],[4.9021,50.2845],[4.9028,50.2923],[4.906,50.3016],[4.9063,50.3092],[4.898,50.3203],[4.8848,50.3338],[4.8703,50.3455],[4.8584,50.3502],[4.8704,50.3537],[4.8745,50.3592],[4.8757,50.3669],[4.8789,50.3769],[4.8801,50.383],[4.8799,50.3899],[4.8818,50.3981],[4.8892,50.4082],[4.8901,50.4215],[4.8777,50.435],[4.8684,50.4496],[4.8789,50.4663],[4.8948,50.4725],[4.9578,50.4868],[4.9685,50.4847],[4.9877,50.4757],[4.999,50.4737],[5.0088,50.4761],[5.0139,50.4819],[5.0175,50.4885],[5.023,50.4935],[5.0424,50.4996],[5.1083,50.501],[5.1294,50.5049],[5.1743,50.5226],[5.1943,50.5277],[5.2162,50.5269],[5.2314,50.5241],[5.2442,50.5257],[5.2598,50.5383],[5.2678,50.5419],[5.2805,50.5432],[5.293,50.542],[5.3106,50.5328],[5.3207,50.5357],[5.3376,50.5482],[5.3849,50.5751],[5.4133,50.5851],[5.4622,50.5925],[5.4904,50.607],[5.499,50.6102],[5.5607,50.6102],[5.5715,50.6157],[5.5785,50.6284],[5.5844,50.6422],[5.5916,50.6519],[5.5991,50.6546],[5.6179,50.6561],[5.6262,50.658],[5.6348,50.6633],[5.6389,50.6684],[5.6416,50.6735],[5.6462,50.6785],[5.6659,50.6934],[5.6882,50.714],[5.6996,50.7358],[5.6877,50.7542],[5.6877,50.7611],[5.6909,50.7681]]}},{"type":"Feature","properties":{"layer":"river","name":"Ariège","rank":6},"geometry":{"type":"LineString","coordinates":[[1.809,42.627],[1.8152,42.6426],[1.833,42.67],[1.8369,42.6884],[1.8303,42.715],[1.8119,42.7362],[1.7874,42.7522],[1.7612,42.7635],[1.675,42.7835],[1.6629,42.7895],[1.6514,42.7983],[1.6183,42.832],[1.6034,42.8553],[1.5967,42.8808],[1.6293,42.9129],[1.5922,42.9914],[1.6069,43.0341],[1.6194,43.0532],[1.6169,43.0714],[1.5967,43.1136],[1.596,43.1188],[1.5969,43.129],[1.5967,43.1341],[1.5951,43.1397],[1.5906,43.1487],[1.5893,43.1545],[1.5916,43.1663],[1.5967,43.1797],[1.5988,43.1934],[1.5876,43.2157],[1.584,43.2379],[1.5798,43.247],[1.5336,43.3135],[1.5247,43.3221],[1.4953,43.3442],[1.4528,43.3941],[1.4479,43.4049],[1.4404,43.43],[1.4355,43.4388],[1.4229,43.4543],[1.4096,43.4768],[1.4014,43.4999],[1.4043,43.5176]]}},{"type":"Feature","properties":{"layer":"river","name":"Garonne","rank":6},"geometry":{"type":"LineString","coordinates":[[0.9245,42.6461],[0.9197,42.6754],[0.9026,42.699],[0.8645,42.7078],[0.8213,42.7119],[0.7919,42.7242],[0.769,42.7381],[0.7263,42.7506],[0.7162,42.7535],[0.6987,42.7666],[0.6992,42.7916],[0.7336,42.8634],[0.7278,42.8858],[0.71,42.8997],[0.686,42.9262],[0.6604,42.9387],[0.6499,42.9478],[0.6386,42.9683],[0.624,43.0013],[0.6059,43.0315],[0.5862,43.0449],[0.57,43.0499],[0.5598,43.0597],[0.5588,43.0719],[0.5645,43.0825],[0.5781,43.0902],[0.617,43.1009],[0.6366,43.1101],[0.6611,43.115],[0.7228,43.1048],[0.7586,43.1102],[0.8274,43.1048],[0.8661,43.1063],[0.9043,43.121],[0.9419,43.1498],[0.9877,43.1812],[1.1047,43.2225],[1.1524,43.2521],[1.185,43.2793],[1.226,43.3059],[1.2488,43.3263],[1.2875,43.3719],[1.3001,43.3961],[1.333,43.4789],[1.3489,43.4942],[1.4043,43.5176],[1.4338,43.555],[1.4086,43.6246],[1.3298,43.7373],[1.3251,43.7408],[1.3125,43.7478],[1.3088,43.751],[1.3049,43.7598],[1.3019,43.7757],[1.2988,43.7814],[1.2717,43.8019],[1.2593,43.8142],[1.2542,43.8289],[1.2495,43.8341],[1.22,43.8807],[1.1886,43.9208],[1.179,43.9291],[1.179,43.9453],[1.1667,43.9682],[1.1484,43.9886],[1.1306,43.9974],[1.1045,44.0065],[1.0859,44.0278],[1.071,44.0527],[1.0554,44.0725],[1.0364,44.0811],[1.0288,44.0829],[1.0048,44.0885],[0.9717,44.0904],[0.9252,44.0766],[0.8889,44.0812],[0.8528,44.0909],[0.8296,44.0999],[0.8189,44.1074],[0.7986,44.1263],[0.7886,44.134],[0.7742,44.1393],[0.7424,44.1456],[0.7039,44.1622],[0.6435,44.1643],[0.6172,44.1756],[0.5991,44.1968],[0.5877,44.2144],[0.5712,44.2264],[0.4181,44.2507],[0.3601,44.2515],[0.3332,44.26],[0.3218,44.2817],[0.3254,44.3111],[0.3249,44.3242],[0.3188,44.3363],[0.3057,44.3538],[0.2944,44.3742],[0.2932,44.381],[0.2962,44.3939],[0.2944,44.4015],[0.2914,44.4031],[0.2747,44.409],[0.2609,44.4186],[0.2529,44.422],[0.2453,44.423],[0.2295,44.422],[0.2228,44.4254],[0.2009,44.4454],[0.1369,44.4841],[0.1284,44.5003],[0.1238,44.5045],[0.1172,44.5052],[0.1021,44.5032],[0.0959,44.5045],[0.0754,44.5187],[0.0738,44.523],[0.0741,44.5297],[0.0724,44.536],[0.0649,44.5386],[0.0417,44.5333],[0.0317,44.5354],[0.0277,44.5489],[0.0206,44.557],[-0.0277,44.566],[-0.0361,44.5826],[-0.0413,44.5865],[-0.0513,44.5869],[-0.0601,44.5845],[-0.0681,44.5814],[-0.0755,44.5797],[-0.1335,44.5797],[-0.2295,44.5681],[-0.2603,44.5734],[-0.2843,44.588],[-0.3718,44.691],[-0.3839,44.6998],[-0.4338,44.7174],[-0.5003,44.7584],[-0.52,44.7783],[-0.5279,44.8096],[-0.535,44.8237],[-0.5506,44.8326],[-0.567,44.8394],[-0.5758,44.8472],[-0.5735,44.861],[-0.5496,44.8819],[-0.5417,44.898]]}},{"type":"Feature","properties":{"layer":"river","name":"Loire","rank":5},"geometry":{"type":"LineString","coordinates":[[3.0111,47.174],[2.9926,47.2034],[2.9877,47.2216],[2.9858,47.2403],[2.9802,47.2562],[2.9717,47.2692],[2.9609,47.2796],[2.9331,47.3001],[2.904,47.3121],[2.8953,47.3175],[2.8806,47.3332],[2.8787,47.3458],[2.8859,47.359],[2.9292,47.4199],[2.9331,47.4339],[2.9299,47.4534],[2.9216,47.4671],[2.8779,47.5198],[2.8437,47.5434],[2.8374,47.5527],[2.7966,47.5881],[2.7656,47.6025],[2.7546,47.6094],[2.7412,47.6223],[2.7402,47.6263],[2.7415,47.6311],[2.7416,47.635],[2.7376,47.6365],[2.7331,47.6376],[2.7207,47.6436],[2.7171,47.6464],[2.7107,47.6539],[2.7068,47.6575],[2.459,47.7659],[2.426,47.7731],[2.3682,47.7705],[2.3503,47.7731],[2.3445,47.7774],[2.3394,47.7844],[2.332,47.7908],[2.3198,47.7936],[2.3013,47.7945],[2.2946,47.7967],[2.2888,47.8011],[2.2888,47.8072],[2.2983,47.8203],[2.249,47.837],[2.2478,47.855],[2.2327,47.8598],[2.1413,47.8653],[2.0995,47.876],[2.0759,47.8755],[2.0668,47.8717],[2.0588,47.8663],[2.051,47.8621],[2.0418,47.8624],[2.0361,47.8684],[2.0309,47.8861],[2.0247,47.8898],[2.0058,47.8919],[1.9756,47.9013],[1.8836,47.9056],[1.8676,47.9],[1.853,47.8889],[1.8351,47.8806],[1.7302,47.8531],[1.7202,47.8451],[1.7144,47.8362],[1.6725,47.7936],[1.6633,47.7894],[1.6552,47.7886],[1.647,47.7869],[1.6377,47.7799],[1.6172,47.7427],[1.6118,47.7386],[1.5886,47.7325],[1.5832,47.7284],[1.5824,47.7143],[1.5796,47.7077],[1.5247,47.6746],[1.5042,47.6668],[1.4592,47.6603],[1.439,47.6514],[1.3095,47.5724],[1.282,47.5465],[1.2581,47.5131],[1.2424,47.4981],[1.2232,47.4919],[1.2013,47.4894],[0.9055,47.4007],[0.8228,47.4025],[0.7859,47.4085],[0.7078,47.4086],[0.5452,47.3814],[0.5073,47.369],[0.4932,47.3616],[0.479,47.3519],[0.4556,47.3315],[0.4426,47.3259],[0.4087,47.324],[0.3941,47.3175],[0.3731,47.3032],[0.2109,47.2425],[0.1227,47.2361],[0.0964,47.23],[0.0754,47.2182],[0.01,47.2477],[-0.0102,47.2517],[-0.0325,47.2532],[-0.053,47.2577],[-0.0718,47.2646],[-0.0891,47.2734],[-0.144,47.3146],[-0.1611,47.3206],[-0.1809,47.3243],[-0.2497,47.3623],[-0.2672,47.3832],[-0.2742,47.3891],[-0.2913,47.4001],[-0.2986,47.4063],[-0.3135,47.4129],[-0.3771,47.4237],[-0.3995,47.4239],[-0.456,47.4168],[-0.513,47.4237],[-0.5347,47.4237],[-0.6099,47.4134],[-0.6177,47.4025],[-0.6362,47.3911],[-0.6719,47.3758],[-0.6872,47.3721],[-0.7169,47.3699],[-0.7313,47.371],[-0.8364,47.3963],[-0.8817,47.4003],[-1.0009,47.3832],[-1.1287,47.3815],[-1.1648,47.3758],[-1.2232,47.3511],[-1.2439,47.3479],[-1.2862,47.3458],[-1.3043,47.3409],[-1.4605,47.2533],[-1.4879,47.2262],[-1.5006,47.2182],[-1.5107,47.2171],[-1.5319,47.2188],[-1.5421,47.2182],[-1.5483,47.2158],[-1.5694,47.2045],[-1.5883,47.1997],[-1.63,47.1961],[-1.6514,47.1971],[-1.7121,47.2105],[-1.7345,47.2108]]}},{"type":"Feature","properties":{"layer":"river","name":"Po","rank":6},"geometry":{"type":"MultiLineString","coordinates":[[[7.6475,44.8391],[7.6141,44.8235],[7.564,44.812],[7.5535,44.7963],[7.5233,44.7839],[7.4988,44.7682],[7.479,44.7516],[7.4511,44.7392],[7.4487,44.721],[7.4546,44.7078],[7.4511,44.6854],[7.4441,44.6581],[7.4254,44.6382],[7.4068,44.6324],[7.3812,44.6333],[7.3533,44.6391],[7.3323,44.6523],[7.3009,44.668],[7.2741,44.6821],[7.2485,44.6863],[7.217,44.6838],[7.1926,44.6871],[7.1923,44.6872],[7.167,44.6962],[7.1413,44.7012],[7.1041,44.7012]],[[7.6475,44.8391],[7.6506,44.8483],[7.6511,44.8608],[7.6585,44.8672],[7.6692,44.8828],[7.6831,44.9143],[7.6831,44.9212],[7.6716,44.9285],[7.6724,44.9386],[7.6892,44.9621],[7.6906,44.9606],[7.694,44.9596],[7.6972,44.9617],[7.6973,44.9695],[7.683,44.9927],[7.6706,45.0074],[7.667,45.0314],[7.6668,45.0572],[7.6687,45.0734],[7.6838,45.0986],[7.7045,45.1099],[7.728,45.117],[7.7514,45.1295],[7.7558,45.1376],[7.7582,45.1489],[7.7616,45.1588],[7.7688,45.163],[7.7903,45.1669],[7.8051,45.176],[7.8271,45.1978],[7.8711,45.2203],[7.9063,45.2198],[7.9394,45.21],[7.9772,45.204],[8.0639,45.2183],[8.1418,45.2108],[8.2062,45.2217],[8.2151,45.2152],[8.2717,45.221],[8.2902,45.2183],[8.2996,45.211],[8.3067,45.2022],[8.3168,45.1948],[8.3349,45.1916],[8.342,45.1892],[8.3648,45.1761],[8.375,45.1743],[8.3823,45.1702],[8.3876,45.1658],[8.3921,45.1631],[8.4545,45.1506],[8.4897,45.1485],[8.5112,45.1556],[8.5213,45.1509],[8.5552,45.1433],[8.5696,45.142],[8.5732,45.1369],[8.6074,45.1079],[8.632,45.0609],[8.6454,45.0411],[8.6689,45.0247],[8.6821,45.0312],[8.6939,45.0305],[8.7129,45.0247],[8.7509,45.0247],[8.7739,45.0275],[8.8334,45.0532],[8.8574,45.0604],[8.9289,45.0731],[8.9553,45.0738],[8.9666,45.0759],[8.9712,45.0836],[8.9778,45.0884],[8.9927,45.0877],[9.0087,45.0838],[9.0183,45.0799],[9.0251,45.0864],[9.0327,45.0866],[9.042,45.0854],[9.053,45.0873],[9.0608,45.093],[9.0696,45.1054],[9.0764,45.1079],[9.0994,45.1099],[9.1184,45.1149],[9.1669,45.1352],[9.1856,45.1392],[9.2245,45.1405],[9.3057,45.1284],[9.3263,45.1219],[9.3645,45.1046],[9.3845,45.101],[9.4701,45.101],[9.4917,45.1035],[9.5005,45.103],[9.5119,45.101],[9.5319,45.0881],[9.5417,45.0859],[9.5459,45.0973],[9.544,45.1068],[9.5405,45.1157],[9.5388,45.124],[9.5425,45.1314],[9.5525,45.1347],[9.561,45.1289],[9.5733,45.1147],[9.5901,45.1124],[9.6028,45.1181],[9.6143,45.1254],[9.6284,45.1284],[9.6403,45.1259],[9.6413,45.1219],[9.6372,45.117],[9.6347,45.1113],[9.635,45.0985],[9.6366,45.0938],[9.6489,45.0873],[9.6813,45.0752],[9.7222,45.0721],[9.7524,45.0819],[9.752,45.1079],[9.7548,45.1093],[9.7566,45.1091],[9.7577,45.1099],[9.7582,45.1147],[9.7644,45.1147],[9.7749,45.1014],[9.8117,45.0845],[9.8196,45.0765],[9.8242,45.0685],[9.8335,45.0681],[9.8401,45.0737],[9.8367,45.0836],[9.8301,45.0961],[9.8386,45.0984],[9.8806,45.0914],[9.8957,45.0917],[9.8994,45.099],[9.8848,45.1177],[9.8827,45.134],[9.9037,45.1383],[9.923,45.1299],[9.9158,45.1079],[9.9863,45.1285],[9.9978,45.1246],[10.0021,45.1195],[10.0214,45.1099],[10.0256,45.1044],[10.0281,45.097],[10.0462,45.0656],[10.0717,45.0374],[10.1047,45.0351],[10.1428,45.0432],[10.1834,45.0464],[10.2236,45.038],[10.3268,44.9912],[10.3503,44.9839],[10.3652,44.9847],[10.3789,44.9887],[10.3989,44.9912],[10.4138,44.9847],[10.4299,44.9512],[10.4434,44.9365],[10.4777,44.9232],[10.5,44.9195]]]}},{"type":"Feature","properties":{"layer":"river","name":"Loire","rank":5},"geometry":{"type":"MultiLineString","coordinates":[[[3.0782,46.9851],[3.0717,46.999],[3.0715,47.016],[3.0741,47.0348],[3.0708,47.0537],[3.0618,47.0627],[3.0495,47.067],[3.0376,47.0731],[3.0293,47.0878],[3.0285,47.1022],[3.0303,47.1166],[3.03,47.1319],[3.0219,47.1492],[3.0151,47.1677],[3.0111,47.174]],[[4.1906,44.8274],[4.1834,44.8003],[4.1726,44.7829],[4.1483,44.7816],[4.1084,44.7934],[4.0671,44.8144],[4.0127,44.8519],[3.9387,44.8773],[3.9235,44.8947],[3.9196,44.9138],[3.9089,44.9446],[3.9168,44.9663],[3.9081,44.9763],[3.8958,44.9864],[3.89,44.9965],[3.8941,45.0037],[3.9192,45.0134],[3.9292,45.0278],[3.9292,45.0467],[3.9076,45.0781],[3.9065,45.0903],[3.9085,45.1018],[3.9035,45.1251],[3.9178,45.1384],[3.926,45.1544],[3.93,45.1741],[3.9292,45.191],[3.9375,45.2034],[3.9631,45.2121],[3.9959,45.2152],[4.021,45.2133],[4.0497,45.2185],[4.0915,45.2387],[4.124,45.2653],[4.1306,45.2859],[4.1279,45.3034],[4.1375,45.3225],[4.1541,45.3364],[4.1784,45.3467],[4.2007,45.3803],[4.2219,45.3993],[4.2401,45.4223],[4.2468,45.4518],[4.2472,45.4779],[4.2521,45.5057],[4.2483,45.5255],[4.2479,45.5456],[4.2625,45.5697],[4.2383,45.5986],[4.2356,45.6113],[4.2371,45.6238],[4.2329,45.6384],[4.222,45.6521],[4.197,45.6718],[4.1985,45.6813],[4.2039,45.6942],[4.2025,45.7282],[4.2059,45.7543],[4.1908,45.7851],[4.1852,45.8147],[4.1641,45.8286],[4.1336,45.8676],[4.1126,45.8793],[4.1073,45.8896],[4.0942,45.9055],[4.04,45.942],[4.0274,45.9617],[4.0281,45.9802],[4.0337,45.9967],[4.0511,46.0162],[4.1033,46.0657],[4.1057,46.0788],[4.0989,46.0912],[4.0999,46.1423],[4.093,46.1737],[4.0769,46.2016],[4.035,46.2418],[4.022,46.266],[4.0183,46.2865],[4.021,46.2973],[4.0198,46.3095],[4.0161,46.3167],[4.0008,46.3293],[4.0015,46.3323],[4.0012,46.3354],[4,46.3376],[3.9982,46.3394],[3.9951,46.3419],[3.9915,46.3457],[3.9889,46.3491],[3.9871,46.3526],[3.986,46.3563],[3.986,46.3607],[3.9872,46.3664],[3.9876,46.3709],[3.9863,46.3745],[3.9844,46.3775],[3.9819,46.3803],[3.9798,46.3832],[3.979,46.3882],[3.9792,46.3949],[3.9888,46.4226],[3.9895,46.4272],[3.9891,46.4318],[3.9867,46.4363],[3.9842,46.4398],[3.9821,46.4434],[3.9807,46.4482],[3.9802,46.455],[3.9788,46.4626],[3.9768,46.4669],[3.9744,46.4694],[3.9719,46.4706],[3.9587,46.4753],[3.9466,46.4813],[3.9368,46.4841],[3.9066,46.4872],[3.8782,46.4929],[3.8739,46.4946],[3.8706,46.4967],[3.8665,46.5011],[3.8648,46.5026],[3.8499,46.5092],[3.839,46.519],[3.8348,46.5219],[3.8301,46.5229],[3.8249,46.523],[3.8099,46.5219],[3.8054,46.5231],[3.802,46.5251],[3.799,46.5277],[3.7957,46.5298],[3.7909,46.5312],[3.7805,46.533],[3.7762,46.5347],[3.7673,46.5406],[3.7648,46.5418],[3.7485,46.5457],[3.741,46.5493],[3.7389,46.553],[3.7394,46.5566],[3.7434,46.5635],[3.7446,46.5676],[3.7456,46.5933],[3.7429,46.6102],[3.74,46.6154],[3.7363,46.6186],[3.7244,46.6227],[3.7078,46.64],[3.7028,46.6516],[3.6987,46.6571],[3.6939,46.6602],[3.6887,46.6618],[3.6849,46.6638],[3.6735,46.6739],[3.6707,46.6767],[3.6579,46.6859],[3.6558,46.6907],[3.6526,46.7012],[3.6497,46.7076],[3.6248,46.7392],[3.6206,46.7547],[3.6106,46.761],[3.5999,46.7619],[3.5374,46.8002],[3.466,46.8352],[3.4317,46.8432],[3.3656,46.8423],[3.3467,46.8485],[3.3311,46.8603],[3.3091,46.8729],[3.2863,46.8906],[3.2515,46.9407],[3.229,46.963],[3.2028,46.978],[3.176,46.9868],[3.1531,46.9867],[3.1203,46.9728],[3.1013,46.9693],[3.0842,46.9728],[3.0782,46.9852]]]}},{"type":"Feature","properties":{"layer":"river","name":"Narcea","rank":10},"geometry":{"type":"LineString","coordinates":[[-5.2814,43.1584],[-5.3407,43.1975],[-5.426,43.2319],[-5.4993,43.2504],[-5.5492,43.2517],[-5.5782,43.2659],[-5.5934,43.2799],[-5.61,43.2897],[-5.6287,43.2948],[-5.6693,43.301],[-5.7076,43.3214],[-5.7351,43.3321],[-5.7677,43.3344],[-5.8313,43.3163],[-5.8575,43.3168],[-5.8802,43.3218],[-5.918,43.3261],[-5.9343,43.3419],[-5.9639,43.362],[-5.9736,43.3777],[-5.9901,43.3933],[-6.0515,43.4167],[-6.0632,43.4333],[-6.0687,43.4498],[-6.0834,43.4609],[-6.0941,43.4727],[-6.0902,43.4906],[-6.0819,43.5115],[-6.0823,43.5304],[-6.0691,43.5696]]}},{"type":"Feature","properties":{"layer":"river","name":"Esla","rank":10},"geometry":{"type":"LineString","coordinates":[[-4.8568,43.0818],[-4.8542,43.0661],[-4.86,43.0472],[-4.8822,43.0189],[-4.916,42.9924],[-4.9496,42.978],[-4.9806,42.976],[-4.9833,42.9763]]}},{"type":"Feature","properties":{"layer":"river","name":"Adour","rank":10},"geometry":{"type":"LineString","coordinates":[[0.2385,42.914],[0.2483,42.9328],[0.2608,42.9452],[0.2635,42.958],[0.2503,42.9775],[0.2261,42.998],[0.203,43.0131],[0.1826,43.0301],[0.1245,43.1186],[0.1045,43.1629],[0.0907,43.2251],[0.0863,43.2812],[0.089,43.3109],[0.0933,43.3318],[0.0922,43.3666],[0.0868,43.4037],[0.0806,43.4302],[0.0693,43.4491],[0.0519,43.4678],[0.0363,43.4887],[0.0245,43.5355],[0.0039,43.572],[-0.0115,43.6297],[-0.0229,43.6539],[-0.042,43.6683],[-0.0689,43.6745],[-0.1006,43.673],[-0.1315,43.6687],[-0.1687,43.6723],[-0.2157,43.6899],[-0.2549,43.713],[-0.2847,43.7432],[-0.3085,43.7588],[-0.3417,43.7705],[-0.4067,43.7761],[-0.4298,43.7812],[-0.4635,43.7842],[-0.5736,43.7776],[-0.6249,43.7816],[-0.7389,43.771],[-0.7687,43.7741],[-0.7919,43.7822],[-0.8369,43.8023],[-0.8603,43.8077],[-0.8794,43.8087],[-0.8912,43.8039],[-0.9025,43.789],[-0.9117,43.789],[-0.9258,43.7829],[-0.9574,43.7407],[-0.9674,43.7382],[-0.979,43.7442],[-0.998,43.7445],[-1.0199,43.7389],[-1.0541,43.7243],[-1.0816,43.7209],[-1.0966,43.7033],[-1.128,43.6872],[-1.1617,43.6642],[-1.1968,43.6579],[-1.2133,43.6486],[-1.2251,43.6354],[-1.2314,43.6231],[-1.2281,43.6123],[-1.2053,43.5905],[-1.1984,43.5744],[-1.2041,43.5643],[-1.2101,43.5537],[-1.2429,43.5309],[-1.2843,43.5143],[-1.3166,43.5087],[-1.3845,43.5076],[-1.4183,43.5038],[-1.4407,43.4991],[-1.4709,43.5095],[-1.5139,43.5386]]}},{"type":"Feature","properties":{"layer":"river","name":"Aube","rank":11},"geometry":{"type":"LineString","coordinates":[[5.1272,47.7692],[5.1155,47.7665],[5.1004,47.7699],[5.0804,47.7819],[5.0652,47.8],[5.0614,47.8179],[5.0529,47.8354],[5.0264,47.8524],[4.9922,47.8705],[4.9434,47.9099],[4.9231,47.924],[4.9017,47.9316],[4.87,47.9362],[4.8606,47.9438],[4.8565,47.9484],[4.8473,47.9537],[4.8117,47.9625],[4.8008,47.9664],[4.7975,47.9736],[4.807,47.9853],[4.8049,47.9914],[4.7933,47.9969],[4.7894,48.0105],[4.7859,48.0908],[4.7953,48.1431],[4.7942,48.1688],[4.7849,48.1928],[4.7699,48.2117],[4.7503,48.2222],[4.7142,48.2265],[4.7073,48.2313],[4.7,48.2404],[4.6841,48.2515],[4.6247,48.279],[4.596,48.2944],[4.5796,48.3103],[4.5697,48.3238],[4.5418,48.3445],[4.5121,48.3781],[4.479,48.3895],[4.4138,48.442],[4.3677,48.469],[4.3478,48.4905],[4.3279,48.5043],[4.3037,48.5154],[4.2642,48.5241],[4.2205,48.5424],[4.1953,48.55],[4.1706,48.5523],[4.1482,48.55],[4.1194,48.55],[4.0115,48.5714],[3.916,48.5827],[3.823,48.5869],[3.7612,48.5827],[3.7209,48.5668]]}},{"type":"Feature","properties":{"layer":"river","name":"Charente","rank":10},"geometry":{"type":"LineString","coordinates":[[0.7479,45.7953],[0.6519,45.8491],[0.6206,45.8716],[0.6057,45.8881],[0.6011,45.8996],[0.5925,45.9132],[0.5676,45.9346],[0.5407,45.9637],[0.5111,46.0246],[0.4507,46.0668],[0.4309,46.0915],[0.4181,46.1161],[0.4033,46.1355],[0.386,46.1491],[0.3667,46.1594],[0.3386,46.1628],[0.2995,46.1599],[0.2637,46.1502],[0.2433,46.1372],[0.2391,46.1216],[0.2483,46.0895],[0.249,46.0725],[0.2428,46.0558],[0.2311,46.0402],[0.2251,46.02],[0.243,45.9636],[0.2439,45.9405],[0.2351,45.9215],[0.2222,45.9028],[0.196,45.892],[0.1174,45.8935],[0.0975,45.8854],[0.0832,45.871],[0.0584,45.8573],[0.042,45.845],[0.0482,45.8339],[0.0638,45.821],[0.0753,45.7917],[0.1047,45.7854],[0.115,45.7709],[0.1228,45.7534],[0.1424,45.7282],[0.1506,45.7009],[0.1482,45.6778],[0.1326,45.6728],[0.114,45.6745],[0.0938,45.6563],[0.0483,45.6396],[0.0172,45.6223],[-0.0076,45.6308],[-0.0229,45.624],[-0.0404,45.6209],[-0.0588,45.6336],[-0.0792,45.6525],[-0.1182,45.6713],[-0.1356,45.6837],[-0.1564,45.6876],[-0.1847,45.688],[-0.2126,45.685],[-0.2435,45.6872],[-0.3111,45.7102],[-0.3323,45.7067],[-0.3584,45.697],[-0.4017,45.6925],[-0.4454,45.6938],[-0.4723,45.6988],[-0.491,45.7056],[-0.5446,45.7187],[-0.5757,45.7285],[-0.6009,45.7432],[-0.6164,45.7624],[-0.6259,45.7803],[-0.6441,45.8027],[-0.6456,45.8181],[-0.6527,45.8354],[-0.6949,45.8647],[-0.7029,45.8779],[-0.7161,45.8867],[-0.7886,45.8931],[-0.8126,45.9028],[-0.8271,45.9125],[-0.858,45.9197],[-0.8939,45.9451],[-0.9213,45.9511],[-0.9433,45.9489],[-0.9509,45.9421],[-0.9537,45.9337],[-0.9641,45.9277],[-0.9792,45.9272],[-0.9933,45.9315],[-1.0006,45.9426],[-0.9997,45.958],[-1.0061,45.969],[-1.0315,45.9691],[-1.0692,45.9643]]}},{"type":"Feature","properties":{"layer":"river","name":"Sarre","rank":10},"geometry":{"type":"LineString","coordinates":[[7.1742,48.5526],[7.1487,48.5769],[7.1314,48.5988],[7.1255,48.6172],[7.1172,48.6306],[7.0637,48.6525],[7.0374,48.6708],[7.0225,48.6919],[7.0189,48.7105],[7.0291,48.7284],[7.047,48.7476],[7.0584,48.7663],[7.0534,48.7831],[7.0368,48.7949],[7.0205,48.8017],[7.0125,48.8085],[7.0394,48.8735],[7.0739,48.9175],[7.0803,48.9347],[7.0759,48.9443],[7.0656,48.9475],[7.0524,48.9552],[7.0407,48.9761],[7.0402,48.9998],[7.054,49.0143],[7.1116,49.0402],[7.1328,49.0587],[7.136,49.0779],[7.1258,49.0915],[7.1148,49.0969],[7.0982,49.1011],[7.0745,49.1118],[7.0515,49.1306],[7.0364,49.1542],[7.0296,49.1797],[7.0264,49.2029],[7.0199,49.2216],[7.0051,49.2358],[6.9861,49.2431],[6.948,49.246],[6.8854,49.257],[6.8464,49.258],[6.8177,49.2768],[6.7957,49.2851],[6.7772,49.2946],[6.7608,49.3247],[6.7151,49.3554],[6.6913,49.3886],[6.6419,49.4283],[6.6309,49.4452],[6.6231,49.4616],[6.6065,49.4802],[6.5945,49.4986],[6.5975,49.5146],[6.6067,49.5286],[6.6091,49.5422],[6.6016,49.5561],[6.5697,49.5859],[6.5588,49.6005],[6.5593,49.6164],[6.5705,49.6344],[6.5804,49.6566],[6.5784,49.6826],[6.5632,49.7089]]}},{"type":"Feature","properties":{"layer":"river","name":"Sûre","rank":10},"geometry":{"type":"LineString","coordinates":[[6.4917,49.7008],[6.4898,49.703],[6.4829,49.7081],[6.4864,49.7129],[6.491,49.7144],[6.4992,49.7125],[6.4926,49.7184],[6.4878,49.7256],[6.4855,49.7338],[6.4863,49.7427],[6.496,49.7482],[6.4964,49.7521],[6.4937,49.7566],[6.4938,49.7636],[6.4985,49.7854],[6.5,49.7861],[6.5001,49.7945],[6.5023,49.7959],[6.5021,49.7959],[6.4972,49.7994],[6.4933,49.7996],[6.4625,49.8055],[6.4145,49.8055],[6.3971,49.8086],[6.3801,49.8156],[6.3514,49.8333],[6.3338,49.8405],[6.3256,49.8404],[6.3107,49.8345],[6.3026,49.8349],[6.3016,49.8383],[6.2915,49.8556],[6.2868,49.861],[6.2722,49.8671],[6.2383,49.8769],[6.2227,49.8871],[6.2009,49.8796],[6.19,49.8788],[6.1311,49.866],[6.1154,49.8706],[6.1013,49.8904],[6.0807,49.9141],[6.0488,49.928],[6.0122,49.9293],[5.9507,49.9157],[5.9212,49.9158],[5.8906,49.9129],[5.826,49.8832],[5.7673,49.8776],[5.7573,49.8703],[5.7544,49.8591],[5.7463,49.8485],[5.729,49.849],[5.7039,49.8644],[5.678,49.8835],[5.667,49.8889],[5.6546,49.9018],[5.5725,49.8692],[5.5291,49.8708]]}},{"type":"Feature","properties":{"layer":"river","name":"Lippe","rank":12},"geometry":{"type":"LineString","coordinates":[[8.8068,51.505],[8.7993,51.5224],[8.7874,51.5362],[8.7691,51.5447],[8.7485,51.5457],[8.7105,51.5345],[8.6828,51.5288],[8.6472,51.5296],[8.6079,51.5383],[8.5779,51.5526],[8.5645,51.5669],[8.572,51.5803],[8.5921,51.5924],[8.6174,51.6042],[8.6537,51.6278],[8.6869,51.6391],[8.6997,51.648],[8.7078,51.6667],[8.7124,51.6952],[8.7127,51.7244],[8.7107,51.7445],[8.6997,51.7554],[8.6785,51.762],[8.6482,51.7619],[8.6155,51.7563],[8.4983,51.7132],[8.4305,51.7079],[8.3508,51.6875],[8.2899,51.6772],[8.22,51.6713],[8.1029,51.6698],[8.0642,51.6666],[8.0425,51.6693],[8.0116,51.6786],[7.9422,51.7073],[7.9153,51.7133],[7.8866,51.7106],[7.7601,51.6877],[7.6184,51.6549],[7.5929,51.6479],[7.5659,51.6364],[7.5354,51.6281],[7.5012,51.6289],[7.4719,51.6391],[7.4524,51.6533],[7.4402,51.6655],[7.4275,51.6708],[7.3814,51.682],[7.3573,51.6918],[7.3373,51.7091],[7.3174,51.7186],[7.2914,51.7257],[7.2442,51.7309],[7.2192,51.7366],[7.1945,51.7394],[7.1716,51.735],[7.0563,51.6977],[7.0274,51.6857],[6.9956,51.6783],[6.9468,51.6762],[6.9026,51.6785],[6.867,51.6834],[6.8355,51.6809],[6.7995,51.6745],[6.773,51.6667],[6.7389,51.6596],[6.6843,51.6555],[6.6336,51.6549],[6.6082,51.6565],[6.5903,51.6554]]}},{"type":"Feature","properties":{"layer":"river","name":"Saône","rank":10},"geometry":{"type":"LineString","coordinates":[[6.1597,48.0893],[6.1375,48.0888],[6.113,48.0915],[6.0855,48.0989],[6.0591,48.0981],[6.0373,48.0813],[6.0159,48.0604],[5.9906,48.0495],[5.9694,48.0443],[5.9492,48.0294],[5.9185,48.0148],[5.9021,47.9975],[5.8921,47.9785],[5.8904,47.9647],[5.9031,47.9538],[5.9535,47.9282],[5.97,47.9149],[5.9676,47.8987],[5.9299,47.8585],[5.9275,47.8434],[5.9397,47.8346],[5.9556,47.8301],[5.9771,47.82],[6.0027,47.7978],[6.0398,47.7522],[6.0444,47.734],[6.0436,47.7108],[6.0369,47.6881],[6.0271,47.6706],[6.0121,47.6623],[5.9772,47.6595],[5.9741,47.6478],[5.9733,47.6337],[5.9636,47.626],[5.9494,47.6277],[5.9375,47.6361],[5.9219,47.6391],[5.8731,47.6125],[5.8411,47.604],[5.8342,47.5974],[5.8206,47.5895],[5.7622,47.5763],[5.7442,47.5646],[5.7313,47.5517],[5.7139,47.5417],[5.6934,47.5364],[5.6731,47.5349],[5.6611,47.5287],[5.6609,47.5121],[5.6558,47.491],[5.6323,47.4739],[5.5557,47.4505],[5.53,47.4347],[5.508,47.4143],[5.495,47.3955],[5.4915,47.3784],[5.4919,47.362],[5.4852,47.3482],[5.4398,47.3247],[5.4224,47.3075],[5.4103,47.2922],[5.3933,47.2797],[5.4043,47.2575],[5.406,47.2434],[5.3973,47.2268],[5.3794,47.2078],[5.3648,47.187],[5.3635,47.166],[5.3587,47.146],[5.335,47.1278],[5.3026,47.1156],[5.2507,47.1045],[5.1829,47.0788],[5.1438,47.0717],[5.1292,47.061],[5.1239,47.0428],[5.1304,47.0212],[5.1318,46.9967],[5.1145,46.9709],[5.0876,46.9517],[5.054,46.9383],[5.0493,46.9202],[5.0391,46.9142],[5.0134,46.9043]]}},{"type":"Feature","properties":{"layer":"river","name":"Cinca","rank":11},"geometry":{"type":"LineString","coordinates":[[-0.1583,42.7604],[-0.1173,42.711],[-0.1145,42.6955],[-0.1184,42.6863],[-0.1115,42.6633],[-0.1206,42.6144],[-0.1239,42.5708],[-0.1362,42.5448],[-0.1342,42.5312],[-0.1205,42.5158],[-0.0981,42.4994],[-0.0713,42.4879],[-0.0206,42.4822],[0.0122,42.4756],[0.0416,42.4658],[0.0781,42.4464],[0.1071,42.4348],[0.1443,42.4106],[0.1824,42.3701],[0.2092,42.3274],[0.2195,42.298],[0.2204,42.2824],[0.2287,42.2604],[0.2272,42.2082],[0.2354,42.1626],[0.238,42.1359],[0.2323,42.1093],[0.2173,42.0871],[0.1978,42.0647],[0.1813,42.0378],[0.1735,42.01],[0.175,41.9858],[0.1784,41.9687],[0.1712,41.9481],[0.1716,41.9338],[0.1691,41.9167],[0.1455,41.8826],[0.1409,41.8439],[0.1277,41.801],[0.1252,41.7775],[0.1292,41.7514],[0.1384,41.7229],[0.1559,41.6935],[0.2004,41.6438],[0.2078,41.6313],[0.2139,41.6249],[0.2609,41.6044],[0.2974,41.5793],[0.3294,41.5434],[0.3483,41.5035],[0.3539,41.4697],[0.354,41.4489],[0.3504,41.416]]}},{"type":"Feature","properties":{"layer":"river","name":"Sil","rank":10},"geometry":{"type":"LineString","coordinates":[[-6.312,42.9403],[-6.3362,42.9293],[-6.3592,42.9154],[-6.438,42.8821],[-6.4581,42.8667],[-6.472,42.8513],[-6.4958,42.8344],[-6.5,42.8301]]}},{"type":"Feature","properties":{"layer":"river","name":"Ohm","rank":12},"geometry":{"type":"LineString","coordinates":[[9.1841,50.5625],[9.1682,50.5731],[9.1497,50.5808],[9.1055,50.5893],[9.0711,50.6125],[9.0521,50.6186],[9.0368,50.6282],[9.0288,50.6483],[9.0301,50.6728],[9.0374,50.6929],[9.0365,50.7082],[9.0188,50.7209],[8.9935,50.7326],[8.9748,50.7449],[8.9661,50.7575],[8.9644,50.7796],[8.9448,50.7935],[8.9318,50.8156],[8.8988,50.8246],[8.8504,50.8526],[8.8254,50.8625],[8.8044,50.8646],[8.7888,50.8604],[8.7804,50.85],[8.7727,50.823],[8.7571,50.7985],[8.7541,50.7746],[8.7453,50.757],[8.7327,50.7414],[8.7219,50.7327],[8.7152,50.7211],[8.7092,50.675],[8.7018,50.6622],[8.6907,50.6494],[8.679,50.6261],[8.6603,50.6017],[8.6323,50.5863],[8.5994,50.5814],[8.5405,50.5816],[8.4894,50.565],[8.4417,50.5624],[8.3763,50.553],[8.3408,50.5559],[8.3112,50.5395],[8.2974,50.5349],[8.2835,50.5246],[8.2688,50.501],[8.2557,50.4692],[8.2459,50.439],[8.2339,50.4194],[8.2152,50.4136],[8.1975,50.4137],[8.1877,50.4088],[8.1731,50.4065],[8.1116,50.418],[8.0881,50.412],[8.0728,50.4035],[8.0449,50.4033],[8.0244,50.3993],[8.0051,50.3898],[7.9832,50.3657],[7.9709,50.3574],[7.9573,50.3549],[7.9356,50.3574],[7.919,50.3421],[7.8734,50.3308],[7.8506,50.3229],[7.8143,50.3213],[7.6995,50.3386],[7.6639,50.3325],[7.6424,50.3214],[7.6189,50.3171],[7.594,50.3176]]}},{"type":"Feature","properties":{"layer":"river","name":"Aire","rank":10},"geometry":{"type":"LineString","coordinates":[[5.4303,48.7338],[5.4177,48.7487],[5.4075,48.77],[5.4011,48.8007],[5.391,48.8317],[5.3714,48.8542],[5.3501,48.8725],[5.3226,48.9101],[5.2786,48.9272],[5.2405,48.948],[5.2039,48.9757],[5.1797,49.0021],[5.1655,49.0207],[5.1448,49.0348],[5.132,49.064],[5.1139,49.0932],[5.089,49.1293],[5.0641,49.1589],[5.0449,49.1892],[5.0339,49.2204],[5.0203,49.2496],[4.9946,49.2751],[4.972,49.2934],[4.9655,49.3058],[4.9656,49.3148],[4.9592,49.3254],[4.9417,49.3358],[4.9152,49.3445],[4.8846,49.3471],[4.8574,49.3429],[4.8389,49.3344],[4.8202,49.3207],[4.8006,49.3174],[4.7817,49.3198],[4.7737,49.328],[4.7634,49.3456],[4.715,49.3971],[4.7046,49.4166],[4.6971,49.4363],[4.6797,49.4632],[4.6582,49.4865],[4.6406,49.4977],[4.6245,49.4974],[4.6067,49.4929],[4.584,49.4911],[4.5242,49.504],[4.4911,49.5041],[4.4227,49.5002],[4.3947,49.5036],[4.3616,49.5155],[4.3265,49.5191],[4.2775,49.5316],[4.2488,49.5342],[4.2259,49.5314],[4.2044,49.5173],[4.1686,49.5071],[4.1423,49.496],[4.1178,49.4817],[4.0861,49.4587],[4.051,49.4521],[4.023,49.4343],[4.0088,49.4293],[3.9933,49.4299],[3.9769,49.4346],[3.9596,49.4361],[3.9133,49.4198],[3.8289,49.4107],[3.8069,49.4027],[3.7956,49.3942],[3.7809,49.3884],[3.7422,49.3896],[3.5998,49.4062],[3.5274,49.4105],[3.5083,49.4133],[3.4873,49.4108],[3.4575,49.3986],[3.4226,49.3886],[3.3897,49.3916],[3.3516,49.3989],[3.256,49.3988],[3.174,49.411],[3.0823,49.4089],[3.0379,49.4151],[2.9668,49.4209],[2.9099,49.4378],[2.8787,49.442],[2.8459,49.4431],[2.8145,49.424],[2.7907,49.404],[2.7632,49.361],[2.7446,49.3402],[2.7149,49.3277],[2.6751,49.3259],[2.6405,49.3272],[2.6045,49.3146],[2.5305,49.3032],[2.5046,49.2904],[2.4856,49.2763],[2.4437,49.2543],[2.4115,49.2201],[2.3763,49.2031],[2.364,49.1828],[2.3486,49.1637],[2.3242,49.1574],[2.2905,49.1545],[2.2527,49.1441],[2.2229,49.1279],[2.2088,49.1112],[2.201,49.0961],[2.187,49.0836],[2.1683,49.0765],[2.1494,49.0741],[2.1279,49.0679],[2.1033,49.0513],[2.0835,49.0298],[2.074,49.0116],[2.072,48.9957]]}},{"type":"Feature","properties":{"layer":"river","name":"Regnitz","rank":10},"geometry":{"type":"LineString","coordinates":[[10.4181,49.4282],[10.4692,49.4091],[10.4854,49.3996],[10.4955,49.3864],[10.5,49.3767]]}},{"type":"Feature","properties":{"layer":"river","name":"Grande Gette","rank":10},"geometry":{"type":"LineString","coordinates":[[4.8356,50.642],[4.8525,50.6605],[4.8597,50.6782],[4.8479,50.7104],[4.8584,50.7274],[4.8727,50.7419],[4.8825,50.7654],[4.9024,50.7867],[4.9358,50.8081],[4.9745,50.8217],[5.0173,50.833],[5.0603,50.8493],[5.0956,50.8703],[5.1192,50.8933],[5.1291,50.9148],[5.1309,50.9325],[5.1177,50.9508],[5.0911,50.9738],[5.0597,50.9924],[5.0349,50.9997],[5.0129,51.0022],[4.9878,51.0088],[4.9519,51.0119],[4.771,50.985],[4.7127,50.9824],[4.6787,50.9875],[4.6493,50.997],[4.5511,51.0137],[4.5117,51.0268],[4.4535,51.0515],[4.4089,51.082],[4.3379,51.1032],[4.32,51.1137],[4.3159,51.1321]]}},{"type":"Feature","properties":{"layer":"river","name":"Tanaro","rank":10},"geometry":{"type":"LineString","coordinates":[[7.6809,44.1452],[7.6883,44.1505],[7.6997,44.1529],[7.7366,44.1494],[7.7791,44.1531],[7.8379,44.14],[7.8655,44.1373],[7.8869,44.1423],[7.9192,44.1663],[7.9695,44.1822],[7.9915,44.1945],[8.0086,44.2198],[8.0339,44.2866],[8.0501,44.3152],[8.0536,44.3329],[8.0475,44.3578],[8.0308,44.3859],[7.9985,44.4097],[7.9177,44.4371],[7.8982,44.4553],[7.8975,44.4736],[7.9046,44.4866],[7.908,44.5132],[7.8861,44.6191],[7.884,44.6536],[7.8916,44.6709],[7.9036,44.6843],[7.9251,44.6924],[7.9855,44.7014],[8.0149,44.7157],[8.0296,44.7172],[8.055,44.7274],[8.0923,44.7553],[8.1224,44.7858],[8.1309,44.8025],[8.1292,44.8115],[8.1346,44.8237],[8.1477,44.8364],[8.179,44.8577],[8.1975,44.8838],[8.2152,44.8942],[8.251,44.8971],[8.3943,44.8815],[8.4193,44.8856],[8.468,44.9035],[8.4855,44.9016],[8.4973,44.8976],[8.5239,44.9066],[8.59,44.921],[8.6336,44.9413],[8.6545,44.9404],[8.6731,44.9462],[8.6945,44.9586],[8.7256,44.9868],[8.7525,44.9999],[8.7595,45.0081],[8.7738,45.0275]]}},{"type":"Feature","properties":{"layer":"river","name":"Adaja","rank":11},"geometry":{"type":"LineString","coordinates":[[-4.6928,41],[-4.7043,41.0489],[-4.7126,41.0725],[-4.7139,41.0906],[-4.7063,41.1191],[-4.7015,41.155],[-4.7095,41.1907],[-4.7247,41.2298],[-4.749,41.3142],[-4.7609,41.3439],[-4.7668,41.3729],[-4.7611,41.4528],[-4.7689,41.4892],[-4.7911,41.5154],[-4.824,41.5321],[-4.8888,41.5346]]}},{"type":"Feature","properties":{"layer":"river","name":"Auvézère","rank":11},"geometry":{"type":"LineString","coordinates":[[1.4443,45.5843],[1.4204,45.5421],[1.4072,45.5276],[1.3708,45.507],[1.3491,45.5008],[1.3294,45.4995],[1.3075,45.494],[1.2811,45.4778],[1.2603,45.4567],[1.252,45.4396],[1.2488,45.4269],[1.2344,45.4074],[1.2371,45.3988],[1.2341,45.3867],[1.2139,45.3696],[1.1873,45.3559],[1.1565,45.348],[1.1297,45.3141],[1.1089,45.2976],[1.0833,45.2865],[1.0374,45.2753],[1.0135,45.2582],[0.9426,45.2311],[0.9011,45.2047],[0.8821,45.1974],[0.8596,45.1975],[0.8148,45.2094],[0.804,45.208],[0.7893,45.2008],[0.7595,45.1926],[0.7274,45.1898],[0.707,45.1958],[0.6746,45.1974],[0.6133,45.1841],[0.5558,45.1645],[0.5327,45.1508],[0.5281,45.1425],[0.5012,45.1292],[0.4839,45.1144],[0.4601,45.1117],[0.4276,45.0876],[0.3949,45.0718],[0.3626,45.061],[0.3245,45.0563],[0.2952,45.0463],[0.2568,45.0367],[0.1856,45.0352],[0.1521,45.0246],[0.0903,45.0308],[0.0521,45.0255],[0.001,45.0319],[-0.103,45.0266],[-0.1367,45.032],[-0.1585,45.0397],[-0.1818,45.0431],[-0.1986,45.0383],[-0.2046,45.0261],[-0.2076,45.0098],[-0.2173,44.9949],[-0.2307,44.9856],[-0.2529,44.9802],[-0.2618,44.9721],[-0.2646,44.9584],[-0.2602,44.9424],[-0.2604,44.9154]]}},{"type":"Feature","properties":{"layer":"river","name":"Aveyron","rank":11},"geometry":{"type":"LineString","coordinates":[[3.1228,44.3078],[3.0951,44.3205],[3.0623,44.3271],[3.0148,44.3528],[2.9905,44.361],[2.9391,44.3642],[2.9153,44.3683],[2.8757,44.3945],[2.8459,44.4055],[2.813,44.4102],[2.7634,44.4086],[2.7366,44.4131],[2.7053,44.3994],[2.6807,44.3918],[2.6615,44.3706],[2.6245,44.3734],[2.5872,44.3637],[2.5469,44.3503],[2.5156,44.3429],[2.4934,44.3442],[2.4517,44.3629],[2.3572,44.3885],[2.3316,44.3918],[2.273,44.3825],[2.2307,44.3824],[2.169,44.3784],[2.098,44.3686],[2.0476,44.3546],[2.02,44.3359],[2.0046,44.3148],[2.0012,44.2952],[2.0026,44.2799],[2.0012,44.2649],[1.9812,44.2253],[1.9787,44.1718],[1.9678,44.1624],[1.9264,44.1642],[1.8992,44.1457],[1.8726,44.1452],[1.8454,44.1474],[1.8166,44.1438],[1.7979,44.1505],[1.773,44.1562],[1.7449,44.1527],[1.7253,44.1427],[1.7205,44.133],[1.7229,44.1201],[1.7205,44.1023],[1.7107,44.0866],[1.6951,44.0784],[1.6719,44.0776],[1.6437,44.0795],[1.617,44.0843],[1.5791,44.0943],[1.5283,44.0937],[1.4875,44.112],[1.4623,44.1066],[1.4507,44.1107],[1.4318,44.112],[1.4026,44.1012],[1.3679,44.0919],[1.3362,44.0964],[1.3093,44.1044],[1.2864,44.1034],[1.2551,44.0959]]}},{"type":"Feature","properties":{"layer":"river","name":"Gave de Pau","rank":12},"geometry":{"type":"LineString","coordinates":[[-0.068,42.7577],[-0.0387,42.7517],[-0.015,42.7576],[0.0032,42.7761],[0.0095,42.8028],[0.0048,42.8281],[-0.0226,42.8988],[-0.0591,42.9525],[-0.0647,42.9674],[-0.0664,42.9802],[-0.0742,42.9997],[-0.0773,43.022],[-0.0673,43.0412],[-0.0544,43.0601],[-0.0504,43.082],[-0.0714,43.0999],[-0.1706,43.119],[-0.2003,43.1365],[-0.2172,43.1567],[-0.2535,43.1855],[-0.267,43.2151],[-0.2831,43.2362],[-0.3286,43.2775],[-0.353,43.2906],[-0.4115,43.307],[-0.449,43.3231],[-0.5397,43.3756],[-0.5777,43.3915],[-0.6136,43.411],[-0.6432,43.4114],[-0.6594,43.4175],[-0.6724,43.4293],[-0.679,43.4429],[-0.6952,43.4592],[-0.7315,43.4774],[-0.7722,43.4901],[-0.8154,43.4949],[-0.843,43.5132],[-0.8783,43.5183],[-0.9429,43.5402],[-0.9838,43.5452],[-1.0277,43.5458],[-1.1056,43.5517],[-1.1545,43.5484],[-1.1751,43.5505],[-1.2041,43.5643],[-1.2042,43.5643]]}},{"type":"Feature","properties":{"layer":"river","name":"Arc","rank":11},"geometry":{"type":"LineString","coordinates":[[7.1193,45.4072],[7.0951,45.3931],[7.0472,45.3757],[7.009,45.343],[6.9728,45.3219],[6.9266,45.3051],[6.825,45.2885],[6.8141,45.2797],[6.7884,45.249],[6.7661,45.2334],[6.7424,45.2237],[6.7036,45.2197],[6.6743,45.2122],[6.6389,45.2063],[6.5244,45.2175],[6.4763,45.2272],[6.4231,45.2493],[6.3811,45.2754],[6.3601,45.2949],[6.3506,45.3083],[6.3198,45.3324],[6.3032,45.3484],[6.2896,45.3713],[6.2796,45.4004],[6.2767,45.4316],[6.2805,45.4597],[6.2905,45.4846],[6.3113,45.5265],[6.3145,45.5398],[6.3088,45.5495],[6.2964,45.5594],[6.2736,45.5668],[6.2424,45.5705],[6.208,45.5691],[6.1773,45.5642],[6.1384,45.5481],[6.0845,45.5197],[6.0361,45.484],[6.0108,45.4502],[5.9987,45.4158],[5.9822,45.3786],[5.9619,45.3432],[5.9408,45.3135],[5.911,45.2841],[5.8698,45.2499],[5.8234,45.2214],[5.7813,45.2058],[5.7448,45.2045],[5.7123,45.2101],[5.6821,45.2268],[5.6514,45.2519],[5.6283,45.2777],[5.617,45.2954],[5.603,45.303],[5.574,45.3039],[5.5435,45.2969],[5.5262,45.2853],[5.5115,45.2662],[5.4871,45.2409],[5.4612,45.2194],[5.4237,45.2011],[5.3948,45.1831],[5.369,45.1631],[5.3572,45.1501],[5.3439,45.141],[5.3148,45.13],[5.2842,45.1154],[5.2671,45.0972],[5.2507,45.0852],[5.1908,45.0871],[5.1707,45.0781],[5.1567,45.0644],[5.1414,45.0542],[5.1184,45.0496],[5.0564,45.0483],[5.0222,45.0404],[4.9649,45.0446],[4.948,45.0383],[4.9347,45.0284],[4.8914,45.0132],[4.8574,45.0023]]}},{"type":"Feature","properties":{"layer":"river","name":"Wye","rank":11},"geometry":{"type":"LineString","coordinates":[[-2.6629,51.8],[-2.6763,51.7869],[-2.6798,51.7786],[-2.6815,51.7725],[-2.681,51.7652],[-2.6772,51.7585],[-2.6706,51.7497],[-2.671,51.7442],[-2.6744,51.7366],[-2.6776,51.7325],[-2.6842,51.7263],[-2.6848,51.7222],[-2.6835,51.717],[-2.6747,51.7035],[-2.6672,51.686],[-2.6641,51.6805],[-2.6622,51.6758],[-2.6621,51.6726],[-2.6662,51.6688],[-2.682,51.6647],[-2.6845,51.6624],[-2.684,51.6593],[-2.6786,51.6542],[-2.6735,51.6476],[-2.673,51.6383],[-2.6656,51.6169]]}},{"type":"Feature","properties":{"layer":"river","name":"Eure","rank":11},"geometry":{"type":"LineString","coordinates":[[0.8284,48.5616],[0.8633,48.558],[0.9128,48.5456],[0.9727,48.5271],[1.041,48.5102],[1.0936,48.4988],[1.1426,48.4936],[1.166,48.4863],[1.1875,48.4753],[1.201,48.4646],[1.2179,48.4582],[1.2837,48.4552],[1.3176,48.4439],[1.3454,48.4306],[1.3865,48.4162],[1.4116,48.4036],[1.439,48.3948],[1.4646,48.3967],[1.4807,48.4069],[1.4851,48.4179],[1.4854,48.4286],[1.4949,48.4481],[1.4905,48.4604],[1.4912,48.4744],[1.507,48.489],[1.5335,48.5064],[1.5599,48.5277],[1.5784,48.5498],[1.5855,48.5695],[1.5806,48.5859],[1.5588,48.6158],[1.5498,48.6352],[1.532,48.6554],[1.4622,48.6879],[1.4375,48.7042],[1.4246,48.7228],[1.4095,48.7619],[1.3816,48.7846],[1.3638,48.8033],[1.362,48.8211],[1.3724,48.8308],[1.3952,48.8444],[1.4119,48.8515],[1.4356,48.859],[1.4442,48.8638],[1.4514,48.8708],[1.4541,48.8806],[1.4541,48.8884],[1.4453,48.9096],[1.4481,48.9173],[1.4414,48.9276],[1.4331,48.9363],[1.4006,48.9988],[1.3828,49.0159],[1.3689,49.0237],[1.3464,49.0486],[1.3108,49.0752],[1.2682,49.1012],[1.2152,49.1234],[1.2022,49.1314],[1.196,49.1435],[1.1873,49.1783],[1.1727,49.2046],[1.1736,49.2204],[1.1843,49.2385],[1.2017,49.2565],[1.2147,49.2736],[1.2149,49.2893],[1.2092,49.3084]]}},{"type":"Feature","properties":{"layer":"river","name":"Lot","rank":10},"geometry":{"type":"LineString","coordinates":[[3.3948,44.5012],[3.3425,44.4848],[3.325,44.485],[3.3071,44.4907],[3.2805,44.4956],[3.2512,44.4969],[3.2269,44.494],[3.2106,44.4841],[3.1892,44.4539],[3.1702,44.4463],[3.1419,44.4492],[3.0734,44.4731],[3.0425,44.4813],[3.0139,44.4822],[2.9846,44.4775],[2.9564,44.4781],[2.93,44.4914],[2.9045,44.5087],[2.8777,44.5189],[2.794,44.5241],[2.7185,44.5491],[2.6734,44.5591],[2.6509,44.5793],[2.5921,44.6228],[2.5623,44.6486],[2.5427,44.654],[2.5137,44.6547],[2.4647,44.6523],[2.4548,44.6616],[2.4224,44.6588],[2.3848,44.6589],[2.3735,44.6601],[2.3677,44.6603],[2.3613,44.6588],[2.3525,44.654],[2.3462,44.6519],[2.3314,44.6411],[2.2674,44.6259],[2.1799,44.5893],[2.1414,44.5814],[2.063,44.5866],[2.0444,44.5793],[2.0271,44.5696],[1.988,44.5556],[1.9282,44.5207],[1.8892,44.5056],[1.7946,44.476],[1.7222,44.4723],[1.6908,44.4733],[1.6233,44.4882],[1.6055,44.484],[1.5949,44.4785],[1.5593,44.485],[1.4998,44.4728],[1.48,44.4749],[1.4666,44.4788],[1.438,44.4773],[1.4059,44.4945],[1.3929,44.494],[1.3783,44.489],[1.3586,44.4866],[1.3384,44.489],[1.3117,44.4982],[1.3034,44.4909],[1.2891,44.4841],[1.1704,44.5088],[1.1162,44.5102],[1.0349,44.4921],[0.9798,44.499],[0.9483,44.4929],[0.9212,44.4786],[0.8921,44.4487],[0.8489,44.4298],[0.8311,44.4177],[0.8132,44.4088],[0.7903,44.4076],[0.7389,44.4103],[0.7191,44.4133],[0.6946,44.4315],[0.6546,44.4321],[0.6167,44.4479],[0.6006,44.4484],[0.5903,44.4406],[0.5867,44.4282],[0.5768,44.4141],[0.5513,44.4018],[0.5222,44.3959],[0.4944,44.3998],[0.4766,44.39],[0.4491,44.3879],[0.4147,44.3695],[0.3768,44.3583],[0.3367,44.3384],[0.3187,44.3363]]}},{"type":"Feature","properties":{"layer":"river","name":"Oglio","rank":10},"geometry":{"type":"MultiLineString","coordinates":[[[9.9719,45.6743],[9.9518,45.6711],[9.9289,45.6654],[9.9185,45.6552],[9.8923,45.6203],[9.8706,45.6045],[9.8567,45.5797],[9.8599,45.5393],[9.8731,45.5002],[9.889,45.4626],[9.8919,45.4364],[9.8906,45.4077],[9.8855,45.3705],[9.8897,45.359],[9.9015,45.3507],[9.9404,45.3336],[9.9856,45.3065],[10.0083,45.2954],[10.032,45.2883],[10.0775,45.2783],[10.1102,45.2594],[10.1833,45.2446],[10.2346,45.2275],[10.2791,45.208],[10.3221,45.1833],[10.3606,45.169],[10.3726,45.1592],[10.3923,45.1518],[10.4297,45.1508],[10.4802,45.1457],[10.5,45.1393]],[[10.4435,46.3423],[10.4568,46.3396],[10.4732,46.3317],[10.4939,46.3163],[10.5,46.3074]],[[10.5,46.2743],[10.487,46.265],[10.3862,46.2384],[10.3596,46.2236],[10.3433,46.2045],[10.3394,46.1872],[10.3423,46.1769],[10.3426,46.166],[10.321,46.1257],[10.319,46.1085],[10.3264,46.0963],[10.3376,46.0868],[10.3462,46.0715],[10.3477,46.0454],[10.341,46.0167],[10.3301,45.9951],[10.3081,45.9766],[10.2422,45.9345],[10.2095,45.904],[10.1609,45.8808],[10.1328,45.8631],[10.1072,45.8415],[10.089,45.8231]]]}},{"type":"Feature","properties":{"layer":"river","name":"Luna","rank":11},"geometry":{"type":"LineString","coordinates":[[-6.1337,42.9743],[-6.1027,42.9771],[-6.0812,42.9817],[-6.0608,42.9833],[-6.0325,42.9791],[-5.9962,42.9658],[-5.9635,42.9351],[-5.8915,42.8964],[-5.8746,42.882],[-5.8618,42.8428],[-5.8507,42.8328],[-5.8317,42.8212],[-5.8077,42.7983],[-5.795,42.768],[-5.8035,42.7379],[-5.8188,42.7073],[-5.8226,42.6754],[-5.818,42.6506],[-5.8131,42.6372],[-5.8127,42.624],[-5.8194,42.5996],[-5.8343,42.5688],[-5.8706,42.5129],[-5.8788,42.4851],[-5.879,42.4589],[-5.8755,42.4147],[-5.8806,42.3803],[-5.8717,42.354],[-5.8739,42.3298],[-5.8719,42.305],[-5.8571,42.2885],[-5.838,42.2768],[-5.8258,42.2636],[-5.8202,42.2458],[-5.8173,42.2233],[-5.8184,42.2006],[-5.8234,42.1701],[-5.8081,42.1538],[-5.8038,42.1351],[-5.7805,42.1151],[-5.7714,42.0878],[-5.7423,42.0583],[-5.7341,42.0351],[-5.7135,42.0211],[-5.6988,41.9974],[-5.6837,41.9831],[-5.6535,41.9582]]}},{"type":"Feature","properties":{"layer":"river","name":"Neckar","rank":10},"geometry":{"type":"LineString","coordinates":[[8.4485,48.2313],[8.4649,48.234],[8.4827,48.2302],[8.5025,48.217],[8.5212,48.197],[8.551,48.1584],[8.5681,48.145],[8.5899,48.1423],[8.6154,48.1503],[8.6299,48.1684],[8.6255,48.1906],[8.6116,48.2184],[8.5969,48.2802],[8.5778,48.32],[8.5809,48.3384],[8.6012,48.3571],[8.6607,48.3894],[8.6609,48.3994],[8.6473,48.4074],[8.6392,48.4169],[8.6428,48.4276],[8.6572,48.4386],[8.6838,48.4485],[8.7166,48.4566],[8.7556,48.4595],[8.8348,48.4548],[8.8623,48.4604],[8.8911,48.4714],[8.9852,48.4994],[9.0982,48.5389],[9.14,48.546],[9.1878,48.5607],[9.2053,48.5632],[9.2166,48.5676],[9.2368,48.5956],[9.252,48.6093],[9.2705,48.6182],[9.3093,48.627],[9.3294,48.6364],[9.3503,48.6569],[9.3723,48.6882],[9.383,48.7158],[9.3765,48.727],[9.3509,48.7304],[9.3156,48.7392],[9.2824,48.7529],[9.2621,48.7683],[9.2487,48.7834],[9.2319,48.7969],[9.2214,48.8116],[9.2229,48.8298],[9.2362,48.8492],[9.2542,48.8669],[9.2655,48.8887],[9.2632,48.9183],[9.2446,48.9433],[9.1975,48.9599],[9.2009,48.9878],[9.1852,49.0031],[9.1646,49.0173],[9.1555,49.0307],[9.1584,49.0436],[9.1721,49.0681],[9.1682,49.0768],[9.1595,49.0867],[9.1538,49.1007],[9.1567,49.1144],[9.1858,49.1333],[9.2005,49.1489],[9.2098,49.1702],[9.2134,49.1939],[9.2062,49.215],[9.1699,49.249],[9.1421,49.3105],[9.1227,49.3291],[9.1067,49.3401],[9.1009,49.3524],[9.0991,49.3662],[9.0925,49.3805],[9.0791,49.3955],[9.0612,49.4107],[9.0405,49.4218],[9.0081,49.4306],[9.0021,49.4511],[8.9928,49.4621],[8.971,49.4672],[8.9387,49.4643],[8.9095,49.4547],[8.8953,49.4436],[8.887,49.4313],[8.8719,49.4187],[8.8472,49.4092],[8.8152,49.4044],[8.7888,49.4057],[8.7776,49.4113],[8.7699,49.4184],[8.7522,49.424],[8.7254,49.4257],[8.6716,49.4245],[8.6567,49.4319],[8.6408,49.4468],[8.6133,49.4653],[8.5869,49.4785],[8.5544,49.4806],[8.5137,49.4907],[8.4712,49.5048],[8.4474,49.5146],[8.4368,49.5215]]}},{"type":"Feature","properties":{"layer":"river","name":"Aragon","rank":10},"geometry":{"type":"LineString","coordinates":[[-0.5153,42.7645],[-0.5218,42.7443],[-0.5321,42.699],[-0.5412,42.6818],[-0.548,42.6621],[-0.5478,42.6069],[-0.5539,42.5895],[-0.5695,42.5798],[-0.592,42.5715],[-0.6235,42.5673],[-0.7021,42.5693],[-0.7866,42.5686],[-0.8263,42.5758],[-0.8645,42.5874],[-0.8989,42.6017],[-0.9359,42.6106],[-1.0142,42.611],[-1.0655,42.6181],[-1.0911,42.6117],[-1.1187,42.6175],[-1.1393,42.6132],[-1.1706,42.6242],[-1.191,42.6272],[-1.21,42.6238],[-1.2363,42.6069],[-1.2493,42.6055],[-1.2643,42.6001],[-1.3005,42.564],[-1.3219,42.5556],[-1.3402,42.5609],[-1.367,42.5532],[-1.3925,42.5449],[-1.4132,42.5334],[-1.4168,42.5073],[-1.4137,42.4841],[-1.4241,42.4258],[-1.4237,42.4093],[-1.434,42.3998],[-1.5055,42.3872],[-1.5691,42.3686],[-1.6607,42.3547],[-1.693,42.3478],[-1.7162,42.337],[-1.7401,42.3213],[-1.7582,42.3047],[-1.7672,42.2917],[-1.7668,42.2768],[-1.7626,42.2423]]}},{"type":"Feature","properties":{"layer":"river","name":"Ouanne","rank":12},"geometry":{"type":"LineString","coordinates":[[3.4343,47.642],[3.4258,47.6557],[3.4105,47.6712],[3.386,47.6891],[3.3572,47.7055],[3.3119,47.7275],[3.2959,47.7405],[3.2643,47.7611],[3.1481,47.8179],[3.1135,47.8371],[3.1001,47.8552],[3.0928,47.881],[3.0881,47.9069],[3.0811,47.925],[3.0671,47.936],[3.0452,47.9446],[3.013,47.9473],[2.9126,47.9377],[2.8918,47.9418],[2.8384,47.9587],[2.7809,47.9696],[2.7595,47.978],[2.7449,47.9933],[2.7345,48.0151],[2.7332,48.0373],[2.7402,48.0533],[2.7518,48.0702],[2.761,48.0946],[2.7643,48.1208],[2.7615,48.1423],[2.7511,48.161],[2.7356,48.1805],[2.7178,48.211],[2.7017,48.2563],[2.6929,48.2981],[2.6926,48.3204],[2.7095,48.3288],[2.7785,48.3464],[2.8049,48.3585],[2.8156,48.3718],[2.8135,48.3845],[2.8024,48.3967]]}},{"type":"Feature","properties":{"layer":"river","name":"Chavanon","rank":10},"geometry":{"type":"LineString","coordinates":[[2.3667,45.79],[2.3926,45.7932],[2.4041,45.7924],[2.4224,45.7941],[2.4277,45.7876],[2.4313,45.781],[2.4353,45.7677],[2.4386,45.7615],[2.4442,45.7568],[2.4519,45.7546],[2.4597,45.754],[2.4691,45.752],[2.471,45.7507],[2.4763,45.7459],[2.4841,45.7412],[2.5155,45.7135],[2.5247,45.6977],[2.5254,45.6915],[2.5254,45.6768],[2.5239,45.6592],[2.522,45.6492],[2.5205,45.6444],[2.5183,45.6408],[2.5144,45.6367],[2.5086,45.6327],[2.4889,45.6273],[2.4813,45.6237],[2.4759,45.6177],[2.4651,45.5845],[2.4906,45.5738],[2.5029,45.5663],[2.5222,45.5436]]}},{"type":"Feature","properties":{"layer":"river","name":"Petit Gland","rank":12},"geometry":{"type":"LineString","coordinates":[[4.4031,49.9137],[4.3792,49.9111],[4.3623,49.9064],[4.3553,49.8989],[4.3425,49.8931],[4.2699,49.8931],[4.2025,49.8874],[4.1817,49.8899],[4.1667,49.8985],[4.1514,49.9111],[4.1286,49.923],[4.0657,49.9357],[4.044,49.9481],[4.0054,49.9368],[3.9661,49.9312],[3.9248,49.9184],[3.8921,49.9153],[3.8211,49.9194],[3.7708,49.9164],[3.6775,49.9053],[3.6487,49.9068],[3.6144,49.918],[3.5824,49.9236],[3.5593,49.9116],[3.5383,49.8889],[3.488,49.8501],[3.4724,49.8315],[3.4548,49.8146],[3.3953,49.7817],[3.3721,49.7568],[3.365,49.73],[3.3783,49.687],[3.3664,49.6672],[3.3405,49.6517],[3.291,49.6352],[3.2691,49.621],[3.2223,49.612],[3.159,49.5893],[3.1253,49.5819],[3.0701,49.5801],[3.0366,49.5642],[3.0186,49.5644],[3.0025,49.5675],[2.989,49.5666],[2.9797,49.5561],[2.9665,49.5161],[2.9544,49.5045],[2.9395,49.502],[2.9253,49.5034],[2.906,49.497],[2.8787,49.4753],[2.8459,49.4431]]}},{"type":"Feature","properties":{"layer":"river","name":"Cardener","rank":10},"geometry":{"type":"LineString","coordinates":[[1.6839,42.2493],[1.6914,42.2159],[1.6913,42.1851],[1.6807,42.1581],[1.66,42.1413],[1.6113,42.1297],[1.5906,42.1141],[1.5764,42.088],[1.5674,42.0574],[1.5676,42.0303],[1.5752,42.0128],[1.5889,41.9975],[1.6033,41.9757],[1.6198,41.9562],[1.6384,41.9466],[1.6607,41.9408],[1.686,41.9306],[1.7068,41.9117],[1.7267,41.8581],[1.7634,41.8192],[1.811,41.7425],[1.8433,41.7043],[1.8542,41.6879],[1.8582,41.6684],[1.8545,41.6218],[1.8641,41.5978],[1.8752,41.578],[1.8804,41.5551],[1.9077,41.5377],[1.9265,41.5032],[1.9655,41.4759],[1.9866,41.4547],[2.0269,41.3937],[2.0547,41.3648],[2.0942,41.3445],[2.1528,41.3193]]}},{"type":"Feature","properties":{"layer":"river","name":"Tormes","rank":12},"geometry":{"type":"MultiLineString","coordinates":[[[-5.7186,41],[-5.7421,41.0339],[-5.7743,41.0539],[-5.8162,41.0683],[-5.8607,41.0788],[-5.9025,41.0859],[-5.9403,41.0879],[-5.9764,41.0937],[-6.0144,41.1102],[-6.0457,41.1342],[-6.0792,41.1762],[-6.094,41.1844],[-6.1287,41.1972],[-6.1741,41.218]],[[-6.3219,41.2805],[-6.3638,41.2893],[-6.4177,41.2888],[-6.447,41.2936],[-6.4799,41.3026]]]}},{"type":"Feature","properties":{"layer":"river","name":"Aude","rank":10},"geometry":{"type":"LineString","coordinates":[[2.0296,42.5779],[2.0508,42.5705],[2.0725,42.5699],[2.0952,42.579],[2.1138,42.5958],[2.1255,42.6139],[2.1291,42.6325],[2.1273,42.6645],[2.1369,42.6831],[2.136,42.7019],[2.1165,42.7071],[2.1082,42.7117],[2.1006,42.7185],[2.0934,42.7303],[2.0862,42.7381],[2.0879,42.758],[2.0982,42.7681],[2.1228,42.7772],[2.1541,42.7824],[2.1802,42.7829],[2.2012,42.787],[2.2205,42.8005],[2.2282,42.8181],[2.2214,42.8323],[2.2064,42.8461],[2.1943,42.863],[2.1882,42.8813],[2.187,42.8986],[2.1926,42.9142],[2.2024,42.9288],[2.217,42.9403],[2.2492,42.9577],[2.2586,42.9722],[2.2601,42.9879],[2.2513,43.0128],[2.2495,43.029],[2.2449,43.0449],[2.2235,43.0694],[2.2246,43.0857],[2.241,43.1037],[2.2923,43.1347],[2.2993,43.1482],[2.3023,43.1653],[2.3163,43.1885],[2.334,43.2072],[2.3563,43.2167],[2.3699,43.2283],[2.3936,43.2343],[2.4282,43.224],[2.4854,43.1986],[2.4987,43.1981],[2.5282,43.2072],[2.5591,43.2086],[2.5972,43.2146],[2.6328,43.2304],[2.6677,43.2495],[2.7038,43.2633],[2.7342,43.2659],[2.7556,43.258],[2.7738,43.2487],[2.8293,43.2497],[2.9075,43.2443],[2.9258,43.2473],[2.9368,43.2527],[2.9549,43.2558],[2.9772,43.255],[3.0256,43.2483],[3.1096,43.2536],[3.1533,43.2526],[3.1895,43.2461],[3.2168,43.2357],[3.2443,43.2194]]}},{"type":"Feature","properties":{"layer":"river","name":"Creuse","rank":10},"geometry":{"type":"LineString","coordinates":[[2.1701,45.8501],[2.1655,45.9201],[2.168,45.9453],[2.1628,45.9707],[2.1419,46.0073],[2.1136,46.0419],[2.0759,46.0737],[2.0588,46.1014],[2.0164,46.1387],[1.9764,46.1783],[1.9277,46.215],[1.9124,46.2359],[1.8944,46.2538],[1.8692,46.2744],[1.8451,46.2919],[1.8172,46.3066],[1.7432,46.3395],[1.6647,46.3911],[1.6367,46.4038],[1.6218,46.414],[1.612,46.4558],[1.5853,46.4945],[1.5811,46.5141],[1.5801,46.532],[1.5747,46.5469],[1.5565,46.5658],[1.5244,46.5935],[1.489,46.6201],[1.4629,46.6365],[1.4364,46.6422],[1.3645,46.6435],[1.3406,46.6465],[1.3137,46.6471],[1.2205,46.6352],[1.1724,46.6354],[1.094,46.6401],[1.0642,46.6451],[0.9954,46.6799],[0.9774,46.6929],[0.9407,46.7432],[0.9165,46.7663],[0.8858,46.7826],[0.8618,46.7906],[0.8314,46.7794],[0.7134,46.9001],[0.6929,46.9429],[0.682,46.9582],[0.6717,46.966],[0.6608,46.9709],[0.6399,46.977],[0.5845,47.0013],[0.5724,47.0039],[0.5701,47.0017],[0.5691,47.0007]]}},{"type":"Feature","properties":{"layer":"river","name":"Ill","rank":11},"geometry":{"type":"LineString","coordinates":[[7.2197,47.4617],[7.2048,47.501],[7.1903,47.5312],[7.1763,47.5487],[7.1585,47.5648],[7.135,47.5915],[7.1172,47.6209],[7.1133,47.643],[7.126,47.6576],[7.1487,47.6689],[7.1763,47.6738],[7.2007,47.6727],[7.2275,47.6758],[7.2611,47.6907],[7.2927,47.7159],[7.3147,47.7437],[7.3301,47.7671],[7.3455,47.7814],[7.3566,47.7968],[7.3618,47.8227],[7.3591,47.8511],[7.3513,47.8725],[7.3513,47.8959],[7.3882,47.9662],[7.398,47.9987],[7.402,48.0227],[7.4089,48.0395],[7.4109,48.0525],[7.4026,48.0676],[7.3911,48.0829],[7.3851,48.0967],[7.3894,48.1129],[7.4214,48.1667],[7.4392,48.2117],[7.4596,48.251],[7.4849,48.27],[7.5059,48.278],[7.5161,48.2902],[7.522,48.3074],[7.5325,48.3273],[7.5447,48.3431],[7.5547,48.3506],[7.6121,48.383],[7.6484,48.4108],[7.6677,48.4343],[7.677,48.4538],[7.7013,48.491],[7.7069,48.515],[7.7178,48.5438],[7.7644,48.6013],[7.7736,48.6239],[7.7988,48.6379],[7.8123,48.6496],[7.8319,48.6618],[7.8635,48.6644]]}},{"type":"Feature","properties":{"layer":"river","name":"Aller","rank":10},"geometry":{"type":"LineString","coordinates":[[10.3226,51.4064],[10.3025,51.3979],[10.2816,51.3937],[10.2097,51.4037],[10.1852,51.4025],[10.1065,51.3815],[10.0637,51.3779],[10.0158,51.3804],[9.9719,51.3926],[9.939,51.4122],[9.9233,51.4343],[9.9219,51.4525],[9.9253,51.4687],[9.9159,51.5039],[9.9165,51.5443],[9.9146,51.5727],[9.9144,51.6027],[9.9204,51.6284],[9.9588,51.6909],[9.9585,51.7074],[9.9536,51.7222],[9.9531,51.737],[9.9487,51.7569],[9.9279,51.8]]}},{"type":"Feature","properties":{"layer":"river","name":"Conie","rank":10},"geometry":{"type":"LineString","coordinates":[[2.0031,48.0066],[1.9819,48.0093],[1.9557,48.0082],[1.886,47.9948],[1.8519,47.9918],[1.8247,47.9955],[1.7888,48.0129],[1.7378,48.0229],[1.6277,48.067],[1.5619,48.0832],[1.4683,48.1218],[1.4434,48.1264],[1.4292,48.1233],[1.384,48.1234],[1.3533,48.1206],[1.3316,48.1137],[1.3225,48.0903],[1.2774,48.0603],[1.2725,48.0329],[1.2415,48.0098],[1.2487,47.9831],[1.2388,47.9711],[1.223,47.9599],[1.2137,47.9489],[1.2131,47.9362],[1.2185,47.9213],[1.2175,47.9083],[1.2017,47.9001],[1.1733,47.8902],[1.1174,47.8569],[1.1021,47.8498],[1.094,47.8417],[1.0867,47.8237],[1.0739,47.8073],[1.0527,47.8026],[1.0278,47.8029],[1.0061,47.7983],[0.9889,47.7971],[0.9647,47.8095],[0.9411,47.7853],[0.9009,47.7814],[0.8931,47.7724],[0.8903,47.7607],[0.8836,47.7538],[0.8728,47.7541],[0.8425,47.7693],[0.8195,47.7771],[0.793,47.779],[0.7389,47.7688],[0.6756,47.7731],[0.6487,47.7692],[0.6291,47.7601],[0.6154,47.7501],[0.5986,47.7432],[0.5427,47.7399],[0.5044,47.7255],[0.4856,47.7218],[0.4824,47.7124],[0.4738,47.7008],[0.405,47.6769],[0.3779,47.6818],[0.3265,47.6718],[0.2616,47.6674],[0.2102,47.6475],[0.1856,47.6478],[0.1685,47.6564],[0.1566,47.6765],[0.1203,47.6857],[0.0851,47.7069],[0.0663,47.7082],[0.0435,47.706],[-0.008,47.7089],[-0.0565,47.7008],[-0.1552,47.6933],[-0.1813,47.6833],[-0.1908,47.6752],[-0.1998,47.6753],[-0.212,47.6787],[-0.2295,47.6785],[-0.2589,47.6703],[-0.3426,47.6401],[-0.3948,47.6369],[-0.4028,47.6298],[-0.3967,47.6186],[-0.3811,47.6085],[-0.371,47.5976],[-0.3779,47.5836],[-0.4004,47.5747],[-0.4277,47.5757],[-0.4546,47.5807],[-0.4759,47.5815],[-0.4905,47.5771],[-0.5117,47.5612],[-0.5274,47.5556],[-0.5375,47.5487],[-0.5348,47.5375],[-0.5367,47.518],[-0.5576,47.4909],[-0.5854,47.4624],[-0.6037,47.4394],[-0.6099,47.4134]]}},{"type":"Feature","properties":{"layer":"river","name":"Jiloca","rank":10},"geometry":{"type":"LineString","coordinates":[[-1.3276,41],[-1.3288,41.0023],[-1.3813,41.0678],[-1.4407,41.1296],[-1.5027,41.1835],[-1.5284,41.2189],[-1.6039,41.2755],[-1.6219,41.2946],[-1.6389,41.3175],[-1.6496,41.3378],[-1.6522,41.3508],[-1.6421,41.361],[-1.6062,41.3878],[-1.6033,41.4095],[-1.5721,41.4376],[-1.5668,41.459],[-1.5587,41.4787],[-1.5356,41.4914],[-1.5072,41.4948],[-1.4738,41.4921],[-1.4467,41.5065],[-1.4184,41.5109],[-1.3815,41.521],[-1.3442,41.5432],[-1.3129,41.5764],[-1.2906,41.6132],[-1.2737,41.6471],[-1.2551,41.6736],[-1.2317,41.696],[-1.2026,41.7197],[-1.1631,41.7436],[-1.1141,41.7659],[-1.0791,41.7909]]}},{"type":"Feature","properties":{"layer":"river","name":"Glan","rank":11},"geometry":{"type":"LineString","coordinates":[[7.3098,49.4621],[7.3379,49.4415],[7.3711,49.4248],[7.4111,49.4139],[7.4401,49.4154],[7.4461,49.4287],[7.4413,49.4465],[7.448,49.4691],[7.4468,49.5015],[7.4606,49.5559],[7.4567,49.5744],[7.4505,49.5859],[7.4514,49.5957],[7.4655,49.6037],[7.5462,49.6269],[7.5663,49.6389],[7.6029,49.6704],[7.6428,49.6889],[7.6592,49.7001],[7.668,49.7114],[7.6698,49.727],[7.6906,49.7462],[7.7025,49.7738],[7.7175,49.7924],[7.7359,49.8049],[7.7508,49.8061],[7.7639,49.8044],[7.7947,49.8168],[7.8368,49.8223],[7.8474,49.8327],[7.8602,49.8498],[7.8855,49.8698],[7.905,49.8983],[7.9041,49.9365],[7.8779,49.9728]]}},{"type":"Feature","properties":{"layer":"river","name":"Ruhr","rank":11},"geometry":{"type":"LineString","coordinates":[[8.5036,51.2177],[8.4934,51.2224],[8.4845,51.2307],[8.4771,51.2441],[8.4751,51.2622],[8.4846,51.3056],[8.4856,51.3342],[8.4735,51.3583],[8.4474,51.3713],[8.4175,51.3735],[8.3643,51.3661],[8.2332,51.3555],[8.2109,51.3559],[8.1917,51.3593],[8.1765,51.3666],[8.1681,51.3781],[8.1648,51.3915],[8.1497,51.4003],[8.074,51.3995],[8.0567,51.4053],[8.0404,51.4184],[7.9697,51.4511],[7.9548,51.463],[7.9453,51.4753],[7.9231,51.4922],[7.8905,51.5019],[7.8558,51.497],[7.8119,51.4862],[7.6751,51.4789],[7.6126,51.4577],[7.5549,51.4313],[7.5344,51.4252],[7.473,51.421],[7.4334,51.4072],[7.4126,51.405],[7.4053,51.3974],[7.3936,51.3928],[7.3745,51.3989],[7.3567,51.412],[7.348,51.4238],[7.3361,51.4325],[7.3098,51.4376],[7.2804,51.4365],[7.2428,51.4241],[7.1924,51.4235],[7.1694,51.4175],[7.1515,51.415],[7.1231,51.4314],[7.1038,51.4286],[7.0855,51.4181],[7.0735,51.4079],[7.0603,51.4028],[7.0176,51.4065],[7.0041,51.401],[6.99,51.3904],[6.9675,51.3799],[6.9424,51.3752],[6.9224,51.3788],[6.9059,51.3911],[6.889,51.4074],[6.8775,51.4231],[6.8737,51.4339],[6.8661,51.4428],[6.8456,51.4535],[6.8132,51.4601],[6.7766,51.4588],[6.7468,51.4551],[6.73,51.4562],[6.7206,51.4626]]}},{"type":"Feature","properties":{"layer":"river","name":"Pisuerga","rank":11},"geometry":{"type":"LineString","coordinates":[[-4.4513,42.9966],[-4.4781,42.9839],[-4.4895,42.9621],[-4.4952,42.9401],[-4.508,42.9267],[-4.5163,42.9142],[-4.5107,42.8948],[-4.4822,42.8755],[-4.3877,42.853],[-4.3591,42.8392],[-4.3442,42.8277],[-4.3118,42.8203],[-4.2875,42.8122],[-4.2662,42.8005],[-4.2552,42.7888],[-4.2574,42.7764],[-4.2795,42.7451],[-4.2887,42.6995],[-4.2992,42.6806],[-4.3119,42.6636],[-4.3215,42.6447],[-4.3229,42.6216],[-4.3157,42.5943],[-4.3024,42.5715],[-4.2891,42.5593],[-4.276,42.5505],[-4.2632,42.536],[-4.2529,42.5154],[-4.2462,42.492],[-4.2438,42.4672],[-4.244,42.4433],[-4.2499,42.4232],[-4.2718,42.3955],[-4.277,42.3833],[-4.2737,42.3674],[-4.2512,42.3136],[-4.2394,42.2699],[-4.235,42.2291],[-4.2404,42.2031],[-4.2477,42.187],[-4.2483,42.1501],[-4.2605,42.1066],[-4.2644,42.0758],[-4.2748,42.0643],[-4.2908,42.0542]]}},{"type":"Feature","properties":{"layer":"river","name":"Pisuerga","rank":10},"geometry":{"type":"LineString","coordinates":[[-3.0568,41.9803],[-3.0769,41.9789],[-3.0989,41.9746],[-3.1204,41.9747],[-3.1405,41.9799],[-3.1591,41.9879],[-3.1713,41.9993],[-3.176,42.0124],[-3.1888,42.0271],[-3.2206,42.0425],[-3.2598,42.0482],[-3.3199,42.0327],[-3.3557,42.0436],[-3.3912,42.0583],[-3.4198,42.0605],[-3.4476,42.0578],[-3.513,42.0634],[-3.5381,42.0632],[-3.563,42.0566],[-3.6241,42.0353],[-3.643,42.0351],[-3.6587,42.038],[-3.7135,42.0357],[-3.8105,42.0495],[-3.9049,42.053],[-3.934,42.0569],[-3.951,42.0641],[-3.9642,42.0732],[-3.9932,42.0819],[-4.1059,42.0941],[-4.1626,42.1124],[-4.1815,42.1125],[-4.2037,42.1007],[-4.2594,42.0605],[-4.2962,42.0486],[-4.3512,42.0022],[-4.3748,41.991],[-4.4241,41.9823],[-4.4429,41.9726],[-4.4536,41.9572],[-4.4577,41.9397],[-4.4634,41.926],[-4.5007,41.9093],[-4.5266,41.884],[-4.6011,41.7799],[-4.6332,41.7556],[-4.6551,41.728],[-4.703,41.6975],[-4.7201,41.6794],[-4.7352,41.6599],[-4.755,41.6403],[-4.7746,41.6257],[-4.8059,41.6088],[-4.8202,41.5881]]}},{"type":"Feature","properties":{"layer":"river","name":"Vilaine","rank":10},"geometry":{"type":"LineString","coordinates":[[-0.9917,48.2261],[-1.0055,48.2234],[-1.0243,48.2163],[-1.05,48.2028],[-1.0707,48.1872],[-1.0771,48.1752],[-1.0781,48.1666],[-1.0861,48.1593],[-1.1042,48.1544],[-1.1683,48.1457],[-1.2593,48.1208],[-1.2848,48.1195],[-1.3057,48.1216],[-1.3373,48.1185],[-1.3861,48.1174],[-1.5033,48.1331],[-1.548,48.134],[-1.5803,48.1413],[-1.6149,48.1269],[-1.6686,48.1179],[-1.7257,48.1031],[-1.7592,48.0793],[-1.7721,48.0524],[-1.7794,48.0305],[-1.7781,48.0153],[-1.7704,48.005],[-1.7599,47.9955],[-1.7518,47.9822],[-1.7509,47.9654],[-1.7644,47.931],[-1.7632,47.9101],[-1.7799,47.8951],[-1.7781,47.8738],[-1.782,47.8598],[-1.7959,47.8452],[-1.8181,47.8317],[-1.8369,47.8075],[-1.8424,47.767],[-1.8687,47.7253],[-1.8735,47.7009],[-1.9379,47.6847],[-1.9582,47.6758],[-1.9927,47.6765],[-2.0234,47.6728],[-2.0307,47.6712],[-2.0348,47.6695],[-2.0497,47.6612],[-2.081,47.6498],[-2.0885,47.6326],[-2.0864,47.6292],[-2.0837,47.6233],[-2.0848,47.6203],[-2.087,47.6162],[-2.0871,47.6125],[-2.0858,47.608],[-2.0873,47.6037],[-2.0908,47.5989],[-2.1136,47.5937],[-2.1493,47.5937],[-2.1885,47.5964],[-2.2172,47.5932],[-2.2795,47.5805],[-2.2956,47.5699],[-2.304,47.5571],[-2.3058,47.5385],[-2.3153,47.529],[-2.3334,47.5111],[-2.3639,47.5062]]}},{"type":"Feature","properties":{"layer":"river","name":"Cher","rank":11},"geometry":{"type":"LineString","coordinates":[[2.293,45.9248],[2.2887,45.9363],[2.2969,45.9543],[2.3142,45.977],[2.326,46.0073],[2.3211,46.0434],[2.3112,46.0785],[2.3115,46.1064],[2.322,46.1278],[2.3369,46.1472],[2.3573,46.1643],[2.381,46.1801],[2.4069,46.1906],[2.4548,46.1967],[2.4727,46.2008],[2.4997,46.2193],[2.5437,46.2558],[2.5822,46.2971],[2.5957,46.3269],[2.595,46.3533],[2.6033,46.4182],[2.6013,46.4651],[2.6089,46.4955],[2.6128,46.5355],[2.6135,46.5495],[2.6174,46.5519],[2.6185,46.5566],[2.6184,46.5613],[2.6174,46.5658],[2.6157,46.5699],[2.6121,46.5755],[2.6063,46.582],[2.5915,46.5945],[2.5855,46.6014],[2.5833,46.6081],[2.5847,46.6148],[2.5921,46.625],[2.5934,46.6287],[2.5915,46.634],[2.5796,46.6447],[2.5762,46.6506],[2.5768,46.6558],[2.5808,46.6597],[2.5696,46.6709],[2.5588,46.6835],[2.4985,46.7178],[2.487,46.7308],[2.4832,46.7382],[2.4553,46.7455],[2.4397,46.7526],[2.4263,46.7654],[2.402,46.7993],[2.3853,46.8098],[2.3651,46.8192],[2.3445,46.8332],[2.3252,46.8535],[2.3088,46.8786],[2.2991,46.9022],[2.2923,46.9291],[2.2694,46.9536],[2.2424,46.9999],[2.2119,47.0444],[2.1941,47.0883],[2.1756,47.1145],[2.1541,47.1677],[2.1399,47.1872],[2.0974,47.2152],[2.0692,47.2248],[2.0093,47.2278],[1.9845,47.2317],[1.9006,47.2688],[1.7826,47.2941],[1.7534,47.2948],[1.7244,47.2892],[1.6727,47.2727],[1.658,47.2746],[1.6384,47.2809],[1.6039,47.2847],[1.5645,47.284],[1.4969,47.2746],[1.447,47.2736],[1.3862,47.2854],[1.259,47.3367],[1.1916,47.3451],[1.0903,47.3366],[1.0526,47.3355],[0.8713,47.359],[0.8108,47.3766],[0.7813,47.3817],[0.6826,47.3822],[0.5894,47.3764],[0.5691,47.3716],[0.5391,47.3593],[0.4775,47.3525]]}},{"type":"Feature","properties":{"layer":"river","name":"Hers-Vif","rank":12},"geometry":{"type":"LineString","coordinates":[[1.8547,42.7729],[1.8763,42.7941],[1.8867,42.8107],[1.8811,42.8206],[1.8706,42.8295],[1.8694,42.8434],[1.8816,42.8645],[1.9188,42.9127],[1.9155,42.924],[1.9054,42.9319],[1.904,42.9457],[1.9203,42.9583],[1.9495,42.9632],[1.9741,42.9543],[1.9823,42.9567],[1.9895,42.9605],[1.9924,42.9674],[1.9915,42.9762],[1.9817,43.0001],[1.9774,43.0151],[1.9735,43.0228],[1.9676,43.0299],[1.9484,43.0404],[1.9426,43.0458],[1.9436,43.0513],[1.9489,43.057],[1.9557,43.0625],[1.9603,43.0691],[1.9606,43.0766],[1.9575,43.087],[1.9528,43.0958],[1.9455,43.1038],[1.9347,43.1118],[1.925,43.1167],[1.8963,43.118],[1.8695,43.0999],[1.8565,43.0985],[1.8345,43.0925],[1.8123,43.0893],[1.7847,43.0931],[1.759,43.103],[1.7424,43.1148],[1.7352,43.1361],[1.7332,43.1689],[1.7362,43.1994],[1.7412,43.2155],[1.7371,43.2246],[1.666,43.2733],[1.6348,43.2904],[1.5448,43.3217],[1.5134,43.3306]]}},{"type":"Feature","properties":{"layer":"river","name":"Aar","rank":10},"geometry":{"type":"MultiLineString","coordinates":[[[7.8941,46.7063],[7.8581,46.6959],[7.8421,46.6874],[7.8197,46.6796]],[[8.3196,46.6325],[8.3132,46.6492],[8.304,46.6652],[8.2206,46.7336],[8.167,46.752],[8.137,46.7595],[8.0912,46.7632],[8.0483,46.7555]],[[7.6419,46.7499],[7.6189,46.7711],[7.5977,46.7939],[7.5768,46.8115],[7.5674,46.8441],[7.5496,46.8713],[7.5222,46.8996],[7.4922,46.9232],[7.4675,46.9376],[7.4524,46.9438],[7.4445,46.9499],[7.4365,46.9635],[7.4191,46.9752],[7.3884,46.9767],[7.3451,46.9748],[7.2976,46.9783],[7.2611,46.9865],[7.2442,46.9958],[7.2463,47.0092],[7.2564,47.0271],[7.2562,47.0434],[7.2341,47.0525],[7.2009,47.0608],[7.179,47.0721]],[[7.2332,47.1388],[7.2691,47.1426],[7.3288,47.1472],[7.3539,47.1506],[7.3801,47.1572],[7.47,47.2057],[7.4893,47.2103],[7.5303,47.2123],[7.5941,47.2363],[7.6248,47.2439],[7.6561,47.2448],[7.6916,47.2418],[7.7285,47.2434],[7.7637,47.2556],[7.793,47.27],[7.833,47.2838],[7.8612,47.3095],[7.8895,47.3274],[7.9056,47.3472],[7.9232,47.3644],[7.9714,47.373],[8.0687,47.4123],[8.1482,47.4326],[8.1616,47.4485],[8.173,47.4682],[8.1994,47.4866],[8.2241,47.5077],[8.2317,47.5338],[8.2322,47.5574],[8.2455,47.5844],[8.2396,47.6001],[8.2258,47.6186]]]}},{"type":"Feature","properties":{"layer":"river","name":"Henares","rank":10},"geometry":{"type":"LineString","coordinates":[[-2.8437,41.2624],[-2.8506,41.239],[-2.8457,41.2239],[-2.8241,41.2204],[-2.7982,41.2224],[-2.7827,41.2204],[-2.7788,41.2127],[-2.7821,41.1849],[-2.7723,41.1464],[-2.7727,41.1218],[-2.7792,41.099],[-2.7891,41.082],[-2.7937,41.0664],[-2.7875,41.0466],[-2.7865,41.0215],[-2.7993,41]]}},{"type":"Feature","properties":{"layer":"river","name":"Jalón","rank":12},"geometry":{"type":"MultiLineString","coordinates":[[[-1.915,41.0503],[-1.9188,41.0328],[-1.9171,41.0187],[-1.8968,41.0002],[-1.8967,41]],[[-1.6894,41],[-1.6885,41.0072],[-1.7078,41.045],[-1.7386,41.081],[-1.7629,41.1022],[-1.7787,41.1199],[-1.7889,41.1479],[-1.7912,41.1813],[-1.7849,41.2397],[-1.7883,41.2634],[-1.7969,41.2805],[-1.8064,41.292],[-1.8101,41.303],[-1.8048,41.319],[-1.7882,41.3302],[-1.7323,41.3276],[-1.6951,41.3354],[-1.6543,41.3503]]]}},{"type":"Feature","properties":{"layer":"river","name":"Somme","rank":11},"geometry":{"type":"LineString","coordinates":[[3.4512,49.935],[3.4236,49.9238],[3.3931,49.914],[3.3584,49.9057],[3.3303,49.8952],[3.3006,49.8591],[3.2704,49.8379],[3.2389,49.819],[3.2064,49.7918],[3.1654,49.7687],[3.1554,49.7595],[3.1448,49.7551],[3.0674,49.7585],[3.0383,49.7619],[3.007,49.7727],[2.9811,49.79],[2.9651,49.8093],[2.9548,49.8251],[2.9325,49.8441],[2.9264,49.8618],[2.9265,49.8835],[2.9312,49.9031],[2.9299,49.9199],[2.9153,49.935],[2.8987,49.9467],[2.8924,49.9556],[2.8822,49.9602],[2.8272,49.963],[2.8108,49.9683],[2.7959,49.968],[2.744,49.9433],[2.717,49.9406],[2.7013,49.9267],[2.6804,49.9287],[2.6581,49.9127],[2.6465,49.9137],[2.6333,49.9181],[2.5959,49.9182],[2.5405,49.927],[2.5143,49.9184],[2.4688,49.9144],[2.4347,49.8983],[2.3953,49.8935],[2.3451,49.8974],[2.2988,49.9095],[2.2645,49.9223],[2.2249,49.932],[2.1619,49.958],[2.1208,49.9726],[2.0848,49.9877],[2.0359,50.0194],[1.9461,50.0477],[1.8987,50.0659],[1.8628,50.0839],[1.8067,50.1178],[1.6543,50.1866]]}},{"type":"Feature","properties":{"layer":"river","name":"Adda","rank":11},"geometry":{"type":"MultiLineString","coordinates":[[[9.4113,45.8194],[9.4133,45.8158],[9.4286,45.7966],[9.432,45.7737],[9.4397,45.7646],[9.4478,45.7499],[9.4558,45.6999],[9.4688,45.6834],[9.4828,45.6718],[9.4964,45.6452],[9.5178,45.6243],[9.5271,45.6044],[9.5324,45.5806],[9.5339,45.5588],[9.5301,45.5417],[9.5103,45.512],[9.4816,45.4612],[9.4697,45.4465],[9.4636,45.4321],[9.4629,45.4079],[9.4683,45.38],[9.4767,45.3569],[9.4988,45.3371],[9.5371,45.3171],[9.5736,45.3052],[9.5912,45.3049],[9.5985,45.3092],[9.6104,45.3081],[9.6766,45.2708],[9.7069,45.2646],[9.7713,45.2162],[9.793,45.1787],[9.8128,45.1667],[9.8353,45.1621],[9.8672,45.1603],[9.8763,45.1528],[9.8827,45.134]],[[10.1467,46.444],[10.1536,46.4367],[10.173,46.4376],[10.2097,46.4504],[10.2473,46.4688],[10.2686,46.4833],[10.2863,46.4912],[10.3157,46.4939],[10.3433,46.486],[10.3566,46.4684],[10.3574,46.4482],[10.3527,46.4177],[10.3552,46.3676],[10.3529,46.3513],[10.3436,46.3426],[10.3084,46.3278],[10.2898,46.3158],[10.2712,46.2969],[10.2516,46.2723],[10.228,46.2496],[10.1997,46.2352],[10.1699,46.2233],[10.117,46.1887],[10.09,46.1832],[10.0654,46.1755],[10.0459,46.1742],[9.9665,46.1816],[9.8996,46.1833],[9.7534,46.1774],[9.7057,46.1784],[9.6618,46.1757],[9.5879,46.151],[9.5525,46.1483],[9.4026,46.1621],[9.3792,46.1606]]]}},{"type":"Feature","properties":{"layer":"river","name":"Mayenne","rank":12},"geometry":{"type":"LineString","coordinates":[[-0.4648,48.3872],[-0.4378,48.3952],[-0.4081,48.4011],[-0.3747,48.4042],[-0.3481,48.4133],[-0.3345,48.4338],[-0.3341,48.4582],[-0.337,48.4689],[-0.3442,48.4929],[-0.3527,48.4919],[-0.4199,48.5041],[-0.4704,48.5071],[-0.4831,48.5063],[-0.4929,48.5046],[-0.501,48.5012],[-0.535,48.4763],[-0.5443,48.4716],[-0.5544,48.4683],[-0.5783,48.4645],[-0.584,48.4504],[-0.5852,48.4431],[-0.6042,48.4193],[-0.609,48.4062],[-0.6051,48.392],[-0.5942,48.3771],[-0.5936,48.3534],[-0.6144,48.3178],[-0.6398,48.284],[-0.6561,48.2563],[-0.6886,48.2379],[-0.7217,48.204],[-0.7362,48.1916],[-0.7458,48.1786],[-0.7549,48.1394],[-0.7799,48.1098],[-0.7797,48.101],[-0.7718,48.0884],[-0.7579,48.0456],[-0.7422,48.0195],[-0.7278,47.974],[-0.7146,47.945],[-0.7203,47.9252],[-0.7097,47.916],[-0.6982,47.9001],[-0.697,47.8443],[-0.6859,47.8168],[-0.675,47.7965],[-0.6738,47.7746],[-0.661,47.7644],[-0.655,47.7441],[-0.6705,47.7108],[-0.6912,47.6743],[-0.6976,47.6462],[-0.6907,47.6256],[-0.6796,47.6075],[-0.6612,47.5932],[-0.618,47.5722],[-0.6084,47.5517],[-0.579,47.5388],[-0.5608,47.5232],[-0.549,47.502]]}},{"type":"Feature","properties":{"layer":"river","name":"Arno","rank":10},"geometry":{"type":"LineString","coordinates":[[10.5,43.7014],[10.4822,43.7093],[10.4653,43.7196],[10.4536,43.7237],[10.4341,43.7128],[10.4053,43.7202],[10.3879,43.7201],[10.3683,43.7133],[10.3259,43.6921],[10.304,43.6884],[10.2791,43.6923]]}},{"type":"Feature","properties":{"layer":"river","name":"Maulde","rank":12},"geometry":{"type":"LineString","coordinates":[[2.0381,45.8112],[2.0306,45.8186],[2.0173,45.8247],[1.9754,45.8354],[1.9653,45.8456],[1.9585,45.8581],[1.9453,45.8695],[1.9401,45.8849],[1.9522,45.9071],[1.9568,45.9348],[1.9336,45.9633],[1.8884,45.9862],[1.8399,46.0004],[1.8008,46.0055],[1.7783,46.0067],[1.7693,46.0006],[1.7556,45.9765],[1.7464,45.9723],[1.7246,45.9813],[1.6872,46.0015],[1.6472,46.0165],[1.6199,46.0131],[1.603,46.0017],[1.5781,45.9939],[1.5607,45.9728],[1.5425,45.9612],[1.5173,45.9521],[1.4637,45.9394],[1.4391,45.9299],[1.4186,45.9171],[1.3975,45.9023]]}},{"type":"Feature","properties":{"layer":"river","name":"Sarthe","rank":11},"geometry":{"type":"LineString","coordinates":[[0.4945,48.6479],[0.4766,48.6432],[0.4583,48.6356],[0.4395,48.6242],[0.4277,48.6059],[0.4258,48.5578],[0.4146,48.5377],[0.3938,48.5248],[0.3464,48.5102],[0.3069,48.4856],[0.2942,48.4737],[0.2805,48.4741],[0.1926,48.4602],[0.1755,48.4515],[0.1653,48.4475],[0.1526,48.4455],[0.1428,48.4398],[0.1262,48.4375],[0.0985,48.4326],[0.0393,48.4318],[0.0025,48.4068],[-0.0599,48.3874],[-0.0774,48.3771],[-0.0808,48.3635],[-0.0779,48.3464],[-0.0638,48.3263],[-0.0403,48.3056],[-0.0152,48.291],[0.0162,48.2835],[0.0457,48.2681],[0.0754,48.2699],[0.0933,48.268],[0.1091,48.2601],[0.1198,48.2478],[0.1224,48.2338],[0.1153,48.2099],[0.1182,48.1964],[0.1323,48.1808],[0.1763,48.147],[0.1829,48.1306],[0.1846,48.1174],[0.1994,48.1],[0.1919,48.0819],[0.1987,48.0676],[0.1834,48.05],[0.1897,48.0205],[0.1697,47.9831],[0.1755,47.9438],[0.1665,47.933],[0.1488,47.9228],[0.1139,47.8911],[0.098,47.8831],[0.0856,47.8844],[0.0663,47.8974],[0.0375,47.8972],[0.0161,47.9101],[-0.0015,47.9144],[-0.0214,47.9117],[-0.0531,47.8921],[-0.0868,47.883],[-0.1094,47.8591],[-0.1304,47.8545],[-0.1896,47.849],[-0.2023,47.8642],[-0.236,47.8612],[-0.2613,47.8625],[-0.2887,47.8605],[-0.3143,47.8498],[-0.3389,47.8367],[-0.3636,47.829],[-0.3793,47.8191],[-0.3839,47.7812],[-0.3992,47.7702],[-0.4198,47.7618],[-0.4352,47.749],[-0.442,47.7329],[-0.442,47.7167],[-0.4457,47.7034],[-0.4611,47.6945],[-0.4811,47.6789],[-0.4956,47.6494],[-0.5012,47.6203],[-0.5005,47.5971],[-0.511,47.5836],[-0.5274,47.5556]]}},{"type":"Feature","properties":{"layer":"river","name":"Fulda","rank":12},"geometry":{"type":"LineString","coordinates":[[8.1929,50.9633],[8.1908,50.9675],[8.1997,50.975],[8.2243,50.987],[8.2478,51.0029],[8.2544,51.0194],[8.2566,51.035],[8.2693,51.0486],[8.2907,51.0546],[8.3137,51.0517],[8.3464,51.043],[8.3906,51.0348],[8.4705,51.0273],[8.4797,51.0205],[8.4992,51.0119],[8.5364,51.0062],[8.5715,51.008],[8.5862,51.0178],[8.5916,51.0303],[8.6047,51.0385],[8.6248,51.0395],[8.6472,51.0343],[8.676,51.0307],[8.7113,51.0353],[8.7577,51.0544],[8.8125,51.0857],[8.8604,51.12],[8.8894,51.1466],[8.8978,51.164],[8.8938,51.1843],[8.9026,51.1916],[8.9207,51.1939],[8.9641,51.1838],[8.9876,51.1827],[9.009,51.187],[9.0267,51.1943],[9.041,51.1964],[9.0681,51.1778],[9.1248,51.1752],[9.1419,51.1688],[9.1802,51.1485],[9.2134,51.1387],[9.2473,51.1332],[9.2912,51.1332],[9.3439,51.1269],[9.383,51.1291],[9.4193,51.1407],[9.4434,51.1604],[9.4538,51.1846],[9.4617,51.2284],[9.4875,51.2697],[9.4956,51.3015],[9.5086,51.3168],[9.5276,51.3284],[9.5466,51.3348],[9.5514,51.3525],[9.5413,51.3583],[9.5355,51.3637],[9.5347,51.3666],[9.5381,51.3662],[9.5535,51.362],[9.5625,51.3607],[9.5671,51.3606],[9.571,51.3614],[9.5721,51.364],[9.5711,51.3684],[9.5646,51.3768],[9.5628,51.3813],[9.5637,51.3845],[9.572,51.3897],[9.5746,51.392],[9.5769,51.3952],[9.5789,51.3976],[9.582,51.3988],[9.5859,51.3986],[9.5929,51.397],[9.5969,51.397],[9.6043,51.3988],[9.6326,51.4009],[9.6362,51.4038],[9.6385,51.4087],[9.6353,51.4298]]}},{"type":"Feature","properties":{"layer":"river","name":"Limmat","rank":11},"geometry":{"type":"MultiLineString","coordinates":[[[9.1314,47.1406],[9.1077,47.1465],[9.0799,47.1467],[9.0501,47.1564],[9.0457,47.1748],[9.0396,47.1909],[9.0244,47.1881],[9.0081,47.1894],[8.9912,47.204],[8.9898,47.2143],[8.9736,47.2274],[8.937,47.2282]],[[8.5503,47.3618],[8.5433,47.3741],[8.5164,47.3935],[8.4842,47.4049],[8.4695,47.4086],[8.4568,47.4125],[8.4304,47.4135],[8.4111,47.4133],[8.4002,47.423],[8.3904,47.4337],[8.3672,47.4418],[8.3377,47.4549],[8.3208,47.4645],[8.3123,47.478],[8.292,47.4916],[8.2639,47.4988],[8.2459,47.5062],[8.2241,47.5077]]]}},{"type":"Feature","properties":{"layer":"river","name":"Reuss","rank":11},"geometry":{"type":"LineString","coordinates":[[8.3323,47.047],[8.3081,47.0516],[8.2949,47.0621],[8.2981,47.0706],[8.3157,47.0837],[8.3543,47.109],[8.3757,47.1179],[8.3933,47.1258],[8.3996,47.1318],[8.4055,47.1423],[8.3981,47.1774],[8.3929,47.2195],[8.3938,47.2257],[8.3944,47.2285],[8.4075,47.2456],[8.4028,47.2633],[8.3743,47.3119],[8.3535,47.3408],[8.335,47.3649],[8.3174,47.3772],[8.3079,47.3842],[8.2825,47.4118],[8.2527,47.4311],[8.2531,47.4493],[8.2365,47.4597],[8.2292,47.4807],[8.2147,47.4997]]}},{"type":"Feature","properties":{"layer":"river","name":"Thièle","rank":10},"geometry":{"type":"LineString","coordinates":[[7.022,47.0112],[7.0393,47.036],[7.0918,47.0552]]}},{"type":"Feature","properties":{"layer":"river","name":"Esla","rank":10},"geometry":{"type":"LineString","coordinates":[[-4.9833,42.9763],[-5.0085,42.9792],[-5.0332,42.9844],[-5.0771,42.9558]]}},{"type":"Feature","properties":{"layer":"river","name":"Oglio","rank":10},"geometry":{"type":"LineString","coordinates":[[10.089,45.8231],[10.0857,45.8196],[10.0711,45.8],[10.0623,45.7841],[10.0625,45.7661],[10.0693,45.7412],[10.0725,45.7159],[10.064,45.6967],[10.0361,45.6846],[9.9719,45.6743]]}},{"type":"Feature","properties":{"layer":"river","name":"Tormes","rank":12},"geometry":{"type":"LineString","coordinates":[[-6.1741,41.218],[-6.2615,41.2582],[-6.3213,41.2803],[-6.3219,41.2805]]}},{"type":"Feature","properties":{"layer":"river","name":"Aar","rank":10},"geometry":{"type":"LineString","coordinates":[[7.179,47.0721],[7.1736,47.0749],[7.1682,47.0937],[7.1992,47.1135],[7.2332,47.1388]]}},{"type":"Feature","properties":{"layer":"river","name":"Aar","rank":10},"geometry":{"type":"LineString","coordinates":[[8.0483,46.7555],[8.0039,46.752],[7.9461,46.7238],[7.8941,46.7063]]}},{"type":"Feature","properties":{"layer":"river","name":"Aar","rank":10},"geometry":{"type":"LineString","coordinates":[[7.8197,46.6796],[7.7869,46.6789],[7.7435,46.6893],[7.6958,46.7107],[7.6522,46.7404],[7.6419,46.7499]]}},{"type":"Feature","properties":{"layer":"river","name":"Adda","rank":11},"geometry":{"type":"LineString","coordinates":[[9.3792,46.1606],[9.3684,46.16],[9.34,46.1536],[9.3192,46.1435],[9.304,46.133],[9.2951,46.1164],[9.2849,46.0667],[9.2752,46.0476],[9.272,46.0222],[9.2817,45.9818],[9.3008,45.9356],[9.332,45.9024],[9.3672,45.8809],[9.4024,45.836],[9.4113,45.8194]]}},{"type":"Feature","properties":{"layer":"river","name":"Limmat","rank":11},"geometry":{"type":"LineString","coordinates":[[8.937,47.2282],[8.8652,47.2188],[8.8164,47.2208],[8.7656,47.2325],[8.7214,47.2355],[8.6848,47.2508],[8.6441,47.2669],[8.6148,47.2778],[8.5911,47.2983],[8.5697,47.3299],[8.5545,47.3544],[8.5503,47.3618]]}},{"type":"Feature","properties":{"layer":"river","name":"Thièle","rank":10},"geometry":{"type":"LineString","coordinates":[[7.0918,47.0552],[7.1709,47.0841]]}},{"type":"Feature","properties":{"layer":"river","name":"Varaita","rank":10},"geometry":{"type":"LineString","coordinates":[[7.0742,44.4962],[7.1208,44.5064],[7.1577,44.5094],[7.2402,44.5137],[7.2832,44.504],[7.321,44.4776],[7.3447,44.4733],[7.3729,44.4733],[7.4016,44.4779],[7.4265,44.4845],[7.4608,44.5039],[7.561,44.5737],[7.6045,44.5987],[7.6248,44.6175],[7.6461,44.649],[7.6646,44.6891],[7.6709,44.7333],[7.6628,44.7749],[7.6509,44.8102],[7.6475,44.8391]]}},{"type":"Feature","properties":{"layer":"river","name":"Varaita","rank":10},"geometry":{"type":"LineString","coordinates":[[6.9182,44.52],[6.9508,44.4946],[6.9929,44.4844],[7.0392,44.4885],[7.0742,44.4962]]}},{"type":"Feature","properties":{"layer":"river","name":"Allier","rank":11},"geometry":{"type":"LineString","coordinates":[[3.8808,44.5831],[3.8975,44.5974],[3.9031,44.6182],[3.9016,44.6387],[3.9015,44.665],[3.892,44.6857],[3.8889,44.6917],[3.8817,44.6966],[3.8748,44.7031],[3.8716,44.7137],[3.8706,44.7473],[3.8682,44.7547],[3.8372,44.7639],[3.834,44.7652],[3.8325,44.7692],[3.8215,44.7874],[3.8169,44.7925],[3.7954,44.7916],[3.7891,44.7925],[3.7592,44.8151],[3.7512,44.8184],[3.748,44.8205],[3.747,44.8244],[3.7488,44.8361],[3.748,44.8403],[3.7395,44.8472],[3.7208,44.8561],[3.6999,44.8806],[3.6807,44.8955],[3.6658,44.9119],[3.6641,44.9325],[3.6697,44.9407],[3.685,44.9555],[3.6879,44.9658],[3.6813,44.9749],[3.6486,44.9851],[3.6343,44.9943]]}},{"type":"Feature","properties":{"layer":"river","name":"Allier","rank":11},"geometry":{"type":"LineString","coordinates":[[3.6343,44.9943],[3.6267,45.0211],[3.6213,45.0328],[3.6116,45.0433],[3.5988,45.0508],[3.5708,45.0608],[3.5579,45.0677],[3.5015,45.1079],[3.4709,45.142],[3.453,45.1455],[3.436,45.1546],[3.4228,45.1679],[3.4164,45.1838],[3.3952,45.3133],[3.3857,45.3325],[3.348,45.3862],[3.3314,45.4336],[3.3231,45.4451],[3.3122,45.4543],[3.2868,45.4678],[3.2692,45.4743],[3.2628,45.4797],[3.2693,45.4964],[3.275,45.5423],[3.2708,45.5582],[3.26,45.5707],[3.2341,45.5922],[3.2073,45.6231],[3.2014,45.6332],[3.1995,45.6442],[3.2012,45.6541],[3.2043,45.664],[3.2062,45.6752],[3.2053,45.6829],[3.2014,45.698],[3.2012,45.7058],[3.203,45.7127],[3.2083,45.7248],[3.2091,45.7323],[3.208,45.7358],[3.2062,45.7376],[3.2046,45.7399],[3.2052,45.7451],[3.2064,45.7479],[3.2084,45.7503],[3.2258,45.7662],[3.2692,45.7959],[3.2756,45.8026],[3.2793,45.8085],[3.2834,45.8244],[3.2864,45.8308],[3.2944,45.8445],[3.2961,45.8508],[3.3025,45.8641],[3.3308,45.8881],[3.3372,45.8989],[3.339,45.9051],[3.348,45.9248],[3.3599,45.9434],[3.3666,45.9444],[3.3787,45.9365],[3.3882,45.9506],[3.4293,45.9715],[3.447,45.9849],[3.457,46.0032],[3.4579,46.02],[3.4157,46.1304],[3.4103,46.1674],[3.4265,46.1971],[3.4214,46.2075],[3.4208,46.2172],[3.4211,46.2271],[3.4191,46.2381],[3.4146,46.2446],[3.4014,46.2577],[3.3986,46.2626],[3.3942,46.2741],[3.3645,46.3275],[3.3515,46.3382],[3.3332,46.3495],[3.3169,46.3625],[3.3098,46.3784],[3.3303,46.5363],[3.3266,46.5582],[3.3168,46.5722],[3.1794,46.6838],[3.0891,46.7299],[3.0468,46.7596],[3.0293,46.7936],[3.038,46.8193],[3.0553,46.8383],[3.0701,46.859],[3.0708,46.8892],[3.0676,46.8953],[3.059,46.9036],[3.0566,46.9091],[3.0565,46.9171],[3.0581,46.9219],[3.0605,46.9258],[3.0757,46.9716],[3.0782,46.985]]}},{"type":"Feature","properties":{"layer":"place","name":"Annecy","pop":105749,"rank":8},"geometry":{"type":"Point","coordinates":[6.1167,45.9]}},{"type":"Feature","properties":{"layer":"place","name":"Roanne","pop":73315,"rank":8},"geometry":{"type":"Point","coordinates":[4.0667,46.0333]}},{"type":"Feature","properties":{"layer":"place","name":"St.-Brieuc","pop":53223,"rank":8},"geometry":{"type":"Point","coordinates":[-2.7833,48.5167]}},{"type":"Feature","properties":{"layer":"place","name":"Poitier","pop":85960,"rank":8},"geometry":{"type":"Point","coordinates":[0.3333,46.5833]}},{"type":"Feature","properties":{"layer":"place","name":"Angers","pop":188380,"rank":8},"geometry":{"type":"Point","coordinates":[-0.53,47.48]}},{"type":"Feature","properties":{"layer":"place","name":"Biarritz","pop":145348,"rank":8},"geometry":{"type":"Point","coordinates":[-1.5616,43.4733]}},{"type":"Feature","properties":{"layer":"place","name":"Aix-en-Provence","pop":146821,"rank":8},"geometry":{"type":"Point","coordinates":[5.45,43.52]}},{"type":"Feature","properties":{"layer":"place","name":"Perpignan","pop":146620,"rank":8},"geometry":{"type":"Point","coordinates":[2.9,42.7]}},{"type":"Feature","properties":{"layer":"place","name":"Tarbes","pop":54854,"rank":8},"geometry":{"type":"Point","coordinates":[0.0833,43.2333]}},{"type":"Feature","properties":{"layer":"place","name":"Clermont-Ferrand","pop":233050,"rank":8},"geometry":{"type":"Point","coordinates":[3.08,45.78]}},{"type":"Feature","properties":{"layer":"place","name":"Melun","pop":249432,"rank":8},"geometry":{"type":"Point","coordinates":[2.6666,48.5333]}},{"type":"Feature","properties":{"layer":"place","name":"Arras","pop":64165,"rank":8},"geometry":{"type":"Point","coordinates":[2.7833,50.2833]}},{"type":"Feature","properties":{"layer":"place","name":"Besançon","pop":128426,"rank":8},"geometry":{"type":"Point","coordinates":[6.03,47.23]}},{"type":"Feature","properties":{"layer":"place","name":"Saint-Étienne","pop":265684,"rank":7},"geometry":{"type":"Point","coordinates":[4.38,45.4304]}},{"type":"Feature","properties":{"layer":"place","name":"Grenoble","pop":388574,"rank":7},"geometry":{"type":"Point","coordinates":[5.72,45.1804]}},{"type":"Feature","properties":{"layer":"place","name":"Cherbourg","pop":60991,"rank":7},"geometry":{"type":"Point","coordinates":[-1.65,49.6504]}},{"type":"Feature","properties":{"layer":"place","name":"Caen","pop":190099,"rank":7},"geometry":{"type":"Point","coordinates":[-0.35,49.1838]}},{"type":"Feature","properties":{"layer":"place","name":"Lorient","pop":84952,"rank":7},"geometry":{"type":"Point","coordinates":[-3.3666,47.7504]}},{"type":"Feature","properties":{"layer":"place","name":"Brest","pop":144899,"rank":7},"geometry":{"type":"Point","coordinates":[-4.495,48.3904]}},{"type":"Feature","properties":{"layer":"place","name":"Le Mans","pop":144515,"rank":7},"geometry":{"type":"Point","coordinates":[0.2026,48.0044]}},{"type":"Feature","properties":{"layer":"place","name":"Nantes","pop":438537,"rank":7},"geometry":{"type":"Point","coordinates":[-1.59,47.2104]}},{"type":"Feature","properties":{"layer":"place","name":"Agen","pop":58223,"rank":7},"geometry":{"type":"Point","coordinates":[0.6333,44.2004]}},{"type":"Feature","properties":{"layer":"place","name":"Ajaccio","pop":54364,"rank":7},"geometry":{"type":"Point","coordinates":[8.7283,41.9271]}},{"type":"Feature","properties":{"layer":"place","name":"Bastia","pop":41001,"rank":7},"geometry":{"type":"Point","coordinates":[9.45,42.7032]}},{"type":"Feature","properties":{"layer":"place","name":"Toulon","pop":357693,"rank":7},"geometry":{"type":"Point","coordinates":[5.9188,43.1342]}},{"type":"Feature","properties":{"layer":"place","name":"Béziers","pop":81438,"rank":7},"geometry":{"type":"Point","coordinates":[3.21,43.3505]}},{"type":"Feature","properties":{"layer":"place","name":"Montpellier","pop":327254,"rank":7},"geometry":{"type":"Point","coordinates":[3.87,43.6104]}},{"type":"Feature","properties":{"layer":"place","name":"Nîmes","pop":169547,"rank":7},"geometry":{"type":"Point","coordinates":[4.35,43.8304]}},{"type":"Feature","properties":{"layer":"place","name":"Vichy","pop":43158,"rank":7},"geometry":{"type":"Point","coordinates":[3.4167,46.1171]}},{"type":"Feature","properties":{"layer":"place","name":"Nevers","pop":45929,"rank":7},"geometry":{"type":"Point","coordinates":[3.1667,46.9837]}},{"type":"Feature","properties":{"layer":"place","name":"Auxerre","pop":41516,"rank":7},"geometry":{"type":"Point","coordinates":[3.5666,47.8004]}},{"type":"Feature","properties":{"layer":"place","name":"Dijon","pop":169946,"rank":7},"geometry":{"type":"Point","coordinates":[5.03,47.3304]}},{"type":"Feature","properties":{"layer":"place","name":"Bourges","pop":72340,"rank":7},"geometry":{"type":"Point","coordinates":[2.4,47.0837]}},{"type":"Feature","properties":{"layer":"place","name":"Tours","pop":236096,"rank":7},"geometry":{"type":"Point","coordinates":[0.6999,47.3804]}},{"type":"Feature","properties":{"layer":"place","name":"Orléans","pop":217301,"rank":7},"geometry":{"type":"Point","coordinates":[1.9,47.9004]}},{"type":"Feature","properties":{"layer":"place","name":"Dieppe","pop":42461,"rank":7},"geometry":{"type":"Point","coordinates":[1.0833,49.9337]}},{"type":"Feature","properties":{"layer":"place","name":"Rouen","pop":532559,"rank":7},"geometry":{"type":"Point","coordinates":[1.08,49.4304]}},{"type":"Feature","properties":{"layer":"place","name":"Versailles","pop":85416,"rank":7},"geometry":{"type":"Point","coordinates":[2.1333,48.8005]}},{"type":"Feature","properties":{"layer":"place","name":"Brive","pop":55448,"rank":7},"geometry":{"type":"Point","coordinates":[1.5333,45.1504]}},{"type":"Feature","properties":{"layer":"place","name":"Troyes","pop":61703,"rank":7},"geometry":{"type":"Point","coordinates":[4.0834,48.3404]}},{"type":"Feature","properties":{"layer":"place","name":"Reims","pop":196565,"rank":7},"geometry":{"type":"Point","coordinates":[4.03,49.2504]}},{"type":"Feature","properties":{"layer":"place","name":"Calais","pop":92201,"rank":7},"geometry":{"type":"Point","coordinates":[1.8333,50.9504]}},{"type":"Feature","properties":{"layer":"place","name":"Amiens","pop":143086,"rank":7},"geometry":{"type":"Point","coordinates":[2.3,49.9004]}},{"type":"Feature","properties":{"layer":"place","name":"Mulhouse","pop":215454,"rank":7},"geometry":{"type":"Point","coordinates":[7.35,47.7504]}},{"type":"Feature","properties":{"layer":"place","name":"Nancy","pop":268976,"rank":7},"geometry":{"type":"Point","coordinates":[6.2,48.6837]}},{"type":"Feature","properties":{"layer":"place","name":"Metz","pop":409186,"rank":7},"geometry":{"type":"Point","coordinates":[6.18,49.1203]}},{"type":"Feature","properties":{"layer":"place","name":"Rennes","pop":209375,"rank":6},"geometry":{"type":"Point","coordinates":[-1.67,48.1]}},{"type":"Feature","properties":{"layer":"place","name":"Nice","pop":927000,"rank":6},"geometry":{"type":"Point","coordinates":[7.2631,43.717]}},{"type":"Feature","properties":{"layer":"place","name":"Toulouse","pop":847000,"rank":6},"geometry":{"type":"Point","coordinates":[1.448,43.6219]}},{"type":"Feature","properties":{"layer":"place","name":"Limoges","pop":152199,"rank":6},"geometry":{"type":"Point","coordinates":[1.25,45.83]}},{"type":"Feature","properties":{"layer":"place","name":"Lille","pop":1044000,"rank":6},"geometry":{"type":"Point","coordinates":[3.0781,50.6519]}},{"type":"Feature","properties":{"layer":"place","name":"Strasbourg","pop":439972,"rank":6},"geometry":{"type":"Point","coordinates":[7.75,48.58]}},{"type":"Feature","properties":{"layer":"place","name":"La Rochelle","pop":76997,"rank":6},"geometry":{"type":"Point","coordinates":[-1.15,46.1667]}},{"type":"Feature","properties":{"layer":"place","name":"Bordeaux","pop":803000,"rank":4},"geometry":{"type":"Point","coordinates":[-0.597,44.852]}},{"type":"Feature","properties":{"layer":"place","name":"Marseille","pop":1400000,"rank":4},"geometry":{"type":"Point","coordinates":[5.3731,43.2919]}},{"type":"Feature","properties":{"layer":"place","name":"Le Havre","pop":242124,"rank":4},"geometry":{"type":"Point","coordinates":[0.105,49.505]}},{"type":"Feature","properties":{"layer":"place","name":"Lyon","pop":1423000,"rank":3},"geometry":{"type":"Point","coordinates":[4.8281,45.772]}},{"type":"Feature","properties":{"layer":"place","name":"Paris","pop":9904000,"rank":0},"geometry":{"type":"Point","coordinates":[2.353,48.8581]}}]}